term_id,L,S,J,Jʹ,K,Q,Jʹʹ,Jʹʹʹ,Kʹ,Qʹ,coefficient
2s3_L=0.0_S=1.0,0,1,1.0,1.0,0.0,-0.0,1.0,1.0,1.0,0.0,-0.0
2s3_L=0.0_S=1.0,0,1,1.0,1.0,1.0,-1.0,1.0,1.0,1.0,-1.0,-1.9999999999999996
2s3_L=0.0_S=1.0,0,1,1.0,1.0,1.0,-1.0,1.0,1.0,2.0,-1.0,0.0
2s3_L=0.0_S=1.0,0,1,1.0,1.0,1.0,0.0,1.0,1.0,0.0,-0.0,-0.0
2s3_L=0.0_S=1.0,0,1,1.0,1.0,1.0,0.0,1.0,1.0,1.0,0.0,0.0
2s3_L=0.0_S=1.0,0,1,1.0,1.0,1.0,0.0,1.0,1.0,2.0,0.0,0.0
2s3_L=0.0_S=1.0,0,1,1.0,1.0,1.0,1.0,1.0,1.0,1.0,1.0,1.9999999999999996
2s3_L=0.0_S=1.0,0,1,1.0,1.0,1.0,1.0,1.0,1.0,2.0,1.0,0.0
2s3_L=0.0_S=1.0,0,1,1.0,1.0,2.0,-2.0,1.0,1.0,2.0,-2.0,-3.9999999999999996
2s3_L=0.0_S=1.0,0,1,1.0,1.0,2.0,-1.0,1.0,1.0,1.0,-1.0,0.0
2s3_L=0.0_S=1.0,0,1,1.0,1.0,2.0,-1.0,1.0,1.0,2.0,-1.0,-2.0
2s3_L=0.0_S=1.0,0,1,1.0,1.0,2.0,0.0,1.0,1.0,1.0,0.0,0.0
2s3_L=0.0_S=1.0,0,1,1.0,1.0,2.0,0.0,1.0,1.0,2.0,0.0,-0.0
2s3_L=0.0_S=1.0,0,1,1.0,1.0,2.0,1.0,1.0,1.0,1.0,1.0,0.0
2s3_L=0.0_S=1.0,0,1,1.0,1.0,2.0,1.0,1.0,1.0,2.0,1.0,2.0
2s3_L=0.0_S=1.0,0,1,1.0,1.0,2.0,2.0,1.0,1.0,2.0,2.0,3.9999999999999996
3s3_L=0.0_S=1.0,0,1,1.0,1.0,0.0,-0.0,1.0,1.0,1.0,0.0,-0.0
3s3_L=0.0_S=1.0,0,1,1.0,1.0,1.0,-1.0,1.0,1.0,1.0,-1.0,-1.9999999999999996
3s3_L=0.0_S=1.0,0,1,1.0,1.0,1.0,-1.0,1.0,1.0,2.0,-1.0,0.0
3s3_L=0.0_S=1.0,0,1,1.0,1.0,1.0,0.0,1.0,1.0,0.0,-0.0,-0.0
3s3_L=0.0_S=1.0,0,1,1.0,1.0,1.0,0.0,1.0,1.0,1.0,0.0,0.0
3s3_L=0.0_S=1.0,0,1,1.0,1.0,1.0,0.0,1.0,1.0,2.0,0.0,0.0
3s3_L=0.0_S=1.0,0,1,1.0,1.0,1.0,1.0,1.0,1.0,1.0,1.0,1.9999999999999996
3s3_L=0.0_S=1.0,0,1,1.0,1.0,1.0,1.0,1.0,1.0,2.0,1.0,0.0
3s3_L=0.0_S=1.0,0,1,1.0,1.0,2.0,-2.0,1.0,1.0,2.0,-2.0,-3.9999999999999996
3s3_L=0.0_S=1.0,0,1,1.0,1.0,2.0,-1.0,1.0,1.0,1.0,-1.0,0.0
3s3_L=0.0_S=1.0,0,1,1.0,1.0,2.0,-1.0,1.0,1.0,2.0,-1.0,-2.0
3s3_L=0.0_S=1.0,0,1,1.0,1.0,2.0,0.0,1.0,1.0,1.0,0.0,0.0
3s3_L=0.0_S=1.0,0,1,1.0,1.0,2.0,0.0,1.0,1.0,2.0,0.0,-0.0
3s3_L=0.0_S=1.0,0,1,1.0,1.0,2.0,1.0,1.0,1.0,1.0,1.0,0.0
3s3_L=0.0_S=1.0,0,1,1.0,1.0,2.0,1.0,1.0,1.0,2.0,1.0,2.0
3s3_L=0.0_S=1.0,0,1,1.0,1.0,2.0,2.0,1.0,1.0,2.0,2.0,3.9999999999999996
2p3_L=1.0_S=1.0,1,1,0.0,0.0,0.0,-0.0,0.0,1.0,1.0,0.0,-0.8164965809277258
2p3_L=1.0_S=1.0,1,1,0.0,0.0,0.0,-0.0,1.0,0.0,1.0,0.0,-0.8164965809277258
2p3_L=1.0_S=1.0,1,1,0.0,0.0,0.0,-0.0,1.0,1.0,1.0,0.0,-0.0
2p3_L=1.0_S=1.0,1,1,0.0,0.0,0.0,-0.0,1.0,2.0,1.0,0.0,-0.0
2p3_L=1.0_S=1.0,1,1,0.0,0.0,0.0,-0.0,2.0,1.0,1.0,0.0,-0.0
2p3_L=1.0_S=1.0,1,1,0.0,0.0,0.0,-0.0,2.0,2.0,1.0,0.0,-0.0
2p3_L=1.0_S=1.0,1,1,0.0,1.0,1.0,-1.0,0.0,1.0,1.0,-1.0,-1.4999999999999998
2p3_L=1.0_S=1.0,1,1,0.0,1.0,1.0,-1.0,0.0,2.0,2.0,-1.0,-0.5
2p3_L=1.0_S=1.0,1,1,0.0,1.0,1.0,-1.0,1.0,0.0,1.0,-1.0,0.0
2p3_L=1.0_S=1.0,1,1,0.0,1.0,1.0,-1.0,1.0,1.0,1.0,-1.0,-0.5773502691896256
2p3_L=1.0_S=1.0,1,1,0.0,1.0,1.0,-1.0,1.0,1.0,2.0,-1.0,-0.5773502691896257
2p3_L=1.0_S=1.0,1,1,0.0,1.0,1.0,-1.0,1.0,2.0,1.0,-1.0,-0.0
2p3_L=1.0_S=1.0,1,1,0.0,1.0,1.0,-1.0,1.0,2.0,2.0,-1.0,-0.0
2p3_L=1.0_S=1.0,1,1,0.0,1.0,1.0,-1.0,2.0,0.0,2.0,-1.0,-0.0
2p3_L=1.0_S=1.0,1,1,0.0,1.0,1.0,-1.0,2.0,1.0,1.0,-1.0,0.0
2p3_L=1.0_S=1.0,1,1,0.0,1.0,1.0,-1.0,2.0,1.0,2.0,-1.0,-0.0
2p3_L=1.0_S=1.0,1,1,0.0,1.0,1.0,-1.0,2.0,2.0,1.0,-1.0,0.0
2p3_L=1.0_S=1.0,1,1,0.0,1.0,1.0,-1.0,2.0,2.0,2.0,-1.0,-0.0
2p3_L=1.0_S=1.0,1,1,0.0,1.0,1.0,0.0,0.0,0.0,0.0,-0.0,-0.8164965809277258
2p3_L=1.0_S=1.0,1,1,0.0,1.0,1.0,0.0,0.0,1.0,1.0,0.0,0.0
2p3_L=1.0_S=1.0,1,1,0.0,1.0,1.0,0.0,0.0,2.0,2.0,0.0,-0.5773502691896256
2p3_L=1.0_S=1.0,1,1,0.0,1.0,1.0,0.0,1.0,0.0,1.0,0.0,-0.0
2p3_L=1.0_S=1.0,1,1,0.0,1.0,1.0,0.0,1.0,1.0,0.0,-0.0,0.47140452079103157
2p3_L=1.0_S=1.0,1,1,0.0,1.0,1.0,0.0,1.0,1.0,1.0,0.0,0.0
2p3_L=1.0_S=1.0,1,1,0.0,1.0,1.0,0.0,1.0,1.0,2.0,0.0,-0.6666666666666665
2p3_L=1.0_S=1.0,1,1,0.0,1.0,1.0,0.0,1.0,2.0,1.0,0.0,0.0
2p3_L=1.0_S=1.0,1,1,0.0,1.0,1.0,0.0,1.0,2.0,2.0,0.0,-0.0
2p3_L=1.0_S=1.0,1,1,0.0,1.0,1.0,0.0,2.0,0.0,2.0,0.0,-0.0
2p3_L=1.0_S=1.0,1,1,0.0,1.0,1.0,0.0,2.0,1.0,1.0,0.0,-0.0
2p3_L=1.0_S=1.0,1,1,0.0,1.0,1.0,0.0,2.0,1.0,2.0,0.0,-0.0
2p3_L=1.0_S=1.0,1,1,0.0,1.0,1.0,0.0,2.0,2.0,0.0,-0.0,0.0
2p3_L=1.0_S=1.0,1,1,0.0,1.0,1.0,0.0,2.0,2.0,1.0,0.0,-0.0
2p3_L=1.0_S=1.0,1,1,0.0,1.0,1.0,0.0,2.0,2.0,2.0,0.0,-0.0
2p3_L=1.0_S=1.0,1,1,0.0,1.0,1.0,1.0,0.0,1.0,1.0,1.0,1.4999999999999998
2p3_L=1.0_S=1.0,1,1,0.0,1.0,1.0,1.0,0.0,2.0,2.0,1.0,-0.5
2p3_L=1.0_S=1.0,1,1,0.0,1.0,1.0,1.0,1.0,0.0,1.0,1.0,-0.0
2p3_L=1.0_S=1.0,1,1,0.0,1.0,1.0,1.0,1.0,1.0,1.0,1.0,0.5773502691896256
2p3_L=1.0_S=1.0,1,1,0.0,1.0,1.0,1.0,1.0,1.0,2.0,1.0,-0.5773502691896257
2p3_L=1.0_S=1.0,1,1,0.0,1.0,1.0,1.0,1.0,2.0,1.0,1.0,0.0
2p3_L=1.0_S=1.0,1,1,0.0,1.0,1.0,1.0,1.0,2.0,2.0,1.0,-0.0
2p3_L=1.0_S=1.0,1,1,0.0,1.0,1.0,1.0,2.0,0.0,2.0,1.0,-0.0
2p3_L=1.0_S=1.0,1,1,0.0,1.0,1.0,1.0,2.0,1.0,1.0,1.0,-0.0
2p3_L=1.0_S=1.0,1,1,0.0,1.0,1.0,1.0,2.0,1.0,2.0,1.0,-0.0
2p3_L=1.0_S=1.0,1,1,0.0,1.0,1.0,1.0,2.0,2.0,1.0,1.0,-0.0
2p3_L=1.0_S=1.0,1,1,0.0,1.0,1.0,1.0,2.0,2.0,2.0,1.0,-0.0
2p3_L=1.0_S=1.0,1,1,0.0,2.0,2.0,-2.0,0.0,2.0,2.0,-2.0,-3.0
2p3_L=1.0_S=1.0,1,1,0.0,2.0,2.0,-2.0,1.0,1.0,2.0,-2.0,0.0
2p3_L=1.0_S=1.0,1,1,0.0,2.0,2.0,-2.0,1.0,2.0,2.0,-2.0,-0.6666666666666665
2p3_L=1.0_S=1.0,1,1,0.0,2.0,2.0,-2.0,1.0,2.0,3.0,-2.0,-0.47140452079103173
2p3_L=1.0_S=1.0,1,1,0.0,2.0,2.0,-2.0,2.0,0.0,2.0,-2.0,0.0
2p3_L=1.0_S=1.0,1,1,0.0,2.0,2.0,-2.0,2.0,1.0,2.0,-2.0,0.0
2p3_L=1.0_S=1.0,1,1,0.0,2.0,2.0,-2.0,2.0,1.0,3.0,-2.0,-0.0
2p3_L=1.0_S=1.0,1,1,0.0,2.0,2.0,-2.0,2.0,2.0,2.0,-2.0,0.0
2p3_L=1.0_S=1.0,1,1,0.0,2.0,2.0,-2.0,2.0,2.0,3.0,-2.0,-0.0
2p3_L=1.0_S=1.0,1,1,0.0,2.0,2.0,-1.0,0.0,1.0,1.0,-1.0,-0.5
2p3_L=1.0_S=1.0,1,1,0.0,2.0,2.0,-1.0,0.0,2.0,2.0,-1.0,-1.5000000000000002
2p3_L=1.0_S=1.0,1,1,0.0,2.0,2.0,-1.0,1.0,0.0,1.0,-1.0,0.0
2p3_L=1.0_S=1.0,1,1,0.0,2.0,2.0,-1.0,1.0,1.0,1.0,-1.0,0.0
2p3_L=1.0_S=1.0,1,1,0.0,2.0,2.0,-1.0,1.0,1.0,2.0,-1.0,0.0
2p3_L=1.0_S=1.0,1,1,0.0,2.0,2.0,-1.0,1.0,2.0,1.0,-1.0,0.44721359549995787
2p3_L=1.0_S=1.0,1,1,0.0,2.0,2.0,-1.0,1.0,2.0,2.0,-1.0,-0.33333333333333326
2p3_L=1.0_S=1.0,1,1,0.0,2.0,2.0,-1.0,1.0,2.0,3.0,-1.0,-0.5962847939999439
2p3_L=1.0_S=1.0,1,1,0.0,2.0,2.0,-1.0,2.0,0.0,2.0,-1.0,0.0
2p3_L=1.0_S=1.0,1,1,0.0,2.0,2.0,-1.0,2.0,1.0,1.0,-1.0,0.0
2p3_L=1.0_S=1.0,1,1,0.0,2.0,2.0,-1.0,2.0,1.0,2.0,-1.0,0.0
2p3_L=1.0_S=1.0,1,1,0.0,2.0,2.0,-1.0,2.0,1.0,3.0,-1.0,-0.0
2p3_L=1.0_S=1.0,1,1,0.0,2.0,2.0,-1.0,2.0,2.0,1.0,-1.0,0.0
2p3_L=1.0_S=1.0,1,1,0.0,2.0,2.0,-1.0,2.0,2.0,2.0,-1.0,0.0
2p3_L=1.0_S=1.0,1,1,0.0,2.0,2.0,-1.0,2.0,2.0,3.0,-1.0,-0.0
2p3_L=1.0_S=1.0,1,1,0.0,2.0,2.0,0.0,0.0,1.0,1.0,0.0,-0.5773502691896256
2p3_L=1.0_S=1.0,1,1,0.0,2.0,2.0,0.0,0.0,2.0,2.0,0.0,-0.0
2p3_L=1.0_S=1.0,1,1,0.0,2.0,2.0,0.0,1.0,0.0,1.0,0.0,0.0
2p3_L=1.0_S=1.0,1,1,0.0,2.0,2.0,0.0,1.0,1.0,1.0,0.0,0.0
2p3_L=1.0_S=1.0,1,1,0.0,2.0,2.0,0.0,1.0,1.0,2.0,0.0,0.0
2p3_L=1.0_S=1.0,1,1,0.0,2.0,2.0,0.0,1.0,2.0,1.0,0.0,0.5163977794943221
2p3_L=1.0_S=1.0,1,1,0.0,2.0,2.0,0.0,1.0,2.0,2.0,0.0,-0.0
2p3_L=1.0_S=1.0,1,1,0.0,2.0,2.0,0.0,1.0,2.0,3.0,0.0,-0.632455532033676
2p3_L=1.0_S=1.0,1,1,0.0,2.0,2.0,0.0,2.0,0.0,2.0,0.0,0.0
2p3_L=1.0_S=1.0,1,1,0.0,2.0,2.0,0.0,2.0,1.0,1.0,0.0,0.0
2p3_L=1.0_S=1.0,1,1,0.0,2.0,2.0,0.0,2.0,1.0,2.0,0.0,0.0
2p3_L=1.0_S=1.0,1,1,0.0,2.0,2.0,0.0,2.0,1.0,3.0,0.0,-0.0
2p3_L=1.0_S=1.0,1,1,0.0,2.0,2.0,0.0,2.0,2.0,1.0,0.0,0.0
2p3_L=1.0_S=1.0,1,1,0.0,2.0,2.0,0.0,2.0,2.0,2.0,0.0,0.0
2p3_L=1.0_S=1.0,1,1,0.0,2.0,2.0,0.0,2.0,2.0,3.0,0.0,-0.0
2p3_L=1.0_S=1.0,1,1,0.0,2.0,2.0,1.0,0.0,1.0,1.0,1.0,-0.5
2p3_L=1.0_S=1.0,1,1,0.0,2.0,2.0,1.0,0.0,2.0,2.0,1.0,1.5000000000000002
2p3_L=1.0_S=1.0,1,1,0.0,2.0,2.0,1.0,1.0,0.0,1.0,1.0,0.0
2p3_L=1.0_S=1.0,1,1,0.0,2.0,2.0,1.0,1.0,1.0,1.0,1.0,0.0
2p3_L=1.0_S=1.0,1,1,0.0,2.0,2.0,1.0,1.0,1.0,2.0,1.0,-0.0
2p3_L=1.0_S=1.0,1,1,0.0,2.0,2.0,1.0,1.0,2.0,1.0,1.0,0.44721359549995787
2p3_L=1.0_S=1.0,1,1,0.0,2.0,2.0,1.0,1.0,2.0,2.0,1.0,0.33333333333333326
2p3_L=1.0_S=1.0,1,1,0.0,2.0,2.0,1.0,1.0,2.0,3.0,1.0,-0.5962847939999439
2p3_L=1.0_S=1.0,1,1,0.0,2.0,2.0,1.0,2.0,0.0,2.0,1.0,-0.0
2p3_L=1.0_S=1.0,1,1,0.0,2.0,2.0,1.0,2.0,1.0,1.0,1.0,0.0
2p3_L=1.0_S=1.0,1,1,0.0,2.0,2.0,1.0,2.0,1.0,2.0,1.0,-0.0
2p3_L=1.0_S=1.0,1,1,0.0,2.0,2.0,1.0,2.0,1.0,3.0,1.0,-0.0
2p3_L=1.0_S=1.0,1,1,0.0,2.0,2.0,1.0,2.0,2.0,1.0,1.0,0.0
2p3_L=1.0_S=1.0,1,1,0.0,2.0,2.0,1.0,2.0,2.0,2.0,1.0,-0.0
2p3_L=1.0_S=1.0,1,1,0.0,2.0,2.0,1.0,2.0,2.0,3.0,1.0,-0.0
2p3_L=1.0_S=1.0,1,1,0.0,2.0,2.0,2.0,0.0,2.0,2.0,2.0,3.0
2p3_L=1.0_S=1.0,1,1,0.0,2.0,2.0,2.0,1.0,1.0,2.0,2.0,-0.0
2p3_L=1.0_S=1.0,1,1,0.0,2.0,2.0,2.0,1.0,2.0,2.0,2.0,0.6666666666666665
2p3_L=1.0_S=1.0,1,1,0.0,2.0,2.0,2.0,1.0,2.0,3.0,2.0,-0.47140452079103173
2p3_L=1.0_S=1.0,1,1,0.0,2.0,2.0,2.0,2.0,0.0,2.0,2.0,-0.0
2p3_L=1.0_S=1.0,1,1,0.0,2.0,2.0,2.0,2.0,1.0,2.0,2.0,-0.0
2p3_L=1.0_S=1.0,1,1,0.0,2.0,2.0,2.0,2.0,1.0,3.0,2.0,-0.0
2p3_L=1.0_S=1.0,1,1,0.0,2.0,2.0,2.0,2.0,2.0,2.0,2.0,-0.0
2p3_L=1.0_S=1.0,1,1,0.0,2.0,2.0,2.0,2.0,2.0,3.0,2.0,-0.0
2p3_L=1.0_S=1.0,1,1,1.0,0.0,1.0,-1.0,0.0,1.0,1.0,-1.0,0.0
2p3_L=1.0_S=1.0,1,1,1.0,0.0,1.0,-1.0,0.0,2.0,2.0,-1.0,0.0
2p3_L=1.0_S=1.0,1,1,1.0,0.0,1.0,-1.0,1.0,0.0,1.0,-1.0,-1.4999999999999998
2p3_L=1.0_S=1.0,1,1,1.0,0.0,1.0,-1.0,1.0,1.0,1.0,-1.0,0.5773502691896256
2p3_L=1.0_S=1.0,1,1,1.0,0.0,1.0,-1.0,1.0,1.0,2.0,-1.0,-0.5773502691896257
2p3_L=1.0_S=1.0,1,1,1.0,0.0,1.0,-1.0,1.0,2.0,1.0,-1.0,0.0
2p3_L=1.0_S=1.0,1,1,1.0,0.0,1.0,-1.0,1.0,2.0,2.0,-1.0,-0.0
2p3_L=1.0_S=1.0,1,1,1.0,0.0,1.0,-1.0,2.0,0.0,2.0,-1.0,-0.5
2p3_L=1.0_S=1.0,1,1,1.0,0.0,1.0,-1.0,2.0,1.0,1.0,-1.0,0.0
2p3_L=1.0_S=1.0,1,1,1.0,0.0,1.0,-1.0,2.0,1.0,2.0,-1.0,-0.0
2p3_L=1.0_S=1.0,1,1,1.0,0.0,1.0,-1.0,2.0,2.0,1.0,-1.0,0.0
2p3_L=1.0_S=1.0,1,1,1.0,0.0,1.0,-1.0,2.0,2.0,2.0,-1.0,-0.0
2p3_L=1.0_S=1.0,1,1,1.0,0.0,1.0,0.0,0.0,0.0,0.0,-0.0,-0.8164965809277258
2p3_L=1.0_S=1.0,1,1,1.0,0.0,1.0,0.0,0.0,1.0,1.0,0.0,-0.0
2p3_L=1.0_S=1.0,1,1,1.0,0.0,1.0,0.0,0.0,2.0,2.0,0.0,0.0
2p3_L=1.0_S=1.0,1,1,1.0,0.0,1.0,0.0,1.0,0.0,1.0,0.0,0.0
2p3_L=1.0_S=1.0,1,1,1.0,0.0,1.0,0.0,1.0,1.0,0.0,-0.0,0.47140452079103157
2p3_L=1.0_S=1.0,1,1,1.0,0.0,1.0,0.0,1.0,1.0,1.0,0.0,-0.0
2p3_L=1.0_S=1.0,1,1,1.0,0.0,1.0,0.0,1.0,1.0,2.0,0.0,-0.6666666666666665
2p3_L=1.0_S=1.0,1,1,1.0,0.0,1.0,0.0,1.0,2.0,1.0,0.0,-0.0
2p3_L=1.0_S=1.0,1,1,1.0,0.0,1.0,0.0,1.0,2.0,2.0,0.0,-0.0
2p3_L=1.0_S=1.0,1,1,1.0,0.0,1.0,0.0,2.0,0.0,2.0,0.0,-0.5773502691896256
2p3_L=1.0_S=1.0,1,1,1.0,0.0,1.0,0.0,2.0,1.0,1.0,0.0,-0.0
2p3_L=1.0_S=1.0,1,1,1.0,0.0,1.0,0.0,2.0,1.0,2.0,0.0,-0.0
2p3_L=1.0_S=1.0,1,1,1.0,0.0,1.0,0.0,2.0,2.0,0.0,-0.0,0.0
2p3_L=1.0_S=1.0,1,1,1.0,0.0,1.0,0.0,2.0,2.0,1.0,0.0,-0.0
2p3_L=1.0_S=1.0,1,1,1.0,0.0,1.0,0.0,2.0,2.0,2.0,0.0,-0.0
2p3_L=1.0_S=1.0,1,1,1.0,0.0,1.0,1.0,0.0,1.0,1.0,1.0,-0.0
2p3_L=1.0_S=1.0,1,1,1.0,0.0,1.0,1.0,0.0,2.0,2.0,1.0,0.0
2p3_L=1.0_S=1.0,1,1,1.0,0.0,1.0,1.0,1.0,0.0,1.0,1.0,1.4999999999999998
2p3_L=1.0_S=1.0,1,1,1.0,0.0,1.0,1.0,1.0,1.0,1.0,1.0,-0.5773502691896256
2p3_L=1.0_S=1.0,1,1,1.0,0.0,1.0,1.0,1.0,1.0,2.0,1.0,-0.5773502691896257
2p3_L=1.0_S=1.0,1,1,1.0,0.0,1.0,1.0,1.0,2.0,1.0,1.0,-0.0
2p3_L=1.0_S=1.0,1,1,1.0,0.0,1.0,1.0,1.0,2.0,2.0,1.0,-0.0
2p3_L=1.0_S=1.0,1,1,1.0,0.0,1.0,1.0,2.0,0.0,2.0,1.0,-0.5
2p3_L=1.0_S=1.0,1,1,1.0,0.0,1.0,1.0,2.0,1.0,1.0,1.0,-0.0
2p3_L=1.0_S=1.0,1,1,1.0,0.0,1.0,1.0,2.0,1.0,2.0,1.0,-0.0
2p3_L=1.0_S=1.0,1,1,1.0,0.0,1.0,1.0,2.0,2.0,1.0,1.0,-0.0
2p3_L=1.0_S=1.0,1,1,1.0,0.0,1.0,1.0,2.0,2.0,2.0,1.0,-0.0
2p3_L=1.0_S=1.0,1,1,1.0,1.0,0.0,-0.0,0.0,1.0,1.0,0.0,0.47140452079103157
2p3_L=1.0_S=1.0,1,1,1.0,1.0,0.0,-0.0,1.0,0.0,1.0,0.0,0.47140452079103157
2p3_L=1.0_S=1.0,1,1,1.0,1.0,0.0,-0.0,1.0,1.0,1.0,0.0,-0.0
2p3_L=1.0_S=1.0,1,1,1.0,1.0,0.0,-0.0,1.0,2.0,1.0,0.0,-0.5270462766947297
2p3_L=1.0_S=1.0,1,1,1.0,1.0,0.0,-0.0,2.0,1.0,1.0,0.0,-0.5270462766947297
2p3_L=1.0_S=1.0,1,1,1.0,1.0,0.0,-0.0,2.0,2.0,1.0,0.0,-0.0
2p3_L=1.0_S=1.0,1,1,1.0,1.0,1.0,-1.0,0.0,1.0,1.0,-1.0,-0.5773502691896256
2p3_L=1.0_S=1.0,1,1,1.0,1.0,1.0,-1.0,0.0,2.0,2.0,-1.0,-0.0
2p3_L=1.0_S=1.0,1,1,1.0,1.0,1.0,-1.0,1.0,0.0,1.0,-1.0,0.5773502691896256
2p3_L=1.0_S=1.0,1,1,1.0,1.0,1.0,-1.0,1.0,1.0,1.0,-1.0,-1.4999999999999998
2p3_L=1.0_S=1.0,1,1,1.0,1.0,1.0,-1.0,1.0,1.0,2.0,-1.0,0.0
2p3_L=1.0_S=1.0,1,1,1.0,1.0,1.0,-1.0,1.0,2.0,1.0,-1.0,0.32274861218395134
2p3_L=1.0_S=1.0,1,1,1.0,1.0,1.0,-1.0,1.0,2.0,2.0,-1.0,-0.43301270189221924
2p3_L=1.0_S=1.0,1,1,1.0,1.0,1.0,-1.0,2.0,0.0,2.0,-1.0,-0.0
2p3_L=1.0_S=1.0,1,1,1.0,1.0,1.0,-1.0,2.0,1.0,1.0,-1.0,-0.32274861218395134
2p3_L=1.0_S=1.0,1,1,1.0,1.0,1.0,-1.0,2.0,1.0,2.0,-1.0,-0.43301270189221924
2p3_L=1.0_S=1.0,1,1,1.0,1.0,1.0,-1.0,2.0,2.0,1.0,-1.0,-0.0
2p3_L=1.0_S=1.0,1,1,1.0,1.0,1.0,-1.0,2.0,2.0,2.0,-1.0,-0.0
2p3_L=1.0_S=1.0,1,1,1.0,1.0,1.0,0.0,0.0,0.0,0.0,-0.0,0.0
2p3_L=1.0_S=1.0,1,1,1.0,1.0,1.0,0.0,0.0,1.0,1.0,0.0,0.0
2p3_L=1.0_S=1.0,1,1,1.0,1.0,1.0,0.0,0.0,2.0,2.0,0.0,-0.0
2p3_L=1.0_S=1.0,1,1,1.0,1.0,1.0,0.0,1.0,0.0,1.0,0.0,-0.0
2p3_L=1.0_S=1.0,1,1,1.0,1.0,1.0,0.0,1.0,1.0,0.0,-0.0,-0.0
2p3_L=1.0_S=1.0,1,1,1.0,1.0,1.0,0.0,1.0,1.0,1.0,0.0,0.0
2p3_L=1.0_S=1.0,1,1,1.0,1.0,1.0,0.0,1.0,1.0,2.0,0.0,0.0
2p3_L=1.0_S=1.0,1,1,1.0,1.0,1.0,0.0,1.0,2.0,1.0,0.0,-0.0
2p3_L=1.0_S=1.0,1,1,1.0,1.0,1.0,0.0,1.0,2.0,2.0,0.0,-0.49999999999999983
2p3_L=1.0_S=1.0,1,1,1.0,1.0,1.0,0.0,2.0,0.0,2.0,0.0,-0.0
2p3_L=1.0_S=1.0,1,1,1.0,1.0,1.0,0.0,2.0,1.0,1.0,0.0,0.0
2p3_L=1.0_S=1.0,1,1,1.0,1.0,1.0,0.0,2.0,1.0,2.0,0.0,-0.49999999999999983
2p3_L=1.0_S=1.0,1,1,1.0,1.0,1.0,0.0,2.0,2.0,0.0,-0.0,-0.0
2p3_L=1.0_S=1.0,1,1,1.0,1.0,1.0,0.0,2.0,2.0,1.0,0.0,0.0
2p3_L=1.0_S=1.0,1,1,1.0,1.0,1.0,0.0,2.0,2.0,2.0,0.0,-0.0
2p3_L=1.0_S=1.0,1,1,1.0,1.0,1.0,1.0,0.0,1.0,1.0,1.0,0.5773502691896256
2p3_L=1.0_S=1.0,1,1,1.0,1.0,1.0,1.0,0.0,2.0,2.0,1.0,-0.0
2p3_L=1.0_S=1.0,1,1,1.0,1.0,1.0,1.0,1.0,0.0,1.0,1.0,-0.5773502691896256
2p3_L=1.0_S=1.0,1,1,1.0,1.0,1.0,1.0,1.0,1.0,1.0,1.0,1.4999999999999998
2p3_L=1.0_S=1.0,1,1,1.0,1.0,1.0,1.0,1.0,1.0,2.0,1.0,0.0
2p3_L=1.0_S=1.0,1,1,1.0,1.0,1.0,1.0,1.0,2.0,1.0,1.0,-0.32274861218395134
2p3_L=1.0_S=1.0,1,1,1.0,1.0,1.0,1.0,1.0,2.0,2.0,1.0,-0.43301270189221924
2p3_L=1.0_S=1.0,1,1,1.0,1.0,1.0,1.0,2.0,0.0,2.0,1.0,-0.0
2p3_L=1.0_S=1.0,1,1,1.0,1.0,1.0,1.0,2.0,1.0,1.0,1.0,0.32274861218395134
2p3_L=1.0_S=1.0,1,1,1.0,1.0,1.0,1.0,2.0,1.0,2.0,1.0,-0.43301270189221924
2p3_L=1.0_S=1.0,1,1,1.0,1.0,1.0,1.0,2.0,2.0,1.0,1.0,0.0
2p3_L=1.0_S=1.0,1,1,1.0,1.0,1.0,1.0,2.0,2.0,2.0,1.0,-0.0
2p3_L=1.0_S=1.0,1,1,1.0,1.0,2.0,-2.0,0.0,2.0,2.0,-2.0,0.0
2p3_L=1.0_S=1.0,1,1,1.0,1.0,2.0,-2.0,1.0,1.0,2.0,-2.0,-2.9999999999999996
2p3_L=1.0_S=1.0,1,1,1.0,1.0,2.0,-2.0,1.0,2.0,2.0,-2.0,0.28867513459481287
2p3_L=1.0_S=1.0,1,1,1.0,1.0,2.0,-2.0,1.0,2.0,3.0,-2.0,-0.408248290463863
2p3_L=1.0_S=1.0,1,1,1.0,1.0,2.0,-2.0,2.0,0.0,2.0,-2.0,0.0
2p3_L=1.0_S=1.0,1,1,1.0,1.0,2.0,-2.0,2.0,1.0,2.0,-2.0,-0.28867513459481287
2p3_L=1.0_S=1.0,1,1,1.0,1.0,2.0,-2.0,2.0,1.0,3.0,-2.0,-0.408248290463863
2p3_L=1.0_S=1.0,1,1,1.0,1.0,2.0,-2.0,2.0,2.0,2.0,-2.0,0.0
2p3_L=1.0_S=1.0,1,1,1.0,1.0,2.0,-2.0,2.0,2.0,3.0,-2.0,-0.0
2p3_L=1.0_S=1.0,1,1,1.0,1.0,2.0,-1.0,0.0,1.0,1.0,-1.0,-0.5773502691896257
2p3_L=1.0_S=1.0,1,1,1.0,1.0,2.0,-1.0,0.0,2.0,2.0,-1.0,0.0
2p3_L=1.0_S=1.0,1,1,1.0,1.0,2.0,-1.0,1.0,0.0,1.0,-1.0,-0.5773502691896257
2p3_L=1.0_S=1.0,1,1,1.0,1.0,2.0,-1.0,1.0,1.0,1.0,-1.0,0.0
2p3_L=1.0_S=1.0,1,1,1.0,1.0,2.0,-1.0,1.0,1.0,2.0,-1.0,-1.5
2p3_L=1.0_S=1.0,1,1,1.0,1.0,2.0,-1.0,1.0,2.0,1.0,-1.0,0.06454972243679027
2p3_L=1.0_S=1.0,1,1,1.0,1.0,2.0,-1.0,1.0,2.0,2.0,-1.0,0.14433756729740646
2p3_L=1.0_S=1.0,1,1,1.0,1.0,2.0,-1.0,1.0,2.0,3.0,-1.0,-0.5163977794943222
2p3_L=1.0_S=1.0,1,1,1.0,1.0,2.0,-1.0,2.0,0.0,2.0,-1.0,0.0
2p3_L=1.0_S=1.0,1,1,1.0,1.0,2.0,-1.0,2.0,1.0,1.0,-1.0,0.06454972243679027
2p3_L=1.0_S=1.0,1,1,1.0,1.0,2.0,-1.0,2.0,1.0,2.0,-1.0,-0.14433756729740646
2p3_L=1.0_S=1.0,1,1,1.0,1.0,2.0,-1.0,2.0,1.0,3.0,-1.0,-0.5163977794943222
2p3_L=1.0_S=1.0,1,1,1.0,1.0,2.0,-1.0,2.0,2.0,1.0,-1.0,0.0
2p3_L=1.0_S=1.0,1,1,1.0,1.0,2.0,-1.0,2.0,2.0,2.0,-1.0,0.0
2p3_L=1.0_S=1.0,1,1,1.0,1.0,2.0,-1.0,2.0,2.0,3.0,-1.0,-0.0
2p3_L=1.0_S=1.0,1,1,1.0,1.0,2.0,0.0,0.0,1.0,1.0,0.0,-0.6666666666666665
2p3_L=1.0_S=1.0,1,1,1.0,1.0,2.0,0.0,0.0,2.0,2.0,0.0,0.0
2p3_L=1.0_S=1.0,1,1,1.0,1.0,2.0,0.0,1.0,0.0,1.0,0.0,-0.6666666666666665
2p3_L=1.0_S=1.0,1,1,1.0,1.0,2.0,0.0,1.0,1.0,1.0,0.0,0.0
2p3_L=1.0_S=1.0,1,1,1.0,1.0,2.0,0.0,1.0,1.0,2.0,0.0,-0.0
2p3_L=1.0_S=1.0,1,1,1.0,1.0,2.0,0.0,1.0,2.0,1.0,0.0,0.07453559924999298
2p3_L=1.0_S=1.0,1,1,1.0,1.0,2.0,0.0,1.0,2.0,2.0,0.0,0.0
2p3_L=1.0_S=1.0,1,1,1.0,1.0,2.0,0.0,1.0,2.0,3.0,0.0,-0.5477225575051662
2p3_L=1.0_S=1.0,1,1,1.0,1.0,2.0,0.0,2.0,0.0,2.0,0.0,0.0
2p3_L=1.0_S=1.0,1,1,1.0,1.0,2.0,0.0,2.0,1.0,1.0,0.0,0.07453559924999298
2p3_L=1.0_S=1.0,1,1,1.0,1.0,2.0,0.0,2.0,1.0,2.0,0.0,-0.0
2p3_L=1.0_S=1.0,1,1,1.0,1.0,2.0,0.0,2.0,1.0,3.0,0.0,-0.5477225575051662
2p3_L=1.0_S=1.0,1,1,1.0,1.0,2.0,0.0,2.0,2.0,1.0,0.0,0.0
2p3_L=1.0_S=1.0,1,1,1.0,1.0,2.0,0.0,2.0,2.0,2.0,0.0,0.0
2p3_L=1.0_S=1.0,1,1,1.0,1.0,2.0,0.0,2.0,2.0,3.0,0.0,-0.0
2p3_L=1.0_S=1.0,1,1,1.0,1.0,2.0,1.0,0.0,1.0,1.0,1.0,-0.5773502691896257
2p3_L=1.0_S=1.0,1,1,1.0,1.0,2.0,1.0,0.0,2.0,2.0,1.0,-0.0
2p3_L=1.0_S=1.0,1,1,1.0,1.0,2.0,1.0,1.0,0.0,1.0,1.0,-0.5773502691896257
2p3_L=1.0_S=1.0,1,1,1.0,1.0,2.0,1.0,1.0,1.0,1.0,1.0,0.0
2p3_L=1.0_S=1.0,1,1,1.0,1.0,2.0,1.0,1.0,1.0,2.0,1.0,1.5
2p3_L=1.0_S=1.0,1,1,1.0,1.0,2.0,1.0,1.0,2.0,1.0,1.0,0.06454972243679027
2p3_L=1.0_S=1.0,1,1,1.0,1.0,2.0,1.0,1.0,2.0,2.0,1.0,-0.14433756729740646
2p3_L=1.0_S=1.0,1,1,1.0,1.0,2.0,1.0,1.0,2.0,3.0,1.0,-0.5163977794943222
2p3_L=1.0_S=1.0,1,1,1.0,1.0,2.0,1.0,2.0,0.0,2.0,1.0,-0.0
2p3_L=1.0_S=1.0,1,1,1.0,1.0,2.0,1.0,2.0,1.0,1.0,1.0,0.06454972243679027
2p3_L=1.0_S=1.0,1,1,1.0,1.0,2.0,1.0,2.0,1.0,2.0,1.0,0.14433756729740646
2p3_L=1.0_S=1.0,1,1,1.0,1.0,2.0,1.0,2.0,1.0,3.0,1.0,-0.5163977794943222
2p3_L=1.0_S=1.0,1,1,1.0,1.0,2.0,1.0,2.0,2.0,1.0,1.0,0.0
2p3_L=1.0_S=1.0,1,1,1.0,1.0,2.0,1.0,2.0,2.0,2.0,1.0,-0.0
2p3_L=1.0_S=1.0,1,1,1.0,1.0,2.0,1.0,2.0,2.0,3.0,1.0,-0.0
2p3_L=1.0_S=1.0,1,1,1.0,1.0,2.0,2.0,0.0,2.0,2.0,2.0,-0.0
2p3_L=1.0_S=1.0,1,1,1.0,1.0,2.0,2.0,1.0,1.0,2.0,2.0,2.9999999999999996
2p3_L=1.0_S=1.0,1,1,1.0,1.0,2.0,2.0,1.0,2.0,2.0,2.0,-0.28867513459481287
2p3_L=1.0_S=1.0,1,1,1.0,1.0,2.0,2.0,1.0,2.0,3.0,2.0,-0.408248290463863
2p3_L=1.0_S=1.0,1,1,1.0,1.0,2.0,2.0,2.0,0.0,2.0,2.0,-0.0
2p3_L=1.0_S=1.0,1,1,1.0,1.0,2.0,2.0,2.0,1.0,2.0,2.0,0.28867513459481287
2p3_L=1.0_S=1.0,1,1,1.0,1.0,2.0,2.0,2.0,1.0,3.0,2.0,-0.408248290463863
2p3_L=1.0_S=1.0,1,1,1.0,1.0,2.0,2.0,2.0,2.0,2.0,2.0,-0.0
2p3_L=1.0_S=1.0,1,1,1.0,1.0,2.0,2.0,2.0,2.0,3.0,2.0,-0.0
2p3_L=1.0_S=1.0,1,1,1.0,2.0,1.0,-1.0,0.0,1.0,1.0,-1.0,0.0
2p3_L=1.0_S=1.0,1,1,1.0,2.0,1.0,-1.0,0.0,2.0,2.0,-1.0,0.44721359549995787
2p3_L=1.0_S=1.0,1,1,1.0,2.0,1.0,-1.0,1.0,0.0,1.0,-1.0,0.0
2p3_L=1.0_S=1.0,1,1,1.0,2.0,1.0,-1.0,1.0,1.0,1.0,-1.0,0.32274861218395134
2p3_L=1.0_S=1.0,1,1,1.0,2.0,1.0,-1.0,1.0,1.0,2.0,-1.0,0.06454972243679027
2p3_L=1.0_S=1.0,1,1,1.0,2.0,1.0,-1.0,1.0,2.0,1.0,-1.0,-1.4999999999999996
2p3_L=1.0_S=1.0,1,1,1.0,2.0,1.0,-1.0,1.0,2.0,2.0,-1.0,-1.3597399555105185e-16
2p3_L=1.0_S=1.0,1,1,1.0,2.0,1.0,-1.0,2.0,0.0,2.0,-1.0,-0.0
2p3_L=1.0_S=1.0,1,1,1.0,2.0,1.0,-1.0,2.0,1.0,1.0,-1.0,0.0
2p3_L=1.0_S=1.0,1,1,1.0,2.0,1.0,-1.0,2.0,1.0,2.0,-1.0,-0.0
2p3_L=1.0_S=1.0,1,1,1.0,2.0,1.0,-1.0,2.0,2.0,1.0,-1.0,-0.4330127018922192
2p3_L=1.0_S=1.0,1,1,1.0,2.0,1.0,-1.0,2.0,2.0,2.0,-1.0,-0.2958039891549808
2p3_L=1.0_S=1.0,1,1,1.0,2.0,1.0,0.0,0.0,0.0,0.0,-0.0,-0.0
2p3_L=1.0_S=1.0,1,1,1.0,2.0,1.0,0.0,0.0,1.0,1.0,0.0,-0.0
2p3_L=1.0_S=1.0,1,1,1.0,2.0,1.0,0.0,0.0,2.0,2.0,0.0,0.5163977794943221
2p3_L=1.0_S=1.0,1,1,1.0,2.0,1.0,0.0,1.0,0.0,1.0,0.0,-0.0
2p3_L=1.0_S=1.0,1,1,1.0,2.0,1.0,0.0,1.0,1.0,0.0,-0.0,-0.5270462766947297
2p3_L=1.0_S=1.0,1,1,1.0,2.0,1.0,0.0,1.0,1.0,1.0,0.0,-0.0
2p3_L=1.0_S=1.0,1,1,1.0,2.0,1.0,0.0,1.0,1.0,2.0,0.0,0.07453559924999298
2p3_L=1.0_S=1.0,1,1,1.0,2.0,1.0,0.0,1.0,2.0,1.0,0.0,0.0
2p3_L=1.0_S=1.0,1,1,1.0,2.0,1.0,0.0,1.0,2.0,2.0,0.0,-1.570092458683775e-16
2p3_L=1.0_S=1.0,1,1,1.0,2.0,1.0,0.0,2.0,0.0,2.0,0.0,-0.0
2p3_L=1.0_S=1.0,1,1,1.0,2.0,1.0,0.0,2.0,1.0,1.0,0.0,-0.0
2p3_L=1.0_S=1.0,1,1,1.0,2.0,1.0,0.0,2.0,1.0,2.0,0.0,-0.0
2p3_L=1.0_S=1.0,1,1,1.0,2.0,1.0,0.0,2.0,2.0,0.0,-0.0,0.4082482904638629
2p3_L=1.0_S=1.0,1,1,1.0,2.0,1.0,0.0,2.0,2.0,1.0,0.0,0.0
2p3_L=1.0_S=1.0,1,1,1.0,2.0,1.0,0.0,2.0,2.0,2.0,0.0,-0.34156502553198653
2p3_L=1.0_S=1.0,1,1,1.0,2.0,1.0,1.0,0.0,1.0,1.0,1.0,-0.0
2p3_L=1.0_S=1.0,1,1,1.0,2.0,1.0,1.0,0.0,2.0,2.0,1.0,0.44721359549995787
2p3_L=1.0_S=1.0,1,1,1.0,2.0,1.0,1.0,1.0,0.0,1.0,1.0,-0.0
2p3_L=1.0_S=1.0,1,1,1.0,2.0,1.0,1.0,1.0,1.0,1.0,1.0,-0.32274861218395134
2p3_L=1.0_S=1.0,1,1,1.0,2.0,1.0,1.0,1.0,1.0,2.0,1.0,0.06454972243679027
2p3_L=1.0_S=1.0,1,1,1.0,2.0,1.0,1.0,1.0,2.0,1.0,1.0,1.4999999999999996
2p3_L=1.0_S=1.0,1,1,1.0,2.0,1.0,1.0,1.0,2.0,2.0,1.0,-1.3597399555105185e-16
2p3_L=1.0_S=1.0,1,1,1.0,2.0,1.0,1.0,2.0,0.0,2.0,1.0,-0.0
2p3_L=1.0_S=1.0,1,1,1.0,2.0,1.0,1.0,2.0,1.0,1.0,1.0,-0.0
2p3_L=1.0_S=1.0,1,1,1.0,2.0,1.0,1.0,2.0,1.0,2.0,1.0,-0.0
2p3_L=1.0_S=1.0,1,1,1.0,2.0,1.0,1.0,2.0,2.0,1.0,1.0,0.4330127018922192
2p3_L=1.0_S=1.0,1,1,1.0,2.0,1.0,1.0,2.0,2.0,2.0,1.0,-0.2958039891549808
2p3_L=1.0_S=1.0,1,1,1.0,2.0,2.0,-2.0,0.0,2.0,2.0,-2.0,-0.6666666666666665
2p3_L=1.0_S=1.0,1,1,1.0,2.0,2.0,-2.0,1.0,1.0,2.0,-2.0,0.28867513459481287
2p3_L=1.0_S=1.0,1,1,1.0,2.0,2.0,-2.0,1.0,2.0,2.0,-2.0,-2.999999999999999
2p3_L=1.0_S=1.0,1,1,1.0,2.0,2.0,-2.0,1.0,2.0,3.0,-2.0,-1.4332917616497527e-16
2p3_L=1.0_S=1.0,1,1,1.0,2.0,2.0,-2.0,2.0,0.0,2.0,-2.0,-0.0
2p3_L=1.0_S=1.0,1,1,1.0,2.0,2.0,-2.0,2.0,1.0,2.0,-2.0,-0.0
2p3_L=1.0_S=1.0,1,1,1.0,2.0,2.0,-2.0,2.0,1.0,3.0,-2.0,-0.0
2p3_L=1.0_S=1.0,1,1,1.0,2.0,2.0,-2.0,2.0,2.0,2.0,-2.0,-0.4409585518440983
2p3_L=1.0_S=1.0,1,1,1.0,2.0,2.0,-2.0,2.0,2.0,3.0,-2.0,-0.3333333333333333
2p3_L=1.0_S=1.0,1,1,1.0,2.0,2.0,-1.0,0.0,1.0,1.0,-1.0,-0.0
2p3_L=1.0_S=1.0,1,1,1.0,2.0,2.0,-1.0,0.0,2.0,2.0,-1.0,-0.33333333333333326
2p3_L=1.0_S=1.0,1,1,1.0,2.0,2.0,-1.0,1.0,0.0,1.0,-1.0,0.0
2p3_L=1.0_S=1.0,1,1,1.0,2.0,2.0,-1.0,1.0,1.0,1.0,-1.0,-0.4330127018922193
2p3_L=1.0_S=1.0,1,1,1.0,2.0,2.0,-1.0,1.0,1.0,2.0,-1.0,0.14433756729740646
2p3_L=1.0_S=1.0,1,1,1.0,2.0,2.0,-1.0,1.0,2.0,1.0,-1.0,-1.3597399555105185e-16
2p3_L=1.0_S=1.0,1,1,1.0,2.0,2.0,-1.0,1.0,2.0,2.0,-1.0,-1.4999999999999998
2p3_L=1.0_S=1.0,1,1,1.0,2.0,2.0,-1.0,1.0,2.0,3.0,-1.0,-1.8129866073473576e-16
2p3_L=1.0_S=1.0,1,1,1.0,2.0,2.0,-1.0,2.0,0.0,2.0,-1.0,-0.0
2p3_L=1.0_S=1.0,1,1,1.0,2.0,2.0,-1.0,2.0,1.0,1.0,-1.0,-0.0
2p3_L=1.0_S=1.0,1,1,1.0,2.0,2.0,-1.0,2.0,1.0,2.0,-1.0,-0.0
2p3_L=1.0_S=1.0,1,1,1.0,2.0,2.0,-1.0,2.0,1.0,3.0,-1.0,-0.0
2p3_L=1.0_S=1.0,1,1,1.0,2.0,2.0,-1.0,2.0,2.0,1.0,-1.0,0.19364916731037088
2p3_L=1.0_S=1.0,1,1,1.0,2.0,2.0,-1.0,2.0,2.0,2.0,-1.0,-0.2204792759220492
2p3_L=1.0_S=1.0,1,1,1.0,2.0,2.0,-1.0,2.0,2.0,3.0,-1.0,-0.4216370213557838
2p3_L=1.0_S=1.0,1,1,1.0,2.0,2.0,0.0,0.0,1.0,1.0,0.0,-0.0
2p3_L=1.0_S=1.0,1,1,1.0,2.0,2.0,0.0,0.0,2.0,2.0,0.0,-0.0
2p3_L=1.0_S=1.0,1,1,1.0,2.0,2.0,0.0,1.0,0.0,1.0,0.0,0.0
2p3_L=1.0_S=1.0,1,1,1.0,2.0,2.0,0.0,1.0,1.0,1.0,0.0,-0.4999999999999999
2p3_L=1.0_S=1.0,1,1,1.0,2.0,2.0,0.0,1.0,1.0,2.0,0.0,0.0
2p3_L=1.0_S=1.0,1,1,1.0,2.0,2.0,0.0,1.0,2.0,1.0,0.0,-1.570092458683775e-16
2p3_L=1.0_S=1.0,1,1,1.0,2.0,2.0,0.0,1.0,2.0,2.0,0.0,-0.0
2p3_L=1.0_S=1.0,1,1,1.0,2.0,2.0,0.0,1.0,2.0,3.0,0.0,-1.922962686383564e-16
2p3_L=1.0_S=1.0,1,1,1.0,2.0,2.0,0.0,2.0,0.0,2.0,0.0,-0.0
2p3_L=1.0_S=1.0,1,1,1.0,2.0,2.0,0.0,2.0,1.0,1.0,0.0,-0.0
2p3_L=1.0_S=1.0,1,1,1.0,2.0,2.0,0.0,2.0,1.0,2.0,0.0,-0.0
2p3_L=1.0_S=1.0,1,1,1.0,2.0,2.0,0.0,2.0,1.0,3.0,0.0,-0.0
2p3_L=1.0_S=1.0,1,1,1.0,2.0,2.0,0.0,2.0,2.0,1.0,0.0,0.22360679774997896
2p3_L=1.0_S=1.0,1,1,1.0,2.0,2.0,0.0,2.0,2.0,2.0,0.0,-0.0
2p3_L=1.0_S=1.0,1,1,1.0,2.0,2.0,0.0,2.0,2.0,3.0,0.0,-0.4472135954999579
2p3_L=1.0_S=1.0,1,1,1.0,2.0,2.0,1.0,0.0,1.0,1.0,1.0,-0.0
2p3_L=1.0_S=1.0,1,1,1.0,2.0,2.0,1.0,0.0,2.0,2.0,1.0,0.33333333333333326
2p3_L=1.0_S=1.0,1,1,1.0,2.0,2.0,1.0,1.0,0.0,1.0,1.0,0.0
2p3_L=1.0_S=1.0,1,1,1.0,2.0,2.0,1.0,1.0,1.0,1.0,1.0,-0.4330127018922193
2p3_L=1.0_S=1.0,1,1,1.0,2.0,2.0,1.0,1.0,1.0,2.0,1.0,-0.14433756729740646
2p3_L=1.0_S=1.0,1,1,1.0,2.0,2.0,1.0,1.0,2.0,1.0,1.0,-1.3597399555105185e-16
2p3_L=1.0_S=1.0,1,1,1.0,2.0,2.0,1.0,1.0,2.0,2.0,1.0,1.4999999999999998
2p3_L=1.0_S=1.0,1,1,1.0,2.0,2.0,1.0,1.0,2.0,3.0,1.0,-1.8129866073473576e-16
2p3_L=1.0_S=1.0,1,1,1.0,2.0,2.0,1.0,2.0,0.0,2.0,1.0,0.0
2p3_L=1.0_S=1.0,1,1,1.0,2.0,2.0,1.0,2.0,1.0,1.0,1.0,-0.0
2p3_L=1.0_S=1.0,1,1,1.0,2.0,2.0,1.0,2.0,1.0,2.0,1.0,0.0
2p3_L=1.0_S=1.0,1,1,1.0,2.0,2.0,1.0,2.0,1.0,3.0,1.0,-0.0
2p3_L=1.0_S=1.0,1,1,1.0,2.0,2.0,1.0,2.0,2.0,1.0,1.0,0.19364916731037088
2p3_L=1.0_S=1.0,1,1,1.0,2.0,2.0,1.0,2.0,2.0,2.0,1.0,0.2204792759220492
2p3_L=1.0_S=1.0,1,1,1.0,2.0,2.0,1.0,2.0,2.0,3.0,1.0,-0.4216370213557838
2p3_L=1.0_S=1.0,1,1,1.0,2.0,2.0,2.0,0.0,2.0,2.0,2.0,0.6666666666666665
2p3_L=1.0_S=1.0,1,1,1.0,2.0,2.0,2.0,1.0,1.0,2.0,2.0,-0.28867513459481287
2p3_L=1.0_S=1.0,1,1,1.0,2.0,2.0,2.0,1.0,2.0,2.0,2.0,2.999999999999999
2p3_L=1.0_S=1.0,1,1,1.0,2.0,2.0,2.0,1.0,2.0,3.0,2.0,-1.4332917616497527e-16
2p3_L=1.0_S=1.0,1,1,1.0,2.0,2.0,2.0,2.0,0.0,2.0,2.0,0.0
2p3_L=1.0_S=1.0,1,1,1.0,2.0,2.0,2.0,2.0,1.0,2.0,2.0,0.0
2p3_L=1.0_S=1.0,1,1,1.0,2.0,2.0,2.0,2.0,1.0,3.0,2.0,-0.0
2p3_L=1.0_S=1.0,1,1,1.0,2.0,2.0,2.0,2.0,2.0,2.0,2.0,0.4409585518440983
2p3_L=1.0_S=1.0,1,1,1.0,2.0,2.0,2.0,2.0,2.0,3.0,2.0,-0.3333333333333333
2p3_L=1.0_S=1.0,1,1,1.0,2.0,3.0,-3.0,1.0,2.0,3.0,-3.0,-4.500000000000001
2p3_L=1.0_S=1.0,1,1,1.0,2.0,3.0,-3.0,2.0,1.0,3.0,-3.0,0.0
2p3_L=1.0_S=1.0,1,1,1.0,2.0,3.0,-3.0,2.0,2.0,3.0,-3.0,-0.35355339059327373
2p3_L=1.0_S=1.0,1,1,1.0,2.0,3.0,-3.0,2.0,2.0,4.0,-3.0,-0.3535533905932738
2p3_L=1.0_S=1.0,1,1,1.0,2.0,3.0,-2.0,0.0,2.0,2.0,-2.0,-0.47140452079103173
2p3_L=1.0_S=1.0,1,1,1.0,2.0,3.0,-2.0,1.0,1.0,2.0,-2.0,-0.4082482904638631
2p3_L=1.0_S=1.0,1,1,1.0,2.0,3.0,-2.0,1.0,2.0,2.0,-2.0,-1.4332917616497527e-16
2p3_L=1.0_S=1.0,1,1,1.0,2.0,3.0,-2.0,1.0,2.0,3.0,-2.0,-3.0
2p3_L=1.0_S=1.0,1,1,1.0,2.0,3.0,-2.0,2.0,0.0,2.0,-2.0,0.0
2p3_L=1.0_S=1.0,1,1,1.0,2.0,3.0,-2.0,2.0,1.0,2.0,-2.0,0.0
2p3_L=1.0_S=1.0,1,1,1.0,2.0,3.0,-2.0,2.0,1.0,3.0,-2.0,0.0
2p3_L=1.0_S=1.0,1,1,1.0,2.0,3.0,-2.0,2.0,2.0,2.0,-2.0,0.0890870806374748
2p3_L=1.0_S=1.0,1,1,1.0,2.0,3.0,-2.0,2.0,2.0,3.0,-2.0,-0.23570226039551578
2p3_L=1.0_S=1.0,1,1,1.0,2.0,3.0,-2.0,2.0,2.0,4.0,-2.0,-0.46291004988627565
2p3_L=1.0_S=1.0,1,1,1.0,2.0,3.0,-1.0,0.0,2.0,2.0,-1.0,-0.5962847939999439
2p3_L=1.0_S=1.0,1,1,1.0,2.0,3.0,-1.0,1.0,1.0,2.0,-1.0,-0.5163977794943223
2p3_L=1.0_S=1.0,1,1,1.0,2.0,3.0,-1.0,1.0,2.0,2.0,-1.0,-1.8129866073473576e-16
2p3_L=1.0_S=1.0,1,1,1.0,2.0,3.0,-1.0,1.0,2.0,3.0,-1.0,-1.5
2p3_L=1.0_S=1.0,1,1,1.0,2.0,3.0,-1.0,2.0,0.0,2.0,-1.0,0.0
2p3_L=1.0_S=1.0,1,1,1.0,2.0,3.0,-1.0,2.0,1.0,2.0,-1.0,0.0
2p3_L=1.0_S=1.0,1,1,1.0,2.0,3.0,-1.0,2.0,1.0,3.0,-1.0,0.0
2p3_L=1.0_S=1.0,1,1,1.0,2.0,3.0,-1.0,2.0,2.0,2.0,-1.0,0.1126872339638022
2p3_L=1.0_S=1.0,1,1,1.0,2.0,3.0,-1.0,2.0,2.0,3.0,-1.0,-0.11785113019775789
2p3_L=1.0_S=1.0,1,1,1.0,2.0,3.0,-1.0,2.0,2.0,4.0,-1.0,-0.5175491695067655
2p3_L=1.0_S=1.0,1,1,1.0,2.0,3.0,0.0,0.0,2.0,2.0,0.0,-0.632455532033676
2p3_L=1.0_S=1.0,1,1,1.0,2.0,3.0,0.0,1.0,1.0,2.0,0.0,-0.5477225575051663
2p3_L=1.0_S=1.0,1,1,1.0,2.0,3.0,0.0,1.0,2.0,2.0,0.0,-1.922962686383564e-16
2p3_L=1.0_S=1.0,1,1,1.0,2.0,3.0,0.0,1.0,2.0,3.0,0.0,0.0
2p3_L=1.0_S=1.0,1,1,1.0,2.0,3.0,0.0,2.0,0.0,2.0,0.0,0.0
2p3_L=1.0_S=1.0,1,1,1.0,2.0,3.0,0.0,2.0,1.0,2.0,0.0,0.0
2p3_L=1.0_S=1.0,1,1,1.0,2.0,3.0,0.0,2.0,1.0,3.0,0.0,-0.0
2p3_L=1.0_S=1.0,1,1,1.0,2.0,3.0,0.0,2.0,2.0,2.0,0.0,0.11952286093343938
2p3_L=1.0_S=1.0,1,1,1.0,2.0,3.0,0.0,2.0,2.0,3.0,0.0,0.0
2p3_L=1.0_S=1.0,1,1,1.0,2.0,3.0,0.0,2.0,2.0,4.0,0.0,-0.5345224838248488
2p3_L=1.0_S=1.0,1,1,1.0,2.0,3.0,1.0,0.0,2.0,2.0,1.0,-0.5962847939999439
2p3_L=1.0_S=1.0,1,1,1.0,2.0,3.0,1.0,1.0,1.0,2.0,1.0,-0.5163977794943223
2p3_L=1.0_S=1.0,1,1,1.0,2.0,3.0,1.0,1.0,2.0,2.0,1.0,-1.8129866073473576e-16
2p3_L=1.0_S=1.0,1,1,1.0,2.0,3.0,1.0,1.0,2.0,3.0,1.0,1.5
2p3_L=1.0_S=1.0,1,1,1.0,2.0,3.0,1.0,2.0,0.0,2.0,1.0,0.0
2p3_L=1.0_S=1.0,1,1,1.0,2.0,3.0,1.0,2.0,1.0,2.0,1.0,0.0
2p3_L=1.0_S=1.0,1,1,1.0,2.0,3.0,1.0,2.0,1.0,3.0,1.0,-0.0
2p3_L=1.0_S=1.0,1,1,1.0,2.0,3.0,1.0,2.0,2.0,2.0,1.0,0.1126872339638022
2p3_L=1.0_S=1.0,1,1,1.0,2.0,3.0,1.0,2.0,2.0,3.0,1.0,0.11785113019775789
2p3_L=1.0_S=1.0,1,1,1.0,2.0,3.0,1.0,2.0,2.0,4.0,1.0,-0.5175491695067655
2p3_L=1.0_S=1.0,1,1,1.0,2.0,3.0,2.0,0.0,2.0,2.0,2.0,-0.47140452079103173
2p3_L=1.0_S=1.0,1,1,1.0,2.0,3.0,2.0,1.0,1.0,2.0,2.0,-0.4082482904638631
2p3_L=1.0_S=1.0,1,1,1.0,2.0,3.0,2.0,1.0,2.0,2.0,2.0,-1.4332917616497527e-16
2p3_L=1.0_S=1.0,1,1,1.0,2.0,3.0,2.0,1.0,2.0,3.0,2.0,3.0
2p3_L=1.0_S=1.0,1,1,1.0,2.0,3.0,2.0,2.0,0.0,2.0,2.0,0.0
2p3_L=1.0_S=1.0,1,1,1.0,2.0,3.0,2.0,2.0,1.0,2.0,2.0,0.0
2p3_L=1.0_S=1.0,1,1,1.0,2.0,3.0,2.0,2.0,1.0,3.0,2.0,-0.0
2p3_L=1.0_S=1.0,1,1,1.0,2.0,3.0,2.0,2.0,2.0,2.0,2.0,0.0890870806374748
2p3_L=1.0_S=1.0,1,1,1.0,2.0,3.0,2.0,2.0,2.0,3.0,2.0,0.23570226039551578
2p3_L=1.0_S=1.0,1,1,1.0,2.0,3.0,2.0,2.0,2.0,4.0,2.0,-0.46291004988627565
2p3_L=1.0_S=1.0,1,1,1.0,2.0,3.0,3.0,1.0,2.0,3.0,3.0,4.500000000000001
2p3_L=1.0_S=1.0,1,1,1.0,2.0,3.0,3.0,2.0,1.0,3.0,3.0,-0.0
2p3_L=1.0_S=1.0,1,1,1.0,2.0,3.0,3.0,2.0,2.0,3.0,3.0,0.35355339059327373
2p3_L=1.0_S=1.0,1,1,1.0,2.0,3.0,3.0,2.0,2.0,4.0,3.0,-0.3535533905932738
2p3_L=1.0_S=1.0,1,1,2.0,0.0,2.0,-2.0,0.0,2.0,2.0,-2.0,0.0
2p3_L=1.0_S=1.0,1,1,2.0,0.0,2.0,-2.0,1.0,1.0,2.0,-2.0,0.0
2p3_L=1.0_S=1.0,1,1,2.0,0.0,2.0,-2.0,1.0,2.0,2.0,-2.0,0.0
2p3_L=1.0_S=1.0,1,1,2.0,0.0,2.0,-2.0,1.0,2.0,3.0,-2.0,0.0
2p3_L=1.0_S=1.0,1,1,2.0,0.0,2.0,-2.0,2.0,0.0,2.0,-2.0,-3.0
2p3_L=1.0_S=1.0,1,1,2.0,0.0,2.0,-2.0,2.0,1.0,2.0,-2.0,0.6666666666666665
2p3_L=1.0_S=1.0,1,1,2.0,0.0,2.0,-2.0,2.0,1.0,3.0,-2.0,-0.47140452079103173
2p3_L=1.0_S=1.0,1,1,2.0,0.0,2.0,-2.0,2.0,2.0,2.0,-2.0,0.0
2p3_L=1.0_S=1.0,1,1,2.0,0.0,2.0,-2.0,2.0,2.0,3.0,-2.0,-0.0
2p3_L=1.0_S=1.0,1,1,2.0,0.0,2.0,-1.0,0.0,1.0,1.0,-1.0,0.0
2p3_L=1.0_S=1.0,1,1,2.0,0.0,2.0,-1.0,0.0,2.0,2.0,-1.0,0.0
2p3_L=1.0_S=1.0,1,1,2.0,0.0,2.0,-1.0,1.0,0.0,1.0,-1.0,-0.5
2p3_L=1.0_S=1.0,1,1,2.0,0.0,2.0,-1.0,1.0,1.0,1.0,-1.0,0.0
2p3_L=1.0_S=1.0,1,1,2.0,0.0,2.0,-1.0,1.0,1.0,2.0,-1.0,0.0
2p3_L=1.0_S=1.0,1,1,2.0,0.0,2.0,-1.0,1.0,2.0,1.0,-1.0,-0.0
2p3_L=1.0_S=1.0,1,1,2.0,0.0,2.0,-1.0,1.0,2.0,2.0,-1.0,0.0
2p3_L=1.0_S=1.0,1,1,2.0,0.0,2.0,-1.0,1.0,2.0,3.0,-1.0,0.0
2p3_L=1.0_S=1.0,1,1,2.0,0.0,2.0,-1.0,2.0,0.0,2.0,-1.0,-1.5000000000000002
2p3_L=1.0_S=1.0,1,1,2.0,0.0,2.0,-1.0,2.0,1.0,1.0,-1.0,0.44721359549995787
2p3_L=1.0_S=1.0,1,1,2.0,0.0,2.0,-1.0,2.0,1.0,2.0,-1.0,0.33333333333333326
2p3_L=1.0_S=1.0,1,1,2.0,0.0,2.0,-1.0,2.0,1.0,3.0,-1.0,-0.5962847939999439
2p3_L=1.0_S=1.0,1,1,2.0,0.0,2.0,-1.0,2.0,2.0,1.0,-1.0,0.0
2p3_L=1.0_S=1.0,1,1,2.0,0.0,2.0,-1.0,2.0,2.0,2.0,-1.0,0.0
2p3_L=1.0_S=1.0,1,1,2.0,0.0,2.0,-1.0,2.0,2.0,3.0,-1.0,-0.0
2p3_L=1.0_S=1.0,1,1,2.0,0.0,2.0,0.0,0.0,1.0,1.0,0.0,0.0
2p3_L=1.0_S=1.0,1,1,2.0,0.0,2.0,0.0,0.0,2.0,2.0,0.0,0.0
2p3_L=1.0_S=1.0,1,1,2.0,0.0,2.0,0.0,1.0,0.0,1.0,0.0,-0.5773502691896256
2p3_L=1.0_S=1.0,1,1,2.0,0.0,2.0,0.0,1.0,1.0,1.0,0.0,0.0
2p3_L=1.0_S=1.0,1,1,2.0,0.0,2.0,0.0,1.0,1.0,2.0,0.0,0.0
2p3_L=1.0_S=1.0,1,1,2.0,0.0,2.0,0.0,1.0,2.0,1.0,0.0,-0.0
2p3_L=1.0_S=1.0,1,1,2.0,0.0,2.0,0.0,1.0,2.0,2.0,0.0,0.0
2p3_L=1.0_S=1.0,1,1,2.0,0.0,2.0,0.0,1.0,2.0,3.0,0.0,0.0
2p3_L=1.0_S=1.0,1,1,2.0,0.0,2.0,0.0,2.0,0.0,2.0,0.0,-0.0
2p3_L=1.0_S=1.0,1,1,2.0,0.0,2.0,0.0,2.0,1.0,1.0,0.0,0.5163977794943221
2p3_L=1.0_S=1.0,1,1,2.0,0.0,2.0,0.0,2.0,1.0,2.0,0.0,0.0
2p3_L=1.0_S=1.0,1,1,2.0,0.0,2.0,0.0,2.0,1.0,3.0,0.0,-0.632455532033676
2p3_L=1.0_S=1.0,1,1,2.0,0.0,2.0,0.0,2.0,2.0,1.0,0.0,0.0
2p3_L=1.0_S=1.0,1,1,2.0,0.0,2.0,0.0,2.0,2.0,2.0,0.0,0.0
2p3_L=1.0_S=1.0,1,1,2.0,0.0,2.0,0.0,2.0,2.0,3.0,0.0,-0.0
2p3_L=1.0_S=1.0,1,1,2.0,0.0,2.0,1.0,0.0,1.0,1.0,1.0,0.0
2p3_L=1.0_S=1.0,1,1,2.0,0.0,2.0,1.0,0.0,2.0,2.0,1.0,-0.0
2p3_L=1.0_S=1.0,1,1,2.0,0.0,2.0,1.0,1.0,0.0,1.0,1.0,-0.5
2p3_L=1.0_S=1.0,1,1,2.0,0.0,2.0,1.0,1.0,1.0,1.0,1.0,0.0
2p3_L=1.0_S=1.0,1,1,2.0,0.0,2.0,1.0,1.0,1.0,2.0,1.0,-0.0
2p3_L=1.0_S=1.0,1,1,2.0,0.0,2.0,1.0,1.0,2.0,1.0,1.0,-0.0
2p3_L=1.0_S=1.0,1,1,2.0,0.0,2.0,1.0,1.0,2.0,2.0,1.0,-0.0
2p3_L=1.0_S=1.0,1,1,2.0,0.0,2.0,1.0,1.0,2.0,3.0,1.0,0.0
2p3_L=1.0_S=1.0,1,1,2.0,0.0,2.0,1.0,2.0,0.0,2.0,1.0,1.5000000000000002
2p3_L=1.0_S=1.0,1,1,2.0,0.0,2.0,1.0,2.0,1.0,1.0,1.0,0.44721359549995787
2p3_L=1.0_S=1.0,1,1,2.0,0.0,2.0,1.0,2.0,1.0,2.0,1.0,-0.33333333333333326
2p3_L=1.0_S=1.0,1,1,2.0,0.0,2.0,1.0,2.0,1.0,3.0,1.0,-0.5962847939999439
2p3_L=1.0_S=1.0,1,1,2.0,0.0,2.0,1.0,2.0,2.0,1.0,1.0,0.0
2p3_L=1.0_S=1.0,1,1,2.0,0.0,2.0,1.0,2.0,2.0,2.0,1.0,-0.0
2p3_L=1.0_S=1.0,1,1,2.0,0.0,2.0,1.0,2.0,2.0,3.0,1.0,-0.0
2p3_L=1.0_S=1.0,1,1,2.0,0.0,2.0,2.0,0.0,2.0,2.0,2.0,-0.0
2p3_L=1.0_S=1.0,1,1,2.0,0.0,2.0,2.0,1.0,1.0,2.0,2.0,-0.0
2p3_L=1.0_S=1.0,1,1,2.0,0.0,2.0,2.0,1.0,2.0,2.0,2.0,-0.0
2p3_L=1.0_S=1.0,1,1,2.0,0.0,2.0,2.0,1.0,2.0,3.0,2.0,0.0
2p3_L=1.0_S=1.0,1,1,2.0,0.0,2.0,2.0,2.0,0.0,2.0,2.0,3.0
2p3_L=1.0_S=1.0,1,1,2.0,0.0,2.0,2.0,2.0,1.0,2.0,2.0,-0.6666666666666665
2p3_L=1.0_S=1.0,1,1,2.0,0.0,2.0,2.0,2.0,1.0,3.0,2.0,-0.47140452079103173
2p3_L=1.0_S=1.0,1,1,2.0,0.0,2.0,2.0,2.0,2.0,2.0,2.0,-0.0
2p3_L=1.0_S=1.0,1,1,2.0,0.0,2.0,2.0,2.0,2.0,3.0,2.0,-0.0
2p3_L=1.0_S=1.0,1,1,2.0,1.0,1.0,-1.0,0.0,1.0,1.0,-1.0,0.0
2p3_L=1.0_S=1.0,1,1,2.0,1.0,1.0,-1.0,0.0,2.0,2.0,-1.0,-0.0
2p3_L=1.0_S=1.0,1,1,2.0,1.0,1.0,-1.0,1.0,0.0,1.0,-1.0,0.0
2p3_L=1.0_S=1.0,1,1,2.0,1.0,1.0,-1.0,1.0,1.0,1.0,-1.0,-0.32274861218395134
2p3_L=1.0_S=1.0,1,1,2.0,1.0,1.0,-1.0,1.0,1.0,2.0,-1.0,0.06454972243679027
2p3_L=1.0_S=1.0,1,1,2.0,1.0,1.0,-1.0,1.0,2.0,1.0,-1.0,0.0
2p3_L=1.0_S=1.0,1,1,2.0,1.0,1.0,-1.0,1.0,2.0,2.0,-1.0,-0.0
2p3_L=1.0_S=1.0,1,1,2.0,1.0,1.0,-1.0,2.0,0.0,2.0,-1.0,0.44721359549995787
2p3_L=1.0_S=1.0,1,1,2.0,1.0,1.0,-1.0,2.0,1.0,1.0,-1.0,-1.4999999999999996
2p3_L=1.0_S=1.0,1,1,2.0,1.0,1.0,-1.0,2.0,1.0,2.0,-1.0,1.3597399555105185e-16
2p3_L=1.0_S=1.0,1,1,2.0,1.0,1.0,-1.0,2.0,2.0,1.0,-1.0,0.4330127018922192
2p3_L=1.0_S=1.0,1,1,2.0,1.0,1.0,-1.0,2.0,2.0,2.0,-1.0,-0.2958039891549808
2p3_L=1.0_S=1.0,1,1,2.0,1.0,1.0,0.0,0.0,0.0,0.0,-0.0,0.0
2p3_L=1.0_S=1.0,1,1,2.0,1.0,1.0,0.0,0.0,1.0,1.0,0.0,-0.0
2p3_L=1.0_S=1.0,1,1,2.0,1.0,1.0,0.0,0.0,2.0,2.0,0.0,-0.0
2p3_L=1.0_S=1.0,1,1,2.0,1.0,1.0,0.0,1.0,0.0,1.0,0.0,-0.0
2p3_L=1.0_S=1.0,1,1,2.0,1.0,1.0,0.0,1.0,1.0,0.0,-0.0,-0.5270462766947297
2p3_L=1.0_S=1.0,1,1,2.0,1.0,1.0,0.0,1.0,1.0,1.0,0.0,0.0
2p3_L=1.0_S=1.0,1,1,2.0,1.0,1.0,0.0,1.0,1.0,2.0,0.0,0.07453559924999298
2p3_L=1.0_S=1.0,1,1,2.0,1.0,1.0,0.0,1.0,2.0,1.0,0.0,-0.0
2p3_L=1.0_S=1.0,1,1,2.0,1.0,1.0,0.0,1.0,2.0,2.0,0.0,-0.0
2p3_L=1.0_S=1.0,1,1,2.0,1.0,1.0,0.0,2.0,0.0,2.0,0.0,0.5163977794943221
2p3_L=1.0_S=1.0,1,1,2.0,1.0,1.0,0.0,2.0,1.0,1.0,0.0,0.0
2p3_L=1.0_S=1.0,1,1,2.0,1.0,1.0,0.0,2.0,1.0,2.0,0.0,1.570092458683775e-16
2p3_L=1.0_S=1.0,1,1,2.0,1.0,1.0,0.0,2.0,2.0,0.0,-0.0,0.4082482904638629
2p3_L=1.0_S=1.0,1,1,2.0,1.0,1.0,0.0,2.0,2.0,1.0,0.0,-0.0
2p3_L=1.0_S=1.0,1,1,2.0,1.0,1.0,0.0,2.0,2.0,2.0,0.0,-0.34156502553198653
2p3_L=1.0_S=1.0,1,1,2.0,1.0,1.0,1.0,0.0,1.0,1.0,1.0,-0.0
2p3_L=1.0_S=1.0,1,1,2.0,1.0,1.0,1.0,0.0,2.0,2.0,1.0,-0.0
2p3_L=1.0_S=1.0,1,1,2.0,1.0,1.0,1.0,1.0,0.0,1.0,1.0,-0.0
2p3_L=1.0_S=1.0,1,1,2.0,1.0,1.0,1.0,1.0,1.0,1.0,1.0,0.32274861218395134
2p3_L=1.0_S=1.0,1,1,2.0,1.0,1.0,1.0,1.0,1.0,2.0,1.0,0.06454972243679027
2p3_L=1.0_S=1.0,1,1,2.0,1.0,1.0,1.0,1.0,2.0,1.0,1.0,-0.0
2p3_L=1.0_S=1.0,1,1,2.0,1.0,1.0,1.0,1.0,2.0,2.0,1.0,-0.0
2p3_L=1.0_S=1.0,1,1,2.0,1.0,1.0,1.0,2.0,0.0,2.0,1.0,0.44721359549995787
2p3_L=1.0_S=1.0,1,1,2.0,1.0,1.0,1.0,2.0,1.0,1.0,1.0,1.4999999999999996
2p3_L=1.0_S=1.0,1,1,2.0,1.0,1.0,1.0,2.0,1.0,2.0,1.0,1.3597399555105185e-16
2p3_L=1.0_S=1.0,1,1,2.0,1.0,1.0,1.0,2.0,2.0,1.0,1.0,-0.4330127018922192
2p3_L=1.0_S=1.0,1,1,2.0,1.0,1.0,1.0,2.0,2.0,2.0,1.0,-0.2958039891549808
2p3_L=1.0_S=1.0,1,1,2.0,1.0,2.0,-2.0,0.0,2.0,2.0,-2.0,-0.0
2p3_L=1.0_S=1.0,1,1,2.0,1.0,2.0,-2.0,1.0,1.0,2.0,-2.0,-0.28867513459481287
2p3_L=1.0_S=1.0,1,1,2.0,1.0,2.0,-2.0,1.0,2.0,2.0,-2.0,-0.0
2p3_L=1.0_S=1.0,1,1,2.0,1.0,2.0,-2.0,1.0,2.0,3.0,-2.0,-0.0
2p3_L=1.0_S=1.0,1,1,2.0,1.0,2.0,-2.0,2.0,0.0,2.0,-2.0,0.6666666666666665
2p3_L=1.0_S=1.0,1,1,2.0,1.0,2.0,-2.0,2.0,1.0,2.0,-2.0,-2.999999999999999
2p3_L=1.0_S=1.0,1,1,2.0,1.0,2.0,-2.0,2.0,1.0,3.0,-2.0,1.4332917616497527e-16
2p3_L=1.0_S=1.0,1,1,2.0,1.0,2.0,-2.0,2.0,2.0,2.0,-2.0,0.4409585518440983
2p3_L=1.0_S=1.0,1,1,2.0,1.0,2.0,-2.0,2.0,2.0,3.0,-2.0,-0.3333333333333333
2p3_L=1.0_S=1.0,1,1,2.0,1.0,2.0,-1.0,0.0,1.0,1.0,-1.0,-0.0
2p3_L=1.0_S=1.0,1,1,2.0,1.0,2.0,-1.0,0.0,2.0,2.0,-1.0,-0.0
2p3_L=1.0_S=1.0,1,1,2.0,1.0,2.0,-1.0,1.0,0.0,1.0,-1.0,-0.0
2p3_L=1.0_S=1.0,1,1,2.0,1.0,2.0,-1.0,1.0,1.0,1.0,-1.0,-0.4330127018922193
2p3_L=1.0_S=1.0,1,1,2.0,1.0,2.0,-1.0,1.0,1.0,2.0,-1.0,-0.14433756729740646
2p3_L=1.0_S=1.0,1,1,2.0,1.0,2.0,-1.0,1.0,2.0,1.0,-1.0,-0.0
2p3_L=1.0_S=1.0,1,1,2.0,1.0,2.0,-1.0,1.0,2.0,2.0,-1.0,-0.0
2p3_L=1.0_S=1.0,1,1,2.0,1.0,2.0,-1.0,1.0,2.0,3.0,-1.0,-0.0
2p3_L=1.0_S=1.0,1,1,2.0,1.0,2.0,-1.0,2.0,0.0,2.0,-1.0,0.33333333333333326
2p3_L=1.0_S=1.0,1,1,2.0,1.0,2.0,-1.0,2.0,1.0,1.0,-1.0,1.3597399555105185e-16
2p3_L=1.0_S=1.0,1,1,2.0,1.0,2.0,-1.0,2.0,1.0,2.0,-1.0,-1.4999999999999998
2p3_L=1.0_S=1.0,1,1,2.0,1.0,2.0,-1.0,2.0,1.0,3.0,-1.0,1.8129866073473576e-16
2p3_L=1.0_S=1.0,1,1,2.0,1.0,2.0,-1.0,2.0,2.0,1.0,-1.0,0.19364916731037088
2p3_L=1.0_S=1.0,1,1,2.0,1.0,2.0,-1.0,2.0,2.0,2.0,-1.0,0.2204792759220492
2p3_L=1.0_S=1.0,1,1,2.0,1.0,2.0,-1.0,2.0,2.0,3.0,-1.0,-0.4216370213557838
2p3_L=1.0_S=1.0,1,1,2.0,1.0,2.0,0.0,0.0,1.0,1.0,0.0,-0.0
2p3_L=1.0_S=1.0,1,1,2.0,1.0,2.0,0.0,0.0,2.0,2.0,0.0,-0.0
2p3_L=1.0_S=1.0,1,1,2.0,1.0,2.0,0.0,1.0,0.0,1.0,0.0,-0.0
2p3_L=1.0_S=1.0,1,1,2.0,1.0,2.0,0.0,1.0,1.0,1.0,0.0,-0.4999999999999999
2p3_L=1.0_S=1.0,1,1,2.0,1.0,2.0,0.0,1.0,1.0,2.0,0.0,-0.0
2p3_L=1.0_S=1.0,1,1,2.0,1.0,2.0,0.0,1.0,2.0,1.0,0.0,-0.0
2p3_L=1.0_S=1.0,1,1,2.0,1.0,2.0,0.0,1.0,2.0,2.0,0.0,-0.0
2p3_L=1.0_S=1.0,1,1,2.0,1.0,2.0,0.0,1.0,2.0,3.0,0.0,-0.0
2p3_L=1.0_S=1.0,1,1,2.0,1.0,2.0,0.0,2.0,0.0,2.0,0.0,0.0
2p3_L=1.0_S=1.0,1,1,2.0,1.0,2.0,0.0,2.0,1.0,1.0,0.0,1.570092458683775e-16
2p3_L=1.0_S=1.0,1,1,2.0,1.0,2.0,0.0,2.0,1.0,2.0,0.0,-0.0
2p3_L=1.0_S=1.0,1,1,2.0,1.0,2.0,0.0,2.0,1.0,3.0,0.0,1.922962686383564e-16
2p3_L=1.0_S=1.0,1,1,2.0,1.0,2.0,0.0,2.0,2.0,1.0,0.0,0.22360679774997896
2p3_L=1.0_S=1.0,1,1,2.0,1.0,2.0,0.0,2.0,2.0,2.0,0.0,0.0
2p3_L=1.0_S=1.0,1,1,2.0,1.0,2.0,0.0,2.0,2.0,3.0,0.0,-0.4472135954999579
2p3_L=1.0_S=1.0,1,1,2.0,1.0,2.0,1.0,0.0,1.0,1.0,1.0,-0.0
2p3_L=1.0_S=1.0,1,1,2.0,1.0,2.0,1.0,0.0,2.0,2.0,1.0,0.0
2p3_L=1.0_S=1.0,1,1,2.0,1.0,2.0,1.0,1.0,0.0,1.0,1.0,-0.0
2p3_L=1.0_S=1.0,1,1,2.0,1.0,2.0,1.0,1.0,1.0,1.0,1.0,-0.4330127018922193
2p3_L=1.0_S=1.0,1,1,2.0,1.0,2.0,1.0,1.0,1.0,2.0,1.0,0.14433756729740646
2p3_L=1.0_S=1.0,1,1,2.0,1.0,2.0,1.0,1.0,2.0,1.0,1.0,-0.0
2p3_L=1.0_S=1.0,1,1,2.0,1.0,2.0,1.0,1.0,2.0,2.0,1.0,0.0
2p3_L=1.0_S=1.0,1,1,2.0,1.0,2.0,1.0,1.0,2.0,3.0,1.0,-0.0
2p3_L=1.0_S=1.0,1,1,2.0,1.0,2.0,1.0,2.0,0.0,2.0,1.0,-0.33333333333333326
2p3_L=1.0_S=1.0,1,1,2.0,1.0,2.0,1.0,2.0,1.0,1.0,1.0,1.3597399555105185e-16
2p3_L=1.0_S=1.0,1,1,2.0,1.0,2.0,1.0,2.0,1.0,2.0,1.0,1.4999999999999998
2p3_L=1.0_S=1.0,1,1,2.0,1.0,2.0,1.0,2.0,1.0,3.0,1.0,1.8129866073473576e-16
2p3_L=1.0_S=1.0,1,1,2.0,1.0,2.0,1.0,2.0,2.0,1.0,1.0,0.19364916731037088
2p3_L=1.0_S=1.0,1,1,2.0,1.0,2.0,1.0,2.0,2.0,2.0,1.0,-0.2204792759220492
2p3_L=1.0_S=1.0,1,1,2.0,1.0,2.0,1.0,2.0,2.0,3.0,1.0,-0.4216370213557838
2p3_L=1.0_S=1.0,1,1,2.0,1.0,2.0,2.0,0.0,2.0,2.0,2.0,0.0
2p3_L=1.0_S=1.0,1,1,2.0,1.0,2.0,2.0,1.0,1.0,2.0,2.0,0.28867513459481287
2p3_L=1.0_S=1.0,1,1,2.0,1.0,2.0,2.0,1.0,2.0,2.0,2.0,0.0
2p3_L=1.0_S=1.0,1,1,2.0,1.0,2.0,2.0,1.0,2.0,3.0,2.0,-0.0
2p3_L=1.0_S=1.0,1,1,2.0,1.0,2.0,2.0,2.0,0.0,2.0,2.0,-0.6666666666666665
2p3_L=1.0_S=1.0,1,1,2.0,1.0,2.0,2.0,2.0,1.0,2.0,2.0,2.999999999999999
2p3_L=1.0_S=1.0,1,1,2.0,1.0,2.0,2.0,2.0,1.0,3.0,2.0,1.4332917616497527e-16
2p3_L=1.0_S=1.0,1,1,2.0,1.0,2.0,2.0,2.0,2.0,2.0,2.0,-0.4409585518440983
2p3_L=1.0_S=1.0,1,1,2.0,1.0,2.0,2.0,2.0,2.0,3.0,2.0,-0.3333333333333333
2p3_L=1.0_S=1.0,1,1,2.0,1.0,3.0,-3.0,1.0,2.0,3.0,-3.0,0.0
2p3_L=1.0_S=1.0,1,1,2.0,1.0,3.0,-3.0,2.0,1.0,3.0,-3.0,-4.500000000000001
2p3_L=1.0_S=1.0,1,1,2.0,1.0,3.0,-3.0,2.0,2.0,3.0,-3.0,0.35355339059327373
2p3_L=1.0_S=1.0,1,1,2.0,1.0,3.0,-3.0,2.0,2.0,4.0,-3.0,-0.3535533905932738
2p3_L=1.0_S=1.0,1,1,2.0,1.0,3.0,-2.0,0.0,2.0,2.0,-2.0,0.0
2p3_L=1.0_S=1.0,1,1,2.0,1.0,3.0,-2.0,1.0,1.0,2.0,-2.0,-0.4082482904638631
2p3_L=1.0_S=1.0,1,1,2.0,1.0,3.0,-2.0,1.0,2.0,2.0,-2.0,0.0
2p3_L=1.0_S=1.0,1,1,2.0,1.0,3.0,-2.0,1.0,2.0,3.0,-2.0,0.0
2p3_L=1.0_S=1.0,1,1,2.0,1.0,3.0,-2.0,2.0,0.0,2.0,-2.0,-0.47140452079103173
2p3_L=1.0_S=1.0,1,1,2.0,1.0,3.0,-2.0,2.0,1.0,2.0,-2.0,1.4332917616497527e-16
2p3_L=1.0_S=1.0,1,1,2.0,1.0,3.0,-2.0,2.0,1.0,3.0,-2.0,-3.0
2p3_L=1.0_S=1.0,1,1,2.0,1.0,3.0,-2.0,2.0,2.0,2.0,-2.0,0.0890870806374748
2p3_L=1.0_S=1.0,1,1,2.0,1.0,3.0,-2.0,2.0,2.0,3.0,-2.0,0.23570226039551578
2p3_L=1.0_S=1.0,1,1,2.0,1.0,3.0,-2.0,2.0,2.0,4.0,-2.0,-0.46291004988627565
2p3_L=1.0_S=1.0,1,1,2.0,1.0,3.0,-1.0,0.0,2.0,2.0,-1.0,0.0
2p3_L=1.0_S=1.0,1,1,2.0,1.0,3.0,-1.0,1.0,1.0,2.0,-1.0,-0.5163977794943223
2p3_L=1.0_S=1.0,1,1,2.0,1.0,3.0,-1.0,1.0,2.0,2.0,-1.0,0.0
2p3_L=1.0_S=1.0,1,1,2.0,1.0,3.0,-1.0,1.0,2.0,3.0,-1.0,0.0
2p3_L=1.0_S=1.0,1,1,2.0,1.0,3.0,-1.0,2.0,0.0,2.0,-1.0,-0.5962847939999439
2p3_L=1.0_S=1.0,1,1,2.0,1.0,3.0,-1.0,2.0,1.0,2.0,-1.0,1.8129866073473576e-16
2p3_L=1.0_S=1.0,1,1,2.0,1.0,3.0,-1.0,2.0,1.0,3.0,-1.0,-1.5
2p3_L=1.0_S=1.0,1,1,2.0,1.0,3.0,-1.0,2.0,2.0,2.0,-1.0,0.1126872339638022
2p3_L=1.0_S=1.0,1,1,2.0,1.0,3.0,-1.0,2.0,2.0,3.0,-1.0,0.11785113019775789
2p3_L=1.0_S=1.0,1,1,2.0,1.0,3.0,-1.0,2.0,2.0,4.0,-1.0,-0.5175491695067655
2p3_L=1.0_S=1.0,1,1,2.0,1.0,3.0,0.0,0.0,2.0,2.0,0.0,0.0
2p3_L=1.0_S=1.0,1,1,2.0,1.0,3.0,0.0,1.0,1.0,2.0,0.0,-0.5477225575051663
2p3_L=1.0_S=1.0,1,1,2.0,1.0,3.0,0.0,1.0,2.0,2.0,0.0,0.0
2p3_L=1.0_S=1.0,1,1,2.0,1.0,3.0,0.0,1.0,2.0,3.0,0.0,-0.0
2p3_L=1.0_S=1.0,1,1,2.0,1.0,3.0,0.0,2.0,0.0,2.0,0.0,-0.632455532033676
2p3_L=1.0_S=1.0,1,1,2.0,1.0,3.0,0.0,2.0,1.0,2.0,0.0,1.922962686383564e-16
2p3_L=1.0_S=1.0,1,1,2.0,1.0,3.0,0.0,2.0,1.0,3.0,0.0,0.0
2p3_L=1.0_S=1.0,1,1,2.0,1.0,3.0,0.0,2.0,2.0,2.0,0.0,0.11952286093343938
2p3_L=1.0_S=1.0,1,1,2.0,1.0,3.0,0.0,2.0,2.0,3.0,0.0,-0.0
2p3_L=1.0_S=1.0,1,1,2.0,1.0,3.0,0.0,2.0,2.0,4.0,0.0,-0.5345224838248488
2p3_L=1.0_S=1.0,1,1,2.0,1.0,3.0,1.0,0.0,2.0,2.0,1.0,0.0
2p3_L=1.0_S=1.0,1,1,2.0,1.0,3.0,1.0,1.0,1.0,2.0,1.0,-0.5163977794943223
2p3_L=1.0_S=1.0,1,1,2.0,1.0,3.0,1.0,1.0,2.0,2.0,1.0,0.0
2p3_L=1.0_S=1.0,1,1,2.0,1.0,3.0,1.0,1.0,2.0,3.0,1.0,-0.0
2p3_L=1.0_S=1.0,1,1,2.0,1.0,3.0,1.0,2.0,0.0,2.0,1.0,-0.5962847939999439
2p3_L=1.0_S=1.0,1,1,2.0,1.0,3.0,1.0,2.0,1.0,2.0,1.0,1.8129866073473576e-16
2p3_L=1.0_S=1.0,1,1,2.0,1.0,3.0,1.0,2.0,1.0,3.0,1.0,1.5
2p3_L=1.0_S=1.0,1,1,2.0,1.0,3.0,1.0,2.0,2.0,2.0,1.0,0.1126872339638022
2p3_L=1.0_S=1.0,1,1,2.0,1.0,3.0,1.0,2.0,2.0,3.0,1.0,-0.11785113019775789
2p3_L=1.0_S=1.0,1,1,2.0,1.0,3.0,1.0,2.0,2.0,4.0,1.0,-0.5175491695067655
2p3_L=1.0_S=1.0,1,1,2.0,1.0,3.0,2.0,0.0,2.0,2.0,2.0,0.0
2p3_L=1.0_S=1.0,1,1,2.0,1.0,3.0,2.0,1.0,1.0,2.0,2.0,-0.4082482904638631
2p3_L=1.0_S=1.0,1,1,2.0,1.0,3.0,2.0,1.0,2.0,2.0,2.0,0.0
2p3_L=1.0_S=1.0,1,1,2.0,1.0,3.0,2.0,1.0,2.0,3.0,2.0,-0.0
2p3_L=1.0_S=1.0,1,1,2.0,1.0,3.0,2.0,2.0,0.0,2.0,2.0,-0.47140452079103173
2p3_L=1.0_S=1.0,1,1,2.0,1.0,3.0,2.0,2.0,1.0,2.0,2.0,1.4332917616497527e-16
2p3_L=1.0_S=1.0,1,1,2.0,1.0,3.0,2.0,2.0,1.0,3.0,2.0,3.0
2p3_L=1.0_S=1.0,1,1,2.0,1.0,3.0,2.0,2.0,2.0,2.0,2.0,0.0890870806374748
2p3_L=1.0_S=1.0,1,1,2.0,1.0,3.0,2.0,2.0,2.0,3.0,2.0,-0.23570226039551578
2p3_L=1.0_S=1.0,1,1,2.0,1.0,3.0,2.0,2.0,2.0,4.0,2.0,-0.46291004988627565
2p3_L=1.0_S=1.0,1,1,2.0,1.0,3.0,3.0,1.0,2.0,3.0,3.0,-0.0
2p3_L=1.0_S=1.0,1,1,2.0,1.0,3.0,3.0,2.0,1.0,3.0,3.0,4.500000000000001
2p3_L=1.0_S=1.0,1,1,2.0,1.0,3.0,3.0,2.0,2.0,3.0,3.0,-0.35355339059327373
2p3_L=1.0_S=1.0,1,1,2.0,1.0,3.0,3.0,2.0,2.0,4.0,3.0,-0.3535533905932738
2p3_L=1.0_S=1.0,1,1,2.0,2.0,0.0,-0.0,0.0,1.0,1.0,0.0,-0.0
2p3_L=1.0_S=1.0,1,1,2.0,2.0,0.0,-0.0,1.0,0.0,1.0,0.0,0.0
2p3_L=1.0_S=1.0,1,1,2.0,2.0,0.0,-0.0,1.0,1.0,1.0,0.0,0.0
2p3_L=1.0_S=1.0,1,1,2.0,2.0,0.0,-0.0,1.0,2.0,1.0,0.0,0.4082482904638629
2p3_L=1.0_S=1.0,1,1,2.0,2.0,0.0,-0.0,2.0,1.0,1.0,0.0,0.4082482904638629
2p3_L=1.0_S=1.0,1,1,2.0,2.0,0.0,-0.0,2.0,2.0,1.0,0.0,-0.0
2p3_L=1.0_S=1.0,1,1,2.0,2.0,1.0,-1.0,0.0,1.0,1.0,-1.0,-0.0
2p3_L=1.0_S=1.0,1,1,2.0,2.0,1.0,-1.0,0.0,2.0,2.0,-1.0,0.0
2p3_L=1.0_S=1.0,1,1,2.0,2.0,1.0,-1.0,1.0,0.0,1.0,-1.0,-0.0
2p3_L=1.0_S=1.0,1,1,2.0,2.0,1.0,-1.0,1.0,1.0,1.0,-1.0,-0.0
2p3_L=1.0_S=1.0,1,1,2.0,2.0,1.0,-1.0,1.0,1.0,2.0,-1.0,0.0
2p3_L=1.0_S=1.0,1,1,2.0,2.0,1.0,-1.0,1.0,2.0,1.0,-1.0,-0.4330127018922192
2p3_L=1.0_S=1.0,1,1,2.0,2.0,1.0,-1.0,1.0,2.0,2.0,-1.0,0.19364916731037088
2p3_L=1.0_S=1.0,1,1,2.0,2.0,1.0,-1.0,2.0,0.0,2.0,-1.0,0.0
2p3_L=1.0_S=1.0,1,1,2.0,2.0,1.0,-1.0,2.0,1.0,1.0,-1.0,0.4330127018922192
2p3_L=1.0_S=1.0,1,1,2.0,2.0,1.0,-1.0,2.0,1.0,2.0,-1.0,0.19364916731037088
2p3_L=1.0_S=1.0,1,1,2.0,2.0,1.0,-1.0,2.0,2.0,1.0,-1.0,-1.4999999999999996
2p3_L=1.0_S=1.0,1,1,2.0,2.0,1.0,-1.0,2.0,2.0,2.0,-1.0,0.0
2p3_L=1.0_S=1.0,1,1,2.0,2.0,1.0,0.0,0.0,0.0,0.0,-0.0,-0.0
2p3_L=1.0_S=1.0,1,1,2.0,2.0,1.0,0.0,0.0,1.0,1.0,0.0,0.0
2p3_L=1.0_S=1.0,1,1,2.0,2.0,1.0,0.0,0.0,2.0,2.0,0.0,0.0
2p3_L=1.0_S=1.0,1,1,2.0,2.0,1.0,0.0,1.0,0.0,1.0,0.0,0.0
2p3_L=1.0_S=1.0,1,1,2.0,2.0,1.0,0.0,1.0,1.0,0.0,-0.0,0.0
2p3_L=1.0_S=1.0,1,1,2.0,2.0,1.0,0.0,1.0,1.0,1.0,0.0,0.0
2p3_L=1.0_S=1.0,1,1,2.0,2.0,1.0,0.0,1.0,1.0,2.0,0.0,0.0
2p3_L=1.0_S=1.0,1,1,2.0,2.0,1.0,0.0,1.0,2.0,1.0,0.0,0.0
2p3_L=1.0_S=1.0,1,1,2.0,2.0,1.0,0.0,1.0,2.0,2.0,0.0,0.22360679774997896
2p3_L=1.0_S=1.0,1,1,2.0,2.0,1.0,0.0,2.0,0.0,2.0,0.0,0.0
2p3_L=1.0_S=1.0,1,1,2.0,2.0,1.0,0.0,2.0,1.0,1.0,0.0,-0.0
2p3_L=1.0_S=1.0,1,1,2.0,2.0,1.0,0.0,2.0,1.0,2.0,0.0,0.22360679774997896
2p3_L=1.0_S=1.0,1,1,2.0,2.0,1.0,0.0,2.0,2.0,0.0,-0.0,-0.0
2p3_L=1.0_S=1.0,1,1,2.0,2.0,1.0,0.0,2.0,2.0,1.0,0.0,0.0
2p3_L=1.0_S=1.0,1,1,2.0,2.0,1.0,0.0,2.0,2.0,2.0,0.0,0.0
2p3_L=1.0_S=1.0,1,1,2.0,2.0,1.0,1.0,0.0,1.0,1.0,1.0,0.0
2p3_L=1.0_S=1.0,1,1,2.0,2.0,1.0,1.0,0.0,2.0,2.0,1.0,0.0
2p3_L=1.0_S=1.0,1,1,2.0,2.0,1.0,1.0,1.0,0.0,1.0,1.0,0.0
2p3_L=1.0_S=1.0,1,1,2.0,2.0,1.0,1.0,1.0,1.0,1.0,1.0,0.0
2p3_L=1.0_S=1.0,1,1,2.0,2.0,1.0,1.0,1.0,1.0,2.0,1.0,0.0
2p3_L=1.0_S=1.0,1,1,2.0,2.0,1.0,1.0,1.0,2.0,1.0,1.0,0.4330127018922192
2p3_L=1.0_S=1.0,1,1,2.0,2.0,1.0,1.0,1.0,2.0,2.0,1.0,0.19364916731037088
2p3_L=1.0_S=1.0,1,1,2.0,2.0,1.0,1.0,2.0,0.0,2.0,1.0,0.0
2p3_L=1.0_S=1.0,1,1,2.0,2.0,1.0,1.0,2.0,1.0,1.0,1.0,-0.4330127018922192
2p3_L=1.0_S=1.0,1,1,2.0,2.0,1.0,1.0,2.0,1.0,2.0,1.0,0.19364916731037088
2p3_L=1.0_S=1.0,1,1,2.0,2.0,1.0,1.0,2.0,2.0,1.0,1.0,1.4999999999999996
2p3_L=1.0_S=1.0,1,1,2.0,2.0,1.0,1.0,2.0,2.0,2.0,1.0,0.0
2p3_L=1.0_S=1.0,1,1,2.0,2.0,2.0,-2.0,0.0,2.0,2.0,-2.0,0.0
2p3_L=1.0_S=1.0,1,1,2.0,2.0,2.0,-2.0,1.0,1.0,2.0,-2.0,0.0
2p3_L=1.0_S=1.0,1,1,2.0,2.0,2.0,-2.0,1.0,2.0,2.0,-2.0,-0.4409585518440983
2p3_L=1.0_S=1.0,1,1,2.0,2.0,2.0,-2.0,1.0,2.0,3.0,-2.0,0.0890870806374748
2p3_L=1.0_S=1.0,1,1,2.0,2.0,2.0,-2.0,2.0,0.0,2.0,-2.0,0.0
2p3_L=1.0_S=1.0,1,1,2.0,2.0,2.0,-2.0,2.0,1.0,2.0,-2.0,0.4409585518440983
2p3_L=1.0_S=1.0,1,1,2.0,2.0,2.0,-2.0,2.0,1.0,3.0,-2.0,0.0890870806374748
2p3_L=1.0_S=1.0,1,1,2.0,2.0,2.0,-2.0,2.0,2.0,2.0,-2.0,-2.9999999999999996
2p3_L=1.0_S=1.0,1,1,2.0,2.0,2.0,-2.0,2.0,2.0,3.0,-2.0,-0.0
2p3_L=1.0_S=1.0,1,1,2.0,2.0,2.0,-1.0,0.0,1.0,1.0,-1.0,0.0
2p3_L=1.0_S=1.0,1,1,2.0,2.0,2.0,-1.0,0.0,2.0,2.0,-1.0,0.0
2p3_L=1.0_S=1.0,1,1,2.0,2.0,2.0,-1.0,1.0,0.0,1.0,-1.0,-0.0
2p3_L=1.0_S=1.0,1,1,2.0,2.0,2.0,-1.0,1.0,1.0,1.0,-1.0,-0.0
2p3_L=1.0_S=1.0,1,1,2.0,2.0,2.0,-1.0,1.0,1.0,2.0,-1.0,0.0
2p3_L=1.0_S=1.0,1,1,2.0,2.0,2.0,-1.0,1.0,2.0,1.0,-1.0,-0.2958039891549808
2p3_L=1.0_S=1.0,1,1,2.0,2.0,2.0,-1.0,1.0,2.0,2.0,-1.0,-0.2204792759220492
2p3_L=1.0_S=1.0,1,1,2.0,2.0,2.0,-1.0,1.0,2.0,3.0,-1.0,0.1126872339638022
2p3_L=1.0_S=1.0,1,1,2.0,2.0,2.0,-1.0,2.0,0.0,2.0,-1.0,0.0
2p3_L=1.0_S=1.0,1,1,2.0,2.0,2.0,-1.0,2.0,1.0,1.0,-1.0,-0.2958039891549808
2p3_L=1.0_S=1.0,1,1,2.0,2.0,2.0,-1.0,2.0,1.0,2.0,-1.0,0.2204792759220492
2p3_L=1.0_S=1.0,1,1,2.0,2.0,2.0,-1.0,2.0,1.0,3.0,-1.0,0.1126872339638022
2p3_L=1.0_S=1.0,1,1,2.0,2.0,2.0,-1.0,2.0,2.0,1.0,-1.0,0.0
2p3_L=1.0_S=1.0,1,1,2.0,2.0,2.0,-1.0,2.0,2.0,2.0,-1.0,-1.5
2p3_L=1.0_S=1.0,1,1,2.0,2.0,2.0,-1.0,2.0,2.0,3.0,-1.0,-0.0
2p3_L=1.0_S=1.0,1,1,2.0,2.0,2.0,0.0,0.0,1.0,1.0,0.0,0.0
2p3_L=1.0_S=1.0,1,1,2.0,2.0,2.0,0.0,0.0,2.0,2.0,0.0,0.0
2p3_L=1.0_S=1.0,1,1,2.0,2.0,2.0,0.0,1.0,0.0,1.0,0.0,-0.0
2p3_L=1.0_S=1.0,1,1,2.0,2.0,2.0,0.0,1.0,1.0,1.0,0.0,-0.0
2p3_L=1.0_S=1.0,1,1,2.0,2.0,2.0,0.0,1.0,1.0,2.0,0.0,0.0
2p3_L=1.0_S=1.0,1,1,2.0,2.0,2.0,0.0,1.0,2.0,1.0,0.0,-0.34156502553198653
2p3_L=1.0_S=1.0,1,1,2.0,2.0,2.0,0.0,1.0,2.0,2.0,0.0,-0.0
2p3_L=1.0_S=1.0,1,1,2.0,2.0,2.0,0.0,1.0,2.0,3.0,0.0,0.11952286093343938
2p3_L=1.0_S=1.0,1,1,2.0,2.0,2.0,0.0,2.0,0.0,2.0,0.0,0.0
2p3_L=1.0_S=1.0,1,1,2.0,2.0,2.0,0.0,2.0,1.0,1.0,0.0,-0.34156502553198653
2p3_L=1.0_S=1.0,1,1,2.0,2.0,2.0,0.0,2.0,1.0,2.0,0.0,0.0
2p3_L=1.0_S=1.0,1,1,2.0,2.0,2.0,0.0,2.0,1.0,3.0,0.0,0.11952286093343938
2p3_L=1.0_S=1.0,1,1,2.0,2.0,2.0,0.0,2.0,2.0,1.0,0.0,0.0
2p3_L=1.0_S=1.0,1,1,2.0,2.0,2.0,0.0,2.0,2.0,2.0,0.0,-0.0
2p3_L=1.0_S=1.0,1,1,2.0,2.0,2.0,0.0,2.0,2.0,3.0,0.0,-0.0
2p3_L=1.0_S=1.0,1,1,2.0,2.0,2.0,1.0,0.0,1.0,1.0,1.0,0.0
2p3_L=1.0_S=1.0,1,1,2.0,2.0,2.0,1.0,0.0,2.0,2.0,1.0,-0.0
2p3_L=1.0_S=1.0,1,1,2.0,2.0,2.0,1.0,1.0,0.0,1.0,1.0,-0.0
2p3_L=1.0_S=1.0,1,1,2.0,2.0,2.0,1.0,1.0,1.0,1.0,1.0,-0.0
2p3_L=1.0_S=1.0,1,1,2.0,2.0,2.0,1.0,1.0,1.0,2.0,1.0,-0.0
2p3_L=1.0_S=1.0,1,1,2.0,2.0,2.0,1.0,1.0,2.0,1.0,1.0,-0.2958039891549808
2p3_L=1.0_S=1.0,1,1,2.0,2.0,2.0,1.0,1.0,2.0,2.0,1.0,0.2204792759220492
2p3_L=1.0_S=1.0,1,1,2.0,2.0,2.0,1.0,1.0,2.0,3.0,1.0,0.1126872339638022
2p3_L=1.0_S=1.0,1,1,2.0,2.0,2.0,1.0,2.0,0.0,2.0,1.0,-0.0
2p3_L=1.0_S=1.0,1,1,2.0,2.0,2.0,1.0,2.0,1.0,1.0,1.0,-0.2958039891549808
2p3_L=1.0_S=1.0,1,1,2.0,2.0,2.0,1.0,2.0,1.0,2.0,1.0,-0.2204792759220492
2p3_L=1.0_S=1.0,1,1,2.0,2.0,2.0,1.0,2.0,1.0,3.0,1.0,0.1126872339638022
2p3_L=1.0_S=1.0,1,1,2.0,2.0,2.0,1.0,2.0,2.0,1.0,1.0,0.0
2p3_L=1.0_S=1.0,1,1,2.0,2.0,2.0,1.0,2.0,2.0,2.0,1.0,1.5
2p3_L=1.0_S=1.0,1,1,2.0,2.0,2.0,1.0,2.0,2.0,3.0,1.0,-0.0
2p3_L=1.0_S=1.0,1,1,2.0,2.0,2.0,2.0,0.0,2.0,2.0,2.0,-0.0
2p3_L=1.0_S=1.0,1,1,2.0,2.0,2.0,2.0,1.0,1.0,2.0,2.0,-0.0
2p3_L=1.0_S=1.0,1,1,2.0,2.0,2.0,2.0,1.0,2.0,2.0,2.0,0.4409585518440983
2p3_L=1.0_S=1.0,1,1,2.0,2.0,2.0,2.0,1.0,2.0,3.0,2.0,0.0890870806374748
2p3_L=1.0_S=1.0,1,1,2.0,2.0,2.0,2.0,2.0,0.0,2.0,2.0,-0.0
2p3_L=1.0_S=1.0,1,1,2.0,2.0,2.0,2.0,2.0,1.0,2.0,2.0,-0.4409585518440983
2p3_L=1.0_S=1.0,1,1,2.0,2.0,2.0,2.0,2.0,1.0,3.0,2.0,0.0890870806374748
2p3_L=1.0_S=1.0,1,1,2.0,2.0,2.0,2.0,2.0,2.0,2.0,2.0,2.9999999999999996
2p3_L=1.0_S=1.0,1,1,2.0,2.0,2.0,2.0,2.0,2.0,3.0,2.0,-0.0
2p3_L=1.0_S=1.0,1,1,2.0,2.0,3.0,-3.0,1.0,2.0,3.0,-3.0,-0.35355339059327373
2p3_L=1.0_S=1.0,1,1,2.0,2.0,3.0,-3.0,2.0,1.0,3.0,-3.0,0.35355339059327373
2p3_L=1.0_S=1.0,1,1,2.0,2.0,3.0,-3.0,2.0,2.0,3.0,-3.0,-4.5
2p3_L=1.0_S=1.0,1,1,2.0,2.0,3.0,-3.0,2.0,2.0,4.0,-3.0,0.0
2p3_L=1.0_S=1.0,1,1,2.0,2.0,3.0,-2.0,0.0,2.0,2.0,-2.0,-0.0
2p3_L=1.0_S=1.0,1,1,2.0,2.0,3.0,-2.0,1.0,1.0,2.0,-2.0,-0.0
2p3_L=1.0_S=1.0,1,1,2.0,2.0,3.0,-2.0,1.0,2.0,2.0,-2.0,-0.3333333333333333
2p3_L=1.0_S=1.0,1,1,2.0,2.0,3.0,-2.0,1.0,2.0,3.0,-2.0,-0.23570226039551578
2p3_L=1.0_S=1.0,1,1,2.0,2.0,3.0,-2.0,2.0,0.0,2.0,-2.0,0.0
2p3_L=1.0_S=1.0,1,1,2.0,2.0,3.0,-2.0,2.0,1.0,2.0,-2.0,-0.3333333333333333
2p3_L=1.0_S=1.0,1,1,2.0,2.0,3.0,-2.0,2.0,1.0,3.0,-2.0,0.23570226039551578
2p3_L=1.0_S=1.0,1,1,2.0,2.0,3.0,-2.0,2.0,2.0,2.0,-2.0,-0.0
2p3_L=1.0_S=1.0,1,1,2.0,2.0,3.0,-2.0,2.0,2.0,3.0,-2.0,-2.999999999999999
2p3_L=1.0_S=1.0,1,1,2.0,2.0,3.0,-2.0,2.0,2.0,4.0,-2.0,0.0
2p3_L=1.0_S=1.0,1,1,2.0,2.0,3.0,-1.0,0.0,2.0,2.0,-1.0,-0.0
2p3_L=1.0_S=1.0,1,1,2.0,2.0,3.0,-1.0,1.0,1.0,2.0,-1.0,-0.0
2p3_L=1.0_S=1.0,1,1,2.0,2.0,3.0,-1.0,1.0,2.0,2.0,-1.0,-0.4216370213557838
2p3_L=1.0_S=1.0,1,1,2.0,2.0,3.0,-1.0,1.0,2.0,3.0,-1.0,-0.11785113019775789
2p3_L=1.0_S=1.0,1,1,2.0,2.0,3.0,-1.0,2.0,0.0,2.0,-1.0,0.0
2p3_L=1.0_S=1.0,1,1,2.0,2.0,3.0,-1.0,2.0,1.0,2.0,-1.0,-0.4216370213557838
2p3_L=1.0_S=1.0,1,1,2.0,2.0,3.0,-1.0,2.0,1.0,3.0,-1.0,0.11785113019775789
2p3_L=1.0_S=1.0,1,1,2.0,2.0,3.0,-1.0,2.0,2.0,2.0,-1.0,-0.0
2p3_L=1.0_S=1.0,1,1,2.0,2.0,3.0,-1.0,2.0,2.0,3.0,-1.0,-1.4999999999999996
2p3_L=1.0_S=1.0,1,1,2.0,2.0,3.0,-1.0,2.0,2.0,4.0,-1.0,0.0
2p3_L=1.0_S=1.0,1,1,2.0,2.0,3.0,0.0,0.0,2.0,2.0,0.0,-0.0
2p3_L=1.0_S=1.0,1,1,2.0,2.0,3.0,0.0,1.0,1.0,2.0,0.0,-0.0
2p3_L=1.0_S=1.0,1,1,2.0,2.0,3.0,0.0,1.0,2.0,2.0,0.0,-0.4472135954999579
2p3_L=1.0_S=1.0,1,1,2.0,2.0,3.0,0.0,1.0,2.0,3.0,0.0,0.0
2p3_L=1.0_S=1.0,1,1,2.0,2.0,3.0,0.0,2.0,0.0,2.0,0.0,0.0
2p3_L=1.0_S=1.0,1,1,2.0,2.0,3.0,0.0,2.0,1.0,2.0,0.0,-0.4472135954999579
2p3_L=1.0_S=1.0,1,1,2.0,2.0,3.0,0.0,2.0,1.0,3.0,0.0,-0.0
2p3_L=1.0_S=1.0,1,1,2.0,2.0,3.0,0.0,2.0,2.0,2.0,0.0,-0.0
2p3_L=1.0_S=1.0,1,1,2.0,2.0,3.0,0.0,2.0,2.0,3.0,0.0,0.0
2p3_L=1.0_S=1.0,1,1,2.0,2.0,3.0,0.0,2.0,2.0,4.0,0.0,0.0
2p3_L=1.0_S=1.0,1,1,2.0,2.0,3.0,1.0,0.0,2.0,2.0,1.0,-0.0
2p3_L=1.0_S=1.0,1,1,2.0,2.0,3.0,1.0,1.0,1.0,2.0,1.0,-0.0
2p3_L=1.0_S=1.0,1,1,2.0,2.0,3.0,1.0,1.0,2.0,2.0,1.0,-0.4216370213557838
2p3_L=1.0_S=1.0,1,1,2.0,2.0,3.0,1.0,1.0,2.0,3.0,1.0,0.11785113019775789
2p3_L=1.0_S=1.0,1,1,2.0,2.0,3.0,1.0,2.0,0.0,2.0,1.0,0.0
2p3_L=1.0_S=1.0,1,1,2.0,2.0,3.0,1.0,2.0,1.0,2.0,1.0,-0.4216370213557838
2p3_L=1.0_S=1.0,1,1,2.0,2.0,3.0,1.0,2.0,1.0,3.0,1.0,-0.11785113019775789
2p3_L=1.0_S=1.0,1,1,2.0,2.0,3.0,1.0,2.0,2.0,2.0,1.0,-0.0
2p3_L=1.0_S=1.0,1,1,2.0,2.0,3.0,1.0,2.0,2.0,3.0,1.0,1.4999999999999996
2p3_L=1.0_S=1.0,1,1,2.0,2.0,3.0,1.0,2.0,2.0,4.0,1.0,0.0
2p3_L=1.0_S=1.0,1,1,2.0,2.0,3.0,2.0,0.0,2.0,2.0,2.0,-0.0
2p3_L=1.0_S=1.0,1,1,2.0,2.0,3.0,2.0,1.0,1.0,2.0,2.0,-0.0
2p3_L=1.0_S=1.0,1,1,2.0,2.0,3.0,2.0,1.0,2.0,2.0,2.0,-0.3333333333333333
2p3_L=1.0_S=1.0,1,1,2.0,2.0,3.0,2.0,1.0,2.0,3.0,2.0,0.23570226039551578
2p3_L=1.0_S=1.0,1,1,2.0,2.0,3.0,2.0,2.0,0.0,2.0,2.0,0.0
2p3_L=1.0_S=1.0,1,1,2.0,2.0,3.0,2.0,2.0,1.0,2.0,2.0,-0.3333333333333333
2p3_L=1.0_S=1.0,1,1,2.0,2.0,3.0,2.0,2.0,1.0,3.0,2.0,-0.23570226039551578
2p3_L=1.0_S=1.0,1,1,2.0,2.0,3.0,2.0,2.0,2.0,2.0,2.0,-0.0
2p3_L=1.0_S=1.0,1,1,2.0,2.0,3.0,2.0,2.0,2.0,3.0,2.0,2.999999999999999
2p3_L=1.0_S=1.0,1,1,2.0,2.0,3.0,2.0,2.0,2.0,4.0,2.0,0.0
2p3_L=1.0_S=1.0,1,1,2.0,2.0,3.0,3.0,1.0,2.0,3.0,3.0,0.35355339059327373
2p3_L=1.0_S=1.0,1,1,2.0,2.0,3.0,3.0,2.0,1.0,3.0,3.0,-0.35355339059327373
2p3_L=1.0_S=1.0,1,1,2.0,2.0,3.0,3.0,2.0,2.0,3.0,3.0,4.5
2p3_L=1.0_S=1.0,1,1,2.0,2.0,3.0,3.0,2.0,2.0,4.0,3.0,0.0
2p3_L=1.0_S=1.0,1,1,2.0,2.0,4.0,-4.0,2.0,2.0,4.0,-4.0,-6.0
2p3_L=1.0_S=1.0,1,1,2.0,2.0,4.0,-3.0,1.0,2.0,3.0,-3.0,-0.35355339059327384
2p3_L=1.0_S=1.0,1,1,2.0,2.0,4.0,-3.0,2.0,1.0,3.0,-3.0,-0.35355339059327384
2p3_L=1.0_S=1.0,1,1,2.0,2.0,4.0,-3.0,2.0,2.0,3.0,-3.0,0.0
2p3_L=1.0_S=1.0,1,1,2.0,2.0,4.0,-3.0,2.0,2.0,4.0,-3.0,-4.500000000000001
2p3_L=1.0_S=1.0,1,1,2.0,2.0,4.0,-2.0,1.0,2.0,3.0,-2.0,-0.4629100498862757
2p3_L=1.0_S=1.0,1,1,2.0,2.0,4.0,-2.0,2.0,1.0,3.0,-2.0,-0.4629100498862757
2p3_L=1.0_S=1.0,1,1,2.0,2.0,4.0,-2.0,2.0,2.0,3.0,-2.0,0.0
2p3_L=1.0_S=1.0,1,1,2.0,2.0,4.0,-2.0,2.0,2.0,4.0,-2.0,-2.9999999999999996
2p3_L=1.0_S=1.0,1,1,2.0,2.0,4.0,-1.0,1.0,2.0,3.0,-1.0,-0.5175491695067657
2p3_L=1.0_S=1.0,1,1,2.0,2.0,4.0,-1.0,2.0,1.0,3.0,-1.0,-0.5175491695067657
2p3_L=1.0_S=1.0,1,1,2.0,2.0,4.0,-1.0,2.0,2.0,3.0,-1.0,0.0
2p3_L=1.0_S=1.0,1,1,2.0,2.0,4.0,-1.0,2.0,2.0,4.0,-1.0,-1.4999999999999998
2p3_L=1.0_S=1.0,1,1,2.0,2.0,4.0,0.0,1.0,2.0,3.0,0.0,-0.5345224838248489
2p3_L=1.0_S=1.0,1,1,2.0,2.0,4.0,0.0,2.0,1.0,3.0,0.0,-0.5345224838248489
2p3_L=1.0_S=1.0,1,1,2.0,2.0,4.0,0.0,2.0,2.0,3.0,0.0,0.0
2p3_L=1.0_S=1.0,1,1,2.0,2.0,4.0,0.0,2.0,2.0,4.0,0.0,-0.0
2p3_L=1.0_S=1.0,1,1,2.0,2.0,4.0,1.0,1.0,2.0,3.0,1.0,-0.5175491695067657
2p3_L=1.0_S=1.0,1,1,2.0,2.0,4.0,1.0,2.0,1.0,3.0,1.0,-0.5175491695067657
2p3_L=1.0_S=1.0,1,1,2.0,2.0,4.0,1.0,2.0,2.0,3.0,1.0,0.0
2p3_L=1.0_S=1.0,1,1,2.0,2.0,4.0,1.0,2.0,2.0,4.0,1.0,1.4999999999999998
2p3_L=1.0_S=1.0,1,1,2.0,2.0,4.0,2.0,1.0,2.0,3.0,2.0,-0.4629100498862757
2p3_L=1.0_S=1.0,1,1,2.0,2.0,4.0,2.0,2.0,1.0,3.0,2.0,-0.4629100498862757
2p3_L=1.0_S=1.0,1,1,2.0,2.0,4.0,2.0,2.0,2.0,3.0,2.0,0.0
2p3_L=1.0_S=1.0,1,1,2.0,2.0,4.0,2.0,2.0,2.0,4.0,2.0,2.9999999999999996
2p3_L=1.0_S=1.0,1,1,2.0,2.0,4.0,3.0,1.0,2.0,3.0,3.0,-0.35355339059327384
2p3_L=1.0_S=1.0,1,1,2.0,2.0,4.0,3.0,2.0,1.0,3.0,3.0,-0.35355339059327384
2p3_L=1.0_S=1.0,1,1,2.0,2.0,4.0,3.0,2.0,2.0,3.0,3.0,0.0
2p3_L=1.0_S=1.0,1,1,2.0,2.0,4.0,3.0,2.0,2.0,4.0,3.0,4.500000000000001
2p3_L=1.0_S=1.0,1,1,2.0,2.0,4.0,4.0,2.0,2.0,4.0,4.0,6.0
3p3_L=1.0_S=1.0,1,1,0.0,0.0,0.0,-0.0,0.0,1.0,1.0,0.0,-0.8164965809277258
3p3_L=1.0_S=1.0,1,1,0.0,0.0,0.0,-0.0,1.0,0.0,1.0,0.0,-0.8164965809277258
3p3_L=1.0_S=1.0,1,1,0.0,0.0,0.0,-0.0,1.0,1.0,1.0,0.0,-0.0
3p3_L=1.0_S=1.0,1,1,0.0,0.0,0.0,-0.0,1.0,2.0,1.0,0.0,-0.0
3p3_L=1.0_S=1.0,1,1,0.0,0.0,0.0,-0.0,2.0,1.0,1.0,0.0,-0.0
3p3_L=1.0_S=1.0,1,1,0.0,0.0,0.0,-0.0,2.0,2.0,1.0,0.0,-0.0
3p3_L=1.0_S=1.0,1,1,0.0,1.0,1.0,-1.0,0.0,1.0,1.0,-1.0,-1.4999999999999998
3p3_L=1.0_S=1.0,1,1,0.0,1.0,1.0,-1.0,0.0,2.0,2.0,-1.0,-0.5
3p3_L=1.0_S=1.0,1,1,0.0,1.0,1.0,-1.0,1.0,0.0,1.0,-1.0,0.0
3p3_L=1.0_S=1.0,1,1,0.0,1.0,1.0,-1.0,1.0,1.0,1.0,-1.0,-0.5773502691896256
3p3_L=1.0_S=1.0,1,1,0.0,1.0,1.0,-1.0,1.0,1.0,2.0,-1.0,-0.5773502691896257
3p3_L=1.0_S=1.0,1,1,0.0,1.0,1.0,-1.0,1.0,2.0,1.0,-1.0,-0.0
3p3_L=1.0_S=1.0,1,1,0.0,1.0,1.0,-1.0,1.0,2.0,2.0,-1.0,-0.0
3p3_L=1.0_S=1.0,1,1,0.0,1.0,1.0,-1.0,2.0,0.0,2.0,-1.0,-0.0
3p3_L=1.0_S=1.0,1,1,0.0,1.0,1.0,-1.0,2.0,1.0,1.0,-1.0,0.0
3p3_L=1.0_S=1.0,1,1,0.0,1.0,1.0,-1.0,2.0,1.0,2.0,-1.0,-0.0
3p3_L=1.0_S=1.0,1,1,0.0,1.0,1.0,-1.0,2.0,2.0,1.0,-1.0,0.0
3p3_L=1.0_S=1.0,1,1,0.0,1.0,1.0,-1.0,2.0,2.0,2.0,-1.0,-0.0
3p3_L=1.0_S=1.0,1,1,0.0,1.0,1.0,0.0,0.0,0.0,0.0,-0.0,-0.8164965809277258
3p3_L=1.0_S=1.0,1,1,0.0,1.0,1.0,0.0,0.0,1.0,1.0,0.0,0.0
3p3_L=1.0_S=1.0,1,1,0.0,1.0,1.0,0.0,0.0,2.0,2.0,0.0,-0.5773502691896256
3p3_L=1.0_S=1.0,1,1,0.0,1.0,1.0,0.0,1.0,0.0,1.0,0.0,-0.0
3p3_L=1.0_S=1.0,1,1,0.0,1.0,1.0,0.0,1.0,1.0,0.0,-0.0,0.47140452079103157
3p3_L=1.0_S=1.0,1,1,0.0,1.0,1.0,0.0,1.0,1.0,1.0,0.0,0.0
3p3_L=1.0_S=1.0,1,1,0.0,1.0,1.0,0.0,1.0,1.0,2.0,0.0,-0.6666666666666665
3p3_L=1.0_S=1.0,1,1,0.0,1.0,1.0,0.0,1.0,2.0,1.0,0.0,0.0
3p3_L=1.0_S=1.0,1,1,0.0,1.0,1.0,0.0,1.0,2.0,2.0,0.0,-0.0
3p3_L=1.0_S=1.0,1,1,0.0,1.0,1.0,0.0,2.0,0.0,2.0,0.0,-0.0
3p3_L=1.0_S=1.0,1,1,0.0,1.0,1.0,0.0,2.0,1.0,1.0,0.0,-0.0
3p3_L=1.0_S=1.0,1,1,0.0,1.0,1.0,0.0,2.0,1.0,2.0,0.0,-0.0
3p3_L=1.0_S=1.0,1,1,0.0,1.0,1.0,0.0,2.0,2.0,0.0,-0.0,0.0
3p3_L=1.0_S=1.0,1,1,0.0,1.0,1.0,0.0,2.0,2.0,1.0,0.0,-0.0
3p3_L=1.0_S=1.0,1,1,0.0,1.0,1.0,0.0,2.0,2.0,2.0,0.0,-0.0
3p3_L=1.0_S=1.0,1,1,0.0,1.0,1.0,1.0,0.0,1.0,1.0,1.0,1.4999999999999998
3p3_L=1.0_S=1.0,1,1,0.0,1.0,1.0,1.0,0.0,2.0,2.0,1.0,-0.5
3p3_L=1.0_S=1.0,1,1,0.0,1.0,1.0,1.0,1.0,0.0,1.0,1.0,-0.0
3p3_L=1.0_S=1.0,1,1,0.0,1.0,1.0,1.0,1.0,1.0,1.0,1.0,0.5773502691896256
3p3_L=1.0_S=1.0,1,1,0.0,1.0,1.0,1.0,1.0,1.0,2.0,1.0,-0.5773502691896257
3p3_L=1.0_S=1.0,1,1,0.0,1.0,1.0,1.0,1.0,2.0,1.0,1.0,0.0
3p3_L=1.0_S=1.0,1,1,0.0,1.0,1.0,1.0,1.0,2.0,2.0,1.0,-0.0
3p3_L=1.0_S=1.0,1,1,0.0,1.0,1.0,1.0,2.0,0.0,2.0,1.0,-0.0
3p3_L=1.0_S=1.0,1,1,0.0,1.0,1.0,1.0,2.0,1.0,1.0,1.0,-0.0
3p3_L=1.0_S=1.0,1,1,0.0,1.0,1.0,1.0,2.0,1.0,2.0,1.0,-0.0
3p3_L=1.0_S=1.0,1,1,0.0,1.0,1.0,1.0,2.0,2.0,1.0,1.0,-0.0
3p3_L=1.0_S=1.0,1,1,0.0,1.0,1.0,1.0,2.0,2.0,2.0,1.0,-0.0
3p3_L=1.0_S=1.0,1,1,0.0,2.0,2.0,-2.0,0.0,2.0,2.0,-2.0,-3.0
3p3_L=1.0_S=1.0,1,1,0.0,2.0,2.0,-2.0,1.0,1.0,2.0,-2.0,0.0
3p3_L=1.0_S=1.0,1,1,0.0,2.0,2.0,-2.0,1.0,2.0,2.0,-2.0,-0.6666666666666665
3p3_L=1.0_S=1.0,1,1,0.0,2.0,2.0,-2.0,1.0,2.0,3.0,-2.0,-0.47140452079103173
3p3_L=1.0_S=1.0,1,1,0.0,2.0,2.0,-2.0,2.0,0.0,2.0,-2.0,0.0
3p3_L=1.0_S=1.0,1,1,0.0,2.0,2.0,-2.0,2.0,1.0,2.0,-2.0,0.0
3p3_L=1.0_S=1.0,1,1,0.0,2.0,2.0,-2.0,2.0,1.0,3.0,-2.0,-0.0
3p3_L=1.0_S=1.0,1,1,0.0,2.0,2.0,-2.0,2.0,2.0,2.0,-2.0,0.0
3p3_L=1.0_S=1.0,1,1,0.0,2.0,2.0,-2.0,2.0,2.0,3.0,-2.0,-0.0
3p3_L=1.0_S=1.0,1,1,0.0,2.0,2.0,-1.0,0.0,1.0,1.0,-1.0,-0.5
3p3_L=1.0_S=1.0,1,1,0.0,2.0,2.0,-1.0,0.0,2.0,2.0,-1.0,-1.5000000000000002
3p3_L=1.0_S=1.0,1,1,0.0,2.0,2.0,-1.0,1.0,0.0,1.0,-1.0,0.0
3p3_L=1.0_S=1.0,1,1,0.0,2.0,2.0,-1.0,1.0,1.0,1.0,-1.0,0.0
3p3_L=1.0_S=1.0,1,1,0.0,2.0,2.0,-1.0,1.0,1.0,2.0,-1.0,0.0
3p3_L=1.0_S=1.0,1,1,0.0,2.0,2.0,-1.0,1.0,2.0,1.0,-1.0,0.44721359549995787
3p3_L=1.0_S=1.0,1,1,0.0,2.0,2.0,-1.0,1.0,2.0,2.0,-1.0,-0.33333333333333326
3p3_L=1.0_S=1.0,1,1,0.0,2.0,2.0,-1.0,1.0,2.0,3.0,-1.0,-0.5962847939999439
3p3_L=1.0_S=1.0,1,1,0.0,2.0,2.0,-1.0,2.0,0.0,2.0,-1.0,0.0
3p3_L=1.0_S=1.0,1,1,0.0,2.0,2.0,-1.0,2.0,1.0,1.0,-1.0,0.0
3p3_L=1.0_S=1.0,1,1,0.0,2.0,2.0,-1.0,2.0,1.0,2.0,-1.0,0.0
3p3_L=1.0_S=1.0,1,1,0.0,2.0,2.0,-1.0,2.0,1.0,3.0,-1.0,-0.0
3p3_L=1.0_S=1.0,1,1,0.0,2.0,2.0,-1.0,2.0,2.0,1.0,-1.0,0.0
3p3_L=1.0_S=1.0,1,1,0.0,2.0,2.0,-1.0,2.0,2.0,2.0,-1.0,0.0
3p3_L=1.0_S=1.0,1,1,0.0,2.0,2.0,-1.0,2.0,2.0,3.0,-1.0,-0.0
3p3_L=1.0_S=1.0,1,1,0.0,2.0,2.0,0.0,0.0,1.0,1.0,0.0,-0.5773502691896256
3p3_L=1.0_S=1.0,1,1,0.0,2.0,2.0,0.0,0.0,2.0,2.0,0.0,-0.0
3p3_L=1.0_S=1.0,1,1,0.0,2.0,2.0,0.0,1.0,0.0,1.0,0.0,0.0
3p3_L=1.0_S=1.0,1,1,0.0,2.0,2.0,0.0,1.0,1.0,1.0,0.0,0.0
3p3_L=1.0_S=1.0,1,1,0.0,2.0,2.0,0.0,1.0,1.0,2.0,0.0,0.0
3p3_L=1.0_S=1.0,1,1,0.0,2.0,2.0,0.0,1.0,2.0,1.0,0.0,0.5163977794943221
3p3_L=1.0_S=1.0,1,1,0.0,2.0,2.0,0.0,1.0,2.0,2.0,0.0,-0.0
3p3_L=1.0_S=1.0,1,1,0.0,2.0,2.0,0.0,1.0,2.0,3.0,0.0,-0.632455532033676
3p3_L=1.0_S=1.0,1,1,0.0,2.0,2.0,0.0,2.0,0.0,2.0,0.0,0.0
3p3_L=1.0_S=1.0,1,1,0.0,2.0,2.0,0.0,2.0,1.0,1.0,0.0,0.0
3p3_L=1.0_S=1.0,1,1,0.0,2.0,2.0,0.0,2.0,1.0,2.0,0.0,0.0
3p3_L=1.0_S=1.0,1,1,0.0,2.0,2.0,0.0,2.0,1.0,3.0,0.0,-0.0
3p3_L=1.0_S=1.0,1,1,0.0,2.0,2.0,0.0,2.0,2.0,1.0,0.0,0.0
3p3_L=1.0_S=1.0,1,1,0.0,2.0,2.0,0.0,2.0,2.0,2.0,0.0,0.0
3p3_L=1.0_S=1.0,1,1,0.0,2.0,2.0,0.0,2.0,2.0,3.0,0.0,-0.0
3p3_L=1.0_S=1.0,1,1,0.0,2.0,2.0,1.0,0.0,1.0,1.0,1.0,-0.5
3p3_L=1.0_S=1.0,1,1,0.0,2.0,2.0,1.0,0.0,2.0,2.0,1.0,1.5000000000000002
3p3_L=1.0_S=1.0,1,1,0.0,2.0,2.0,1.0,1.0,0.0,1.0,1.0,0.0
3p3_L=1.0_S=1.0,1,1,0.0,2.0,2.0,1.0,1.0,1.0,1.0,1.0,0.0
3p3_L=1.0_S=1.0,1,1,0.0,2.0,2.0,1.0,1.0,1.0,2.0,1.0,-0.0
3p3_L=1.0_S=1.0,1,1,0.0,2.0,2.0,1.0,1.0,2.0,1.0,1.0,0.44721359549995787
3p3_L=1.0_S=1.0,1,1,0.0,2.0,2.0,1.0,1.0,2.0,2.0,1.0,0.33333333333333326
3p3_L=1.0_S=1.0,1,1,0.0,2.0,2.0,1.0,1.0,2.0,3.0,1.0,-0.5962847939999439
3p3_L=1.0_S=1.0,1,1,0.0,2.0,2.0,1.0,2.0,0.0,2.0,1.0,-0.0
3p3_L=1.0_S=1.0,1,1,0.0,2.0,2.0,1.0,2.0,1.0,1.0,1.0,0.0
3p3_L=1.0_S=1.0,1,1,0.0,2.0,2.0,1.0,2.0,1.0,2.0,1.0,-0.0
3p3_L=1.0_S=1.0,1,1,0.0,2.0,2.0,1.0,2.0,1.0,3.0,1.0,-0.0
3p3_L=1.0_S=1.0,1,1,0.0,2.0,2.0,1.0,2.0,2.0,1.0,1.0,0.0
3p3_L=1.0_S=1.0,1,1,0.0,2.0,2.0,1.0,2.0,2.0,2.0,1.0,-0.0
3p3_L=1.0_S=1.0,1,1,0.0,2.0,2.0,1.0,2.0,2.0,3.0,1.0,-0.0
3p3_L=1.0_S=1.0,1,1,0.0,2.0,2.0,2.0,0.0,2.0,2.0,2.0,3.0
3p3_L=1.0_S=1.0,1,1,0.0,2.0,2.0,2.0,1.0,1.0,2.0,2.0,-0.0
3p3_L=1.0_S=1.0,1,1,0.0,2.0,2.0,2.0,1.0,2.0,2.0,2.0,0.6666666666666665
3p3_L=1.0_S=1.0,1,1,0.0,2.0,2.0,2.0,1.0,2.0,3.0,2.0,-0.47140452079103173
3p3_L=1.0_S=1.0,1,1,0.0,2.0,2.0,2.0,2.0,0.0,2.0,2.0,-0.0
3p3_L=1.0_S=1.0,1,1,0.0,2.0,2.0,2.0,2.0,1.0,2.0,2.0,-0.0
3p3_L=1.0_S=1.0,1,1,0.0,2.0,2.0,2.0,2.0,1.0,3.0,2.0,-0.0
3p3_L=1.0_S=1.0,1,1,0.0,2.0,2.0,2.0,2.0,2.0,2.0,2.0,-0.0
3p3_L=1.0_S=1.0,1,1,0.0,2.0,2.0,2.0,2.0,2.0,3.0,2.0,-0.0
3p3_L=1.0_S=1.0,1,1,1.0,0.0,1.0,-1.0,0.0,1.0,1.0,-1.0,0.0
3p3_L=1.0_S=1.0,1,1,1.0,0.0,1.0,-1.0,0.0,2.0,2.0,-1.0,0.0
3p3_L=1.0_S=1.0,1,1,1.0,0.0,1.0,-1.0,1.0,0.0,1.0,-1.0,-1.4999999999999998
3p3_L=1.0_S=1.0,1,1,1.0,0.0,1.0,-1.0,1.0,1.0,1.0,-1.0,0.5773502691896256
3p3_L=1.0_S=1.0,1,1,1.0,0.0,1.0,-1.0,1.0,1.0,2.0,-1.0,-0.5773502691896257
3p3_L=1.0_S=1.0,1,1,1.0,0.0,1.0,-1.0,1.0,2.0,1.0,-1.0,0.0
3p3_L=1.0_S=1.0,1,1,1.0,0.0,1.0,-1.0,1.0,2.0,2.0,-1.0,-0.0
3p3_L=1.0_S=1.0,1,1,1.0,0.0,1.0,-1.0,2.0,0.0,2.0,-1.0,-0.5
3p3_L=1.0_S=1.0,1,1,1.0,0.0,1.0,-1.0,2.0,1.0,1.0,-1.0,0.0
3p3_L=1.0_S=1.0,1,1,1.0,0.0,1.0,-1.0,2.0,1.0,2.0,-1.0,-0.0
3p3_L=1.0_S=1.0,1,1,1.0,0.0,1.0,-1.0,2.0,2.0,1.0,-1.0,0.0
3p3_L=1.0_S=1.0,1,1,1.0,0.0,1.0,-1.0,2.0,2.0,2.0,-1.0,-0.0
3p3_L=1.0_S=1.0,1,1,1.0,0.0,1.0,0.0,0.0,0.0,0.0,-0.0,-0.8164965809277258
3p3_L=1.0_S=1.0,1,1,1.0,0.0,1.0,0.0,0.0,1.0,1.0,0.0,-0.0
3p3_L=1.0_S=1.0,1,1,1.0,0.0,1.0,0.0,0.0,2.0,2.0,0.0,0.0
3p3_L=1.0_S=1.0,1,1,1.0,0.0,1.0,0.0,1.0,0.0,1.0,0.0,0.0
3p3_L=1.0_S=1.0,1,1,1.0,0.0,1.0,0.0,1.0,1.0,0.0,-0.0,0.47140452079103157
3p3_L=1.0_S=1.0,1,1,1.0,0.0,1.0,0.0,1.0,1.0,1.0,0.0,-0.0
3p3_L=1.0_S=1.0,1,1,1.0,0.0,1.0,0.0,1.0,1.0,2.0,0.0,-0.6666666666666665
3p3_L=1.0_S=1.0,1,1,1.0,0.0,1.0,0.0,1.0,2.0,1.0,0.0,-0.0
3p3_L=1.0_S=1.0,1,1,1.0,0.0,1.0,0.0,1.0,2.0,2.0,0.0,-0.0
3p3_L=1.0_S=1.0,1,1,1.0,0.0,1.0,0.0,2.0,0.0,2.0,0.0,-0.5773502691896256
3p3_L=1.0_S=1.0,1,1,1.0,0.0,1.0,0.0,2.0,1.0,1.0,0.0,-0.0
3p3_L=1.0_S=1.0,1,1,1.0,0.0,1.0,0.0,2.0,1.0,2.0,0.0,-0.0
3p3_L=1.0_S=1.0,1,1,1.0,0.0,1.0,0.0,2.0,2.0,0.0,-0.0,0.0
3p3_L=1.0_S=1.0,1,1,1.0,0.0,1.0,0.0,2.0,2.0,1.0,0.0,-0.0
3p3_L=1.0_S=1.0,1,1,1.0,0.0,1.0,0.0,2.0,2.0,2.0,0.0,-0.0
3p3_L=1.0_S=1.0,1,1,1.0,0.0,1.0,1.0,0.0,1.0,1.0,1.0,-0.0
3p3_L=1.0_S=1.0,1,1,1.0,0.0,1.0,1.0,0.0,2.0,2.0,1.0,0.0
3p3_L=1.0_S=1.0,1,1,1.0,0.0,1.0,1.0,1.0,0.0,1.0,1.0,1.4999999999999998
3p3_L=1.0_S=1.0,1,1,1.0,0.0,1.0,1.0,1.0,1.0,1.0,1.0,-0.5773502691896256
3p3_L=1.0_S=1.0,1,1,1.0,0.0,1.0,1.0,1.0,1.0,2.0,1.0,-0.5773502691896257
3p3_L=1.0_S=1.0,1,1,1.0,0.0,1.0,1.0,1.0,2.0,1.0,1.0,-0.0
3p3_L=1.0_S=1.0,1,1,1.0,0.0,1.0,1.0,1.0,2.0,2.0,1.0,-0.0
3p3_L=1.0_S=1.0,1,1,1.0,0.0,1.0,1.0,2.0,0.0,2.0,1.0,-0.5
3p3_L=1.0_S=1.0,1,1,1.0,0.0,1.0,1.0,2.0,1.0,1.0,1.0,-0.0
3p3_L=1.0_S=1.0,1,1,1.0,0.0,1.0,1.0,2.0,1.0,2.0,1.0,-0.0
3p3_L=1.0_S=1.0,1,1,1.0,0.0,1.0,1.0,2.0,2.0,1.0,1.0,-0.0
3p3_L=1.0_S=1.0,1,1,1.0,0.0,1.0,1.0,2.0,2.0,2.0,1.0,-0.0
3p3_L=1.0_S=1.0,1,1,1.0,1.0,0.0,-0.0,0.0,1.0,1.0,0.0,0.47140452079103157
3p3_L=1.0_S=1.0,1,1,1.0,1.0,0.0,-0.0,1.0,0.0,1.0,0.0,0.47140452079103157
3p3_L=1.0_S=1.0,1,1,1.0,1.0,0.0,-0.0,1.0,1.0,1.0,0.0,-0.0
3p3_L=1.0_S=1.0,1,1,1.0,1.0,0.0,-0.0,1.0,2.0,1.0,0.0,-0.5270462766947297
3p3_L=1.0_S=1.0,1,1,1.0,1.0,0.0,-0.0,2.0,1.0,1.0,0.0,-0.5270462766947297
3p3_L=1.0_S=1.0,1,1,1.0,1.0,0.0,-0.0,2.0,2.0,1.0,0.0,-0.0
3p3_L=1.0_S=1.0,1,1,1.0,1.0,1.0,-1.0,0.0,1.0,1.0,-1.0,-0.5773502691896256
3p3_L=1.0_S=1.0,1,1,1.0,1.0,1.0,-1.0,0.0,2.0,2.0,-1.0,-0.0
3p3_L=1.0_S=1.0,1,1,1.0,1.0,1.0,-1.0,1.0,0.0,1.0,-1.0,0.5773502691896256
3p3_L=1.0_S=1.0,1,1,1.0,1.0,1.0,-1.0,1.0,1.0,1.0,-1.0,-1.4999999999999998
3p3_L=1.0_S=1.0,1,1,1.0,1.0,1.0,-1.0,1.0,1.0,2.0,-1.0,0.0
3p3_L=1.0_S=1.0,1,1,1.0,1.0,1.0,-1.0,1.0,2.0,1.0,-1.0,0.32274861218395134
3p3_L=1.0_S=1.0,1,1,1.0,1.0,1.0,-1.0,1.0,2.0,2.0,-1.0,-0.43301270189221924
3p3_L=1.0_S=1.0,1,1,1.0,1.0,1.0,-1.0,2.0,0.0,2.0,-1.0,-0.0
3p3_L=1.0_S=1.0,1,1,1.0,1.0,1.0,-1.0,2.0,1.0,1.0,-1.0,-0.32274861218395134
3p3_L=1.0_S=1.0,1,1,1.0,1.0,1.0,-1.0,2.0,1.0,2.0,-1.0,-0.43301270189221924
3p3_L=1.0_S=1.0,1,1,1.0,1.0,1.0,-1.0,2.0,2.0,1.0,-1.0,-0.0
3p3_L=1.0_S=1.0,1,1,1.0,1.0,1.0,-1.0,2.0,2.0,2.0,-1.0,-0.0
3p3_L=1.0_S=1.0,1,1,1.0,1.0,1.0,0.0,0.0,0.0,0.0,-0.0,0.0
3p3_L=1.0_S=1.0,1,1,1.0,1.0,1.0,0.0,0.0,1.0,1.0,0.0,0.0
3p3_L=1.0_S=1.0,1,1,1.0,1.0,1.0,0.0,0.0,2.0,2.0,0.0,-0.0
3p3_L=1.0_S=1.0,1,1,1.0,1.0,1.0,0.0,1.0,0.0,1.0,0.0,-0.0
3p3_L=1.0_S=1.0,1,1,1.0,1.0,1.0,0.0,1.0,1.0,0.0,-0.0,-0.0
3p3_L=1.0_S=1.0,1,1,1.0,1.0,1.0,0.0,1.0,1.0,1.0,0.0,0.0
3p3_L=1.0_S=1.0,1,1,1.0,1.0,1.0,0.0,1.0,1.0,2.0,0.0,0.0
3p3_L=1.0_S=1.0,1,1,1.0,1.0,1.0,0.0,1.0,2.0,1.0,0.0,-0.0
3p3_L=1.0_S=1.0,1,1,1.0,1.0,1.0,0.0,1.0,2.0,2.0,0.0,-0.49999999999999983
3p3_L=1.0_S=1.0,1,1,1.0,1.0,1.0,0.0,2.0,0.0,2.0,0.0,-0.0
3p3_L=1.0_S=1.0,1,1,1.0,1.0,1.0,0.0,2.0,1.0,1.0,0.0,0.0
3p3_L=1.0_S=1.0,1,1,1.0,1.0,1.0,0.0,2.0,1.0,2.0,0.0,-0.49999999999999983
3p3_L=1.0_S=1.0,1,1,1.0,1.0,1.0,0.0,2.0,2.0,0.0,-0.0,-0.0
3p3_L=1.0_S=1.0,1,1,1.0,1.0,1.0,0.0,2.0,2.0,1.0,0.0,0.0
3p3_L=1.0_S=1.0,1,1,1.0,1.0,1.0,0.0,2.0,2.0,2.0,0.0,-0.0
3p3_L=1.0_S=1.0,1,1,1.0,1.0,1.0,1.0,0.0,1.0,1.0,1.0,0.5773502691896256
3p3_L=1.0_S=1.0,1,1,1.0,1.0,1.0,1.0,0.0,2.0,2.0,1.0,-0.0
3p3_L=1.0_S=1.0,1,1,1.0,1.0,1.0,1.0,1.0,0.0,1.0,1.0,-0.5773502691896256
3p3_L=1.0_S=1.0,1,1,1.0,1.0,1.0,1.0,1.0,1.0,1.0,1.0,1.4999999999999998
3p3_L=1.0_S=1.0,1,1,1.0,1.0,1.0,1.0,1.0,1.0,2.0,1.0,0.0
3p3_L=1.0_S=1.0,1,1,1.0,1.0,1.0,1.0,1.0,2.0,1.0,1.0,-0.32274861218395134
3p3_L=1.0_S=1.0,1,1,1.0,1.0,1.0,1.0,1.0,2.0,2.0,1.0,-0.43301270189221924
3p3_L=1.0_S=1.0,1,1,1.0,1.0,1.0,1.0,2.0,0.0,2.0,1.0,-0.0
3p3_L=1.0_S=1.0,1,1,1.0,1.0,1.0,1.0,2.0,1.0,1.0,1.0,0.32274861218395134
3p3_L=1.0_S=1.0,1,1,1.0,1.0,1.0,1.0,2.0,1.0,2.0,1.0,-0.43301270189221924
3p3_L=1.0_S=1.0,1,1,1.0,1.0,1.0,1.0,2.0,2.0,1.0,1.0,0.0
3p3_L=1.0_S=1.0,1,1,1.0,1.0,1.0,1.0,2.0,2.0,2.0,1.0,-0.0
3p3_L=1.0_S=1.0,1,1,1.0,1.0,2.0,-2.0,0.0,2.0,2.0,-2.0,0.0
3p3_L=1.0_S=1.0,1,1,1.0,1.0,2.0,-2.0,1.0,1.0,2.0,-2.0,-2.9999999999999996
3p3_L=1.0_S=1.0,1,1,1.0,1.0,2.0,-2.0,1.0,2.0,2.0,-2.0,0.28867513459481287
3p3_L=1.0_S=1.0,1,1,1.0,1.0,2.0,-2.0,1.0,2.0,3.0,-2.0,-0.408248290463863
3p3_L=1.0_S=1.0,1,1,1.0,1.0,2.0,-2.0,2.0,0.0,2.0,-2.0,0.0
3p3_L=1.0_S=1.0,1,1,1.0,1.0,2.0,-2.0,2.0,1.0,2.0,-2.0,-0.28867513459481287
3p3_L=1.0_S=1.0,1,1,1.0,1.0,2.0,-2.0,2.0,1.0,3.0,-2.0,-0.408248290463863
3p3_L=1.0_S=1.0,1,1,1.0,1.0,2.0,-2.0,2.0,2.0,2.0,-2.0,0.0
3p3_L=1.0_S=1.0,1,1,1.0,1.0,2.0,-2.0,2.0,2.0,3.0,-2.0,-0.0
3p3_L=1.0_S=1.0,1,1,1.0,1.0,2.0,-1.0,0.0,1.0,1.0,-1.0,-0.5773502691896257
3p3_L=1.0_S=1.0,1,1,1.0,1.0,2.0,-1.0,0.0,2.0,2.0,-1.0,0.0
3p3_L=1.0_S=1.0,1,1,1.0,1.0,2.0,-1.0,1.0,0.0,1.0,-1.0,-0.5773502691896257
3p3_L=1.0_S=1.0,1,1,1.0,1.0,2.0,-1.0,1.0,1.0,1.0,-1.0,0.0
3p3_L=1.0_S=1.0,1,1,1.0,1.0,2.0,-1.0,1.0,1.0,2.0,-1.0,-1.5
3p3_L=1.0_S=1.0,1,1,1.0,1.0,2.0,-1.0,1.0,2.0,1.0,-1.0,0.06454972243679027
3p3_L=1.0_S=1.0,1,1,1.0,1.0,2.0,-1.0,1.0,2.0,2.0,-1.0,0.14433756729740646
3p3_L=1.0_S=1.0,1,1,1.0,1.0,2.0,-1.0,1.0,2.0,3.0,-1.0,-0.5163977794943222
3p3_L=1.0_S=1.0,1,1,1.0,1.0,2.0,-1.0,2.0,0.0,2.0,-1.0,0.0
3p3_L=1.0_S=1.0,1,1,1.0,1.0,2.0,-1.0,2.0,1.0,1.0,-1.0,0.06454972243679027
3p3_L=1.0_S=1.0,1,1,1.0,1.0,2.0,-1.0,2.0,1.0,2.0,-1.0,-0.14433756729740646
3p3_L=1.0_S=1.0,1,1,1.0,1.0,2.0,-1.0,2.0,1.0,3.0,-1.0,-0.5163977794943222
3p3_L=1.0_S=1.0,1,1,1.0,1.0,2.0,-1.0,2.0,2.0,1.0,-1.0,0.0
3p3_L=1.0_S=1.0,1,1,1.0,1.0,2.0,-1.0,2.0,2.0,2.0,-1.0,0.0
3p3_L=1.0_S=1.0,1,1,1.0,1.0,2.0,-1.0,2.0,2.0,3.0,-1.0,-0.0
3p3_L=1.0_S=1.0,1,1,1.0,1.0,2.0,0.0,0.0,1.0,1.0,0.0,-0.6666666666666665
3p3_L=1.0_S=1.0,1,1,1.0,1.0,2.0,0.0,0.0,2.0,2.0,0.0,0.0
3p3_L=1.0_S=1.0,1,1,1.0,1.0,2.0,0.0,1.0,0.0,1.0,0.0,-0.6666666666666665
3p3_L=1.0_S=1.0,1,1,1.0,1.0,2.0,0.0,1.0,1.0,1.0,0.0,0.0
3p3_L=1.0_S=1.0,1,1,1.0,1.0,2.0,0.0,1.0,1.0,2.0,0.0,-0.0
3p3_L=1.0_S=1.0,1,1,1.0,1.0,2.0,0.0,1.0,2.0,1.0,0.0,0.07453559924999298
3p3_L=1.0_S=1.0,1,1,1.0,1.0,2.0,0.0,1.0,2.0,2.0,0.0,0.0
3p3_L=1.0_S=1.0,1,1,1.0,1.0,2.0,0.0,1.0,2.0,3.0,0.0,-0.5477225575051662
3p3_L=1.0_S=1.0,1,1,1.0,1.0,2.0,0.0,2.0,0.0,2.0,0.0,0.0
3p3_L=1.0_S=1.0,1,1,1.0,1.0,2.0,0.0,2.0,1.0,1.0,0.0,0.07453559924999298
3p3_L=1.0_S=1.0,1,1,1.0,1.0,2.0,0.0,2.0,1.0,2.0,0.0,-0.0
3p3_L=1.0_S=1.0,1,1,1.0,1.0,2.0,0.0,2.0,1.0,3.0,0.0,-0.5477225575051662
3p3_L=1.0_S=1.0,1,1,1.0,1.0,2.0,0.0,2.0,2.0,1.0,0.0,0.0
3p3_L=1.0_S=1.0,1,1,1.0,1.0,2.0,0.0,2.0,2.0,2.0,0.0,0.0
3p3_L=1.0_S=1.0,1,1,1.0,1.0,2.0,0.0,2.0,2.0,3.0,0.0,-0.0
3p3_L=1.0_S=1.0,1,1,1.0,1.0,2.0,1.0,0.0,1.0,1.0,1.0,-0.5773502691896257
3p3_L=1.0_S=1.0,1,1,1.0,1.0,2.0,1.0,0.0,2.0,2.0,1.0,-0.0
3p3_L=1.0_S=1.0,1,1,1.0,1.0,2.0,1.0,1.0,0.0,1.0,1.0,-0.5773502691896257
3p3_L=1.0_S=1.0,1,1,1.0,1.0,2.0,1.0,1.0,1.0,1.0,1.0,0.0
3p3_L=1.0_S=1.0,1,1,1.0,1.0,2.0,1.0,1.0,1.0,2.0,1.0,1.5
3p3_L=1.0_S=1.0,1,1,1.0,1.0,2.0,1.0,1.0,2.0,1.0,1.0,0.06454972243679027
3p3_L=1.0_S=1.0,1,1,1.0,1.0,2.0,1.0,1.0,2.0,2.0,1.0,-0.14433756729740646
3p3_L=1.0_S=1.0,1,1,1.0,1.0,2.0,1.0,1.0,2.0,3.0,1.0,-0.5163977794943222
3p3_L=1.0_S=1.0,1,1,1.0,1.0,2.0,1.0,2.0,0.0,2.0,1.0,-0.0
3p3_L=1.0_S=1.0,1,1,1.0,1.0,2.0,1.0,2.0,1.0,1.0,1.0,0.06454972243679027
3p3_L=1.0_S=1.0,1,1,1.0,1.0,2.0,1.0,2.0,1.0,2.0,1.0,0.14433756729740646
3p3_L=1.0_S=1.0,1,1,1.0,1.0,2.0,1.0,2.0,1.0,3.0,1.0,-0.5163977794943222
3p3_L=1.0_S=1.0,1,1,1.0,1.0,2.0,1.0,2.0,2.0,1.0,1.0,0.0
3p3_L=1.0_S=1.0,1,1,1.0,1.0,2.0,1.0,2.0,2.0,2.0,1.0,-0.0
3p3_L=1.0_S=1.0,1,1,1.0,1.0,2.0,1.0,2.0,2.0,3.0,1.0,-0.0
3p3_L=1.0_S=1.0,1,1,1.0,1.0,2.0,2.0,0.0,2.0,2.0,2.0,-0.0
3p3_L=1.0_S=1.0,1,1,1.0,1.0,2.0,2.0,1.0,1.0,2.0,2.0,2.9999999999999996
3p3_L=1.0_S=1.0,1,1,1.0,1.0,2.0,2.0,1.0,2.0,2.0,2.0,-0.28867513459481287
3p3_L=1.0_S=1.0,1,1,1.0,1.0,2.0,2.0,1.0,2.0,3.0,2.0,-0.408248290463863
3p3_L=1.0_S=1.0,1,1,1.0,1.0,2.0,2.0,2.0,0.0,2.0,2.0,-0.0
3p3_L=1.0_S=1.0,1,1,1.0,1.0,2.0,2.0,2.0,1.0,2.0,2.0,0.28867513459481287
3p3_L=1.0_S=1.0,1,1,1.0,1.0,2.0,2.0,2.0,1.0,3.0,2.0,-0.408248290463863
3p3_L=1.0_S=1.0,1,1,1.0,1.0,2.0,2.0,2.0,2.0,2.0,2.0,-0.0
3p3_L=1.0_S=1.0,1,1,1.0,1.0,2.0,2.0,2.0,2.0,3.0,2.0,-0.0
3p3_L=1.0_S=1.0,1,1,1.0,2.0,1.0,-1.0,0.0,1.0,1.0,-1.0,0.0
3p3_L=1.0_S=1.0,1,1,1.0,2.0,1.0,-1.0,0.0,2.0,2.0,-1.0,0.44721359549995787
3p3_L=1.0_S=1.0,1,1,1.0,2.0,1.0,-1.0,1.0,0.0,1.0,-1.0,0.0
3p3_L=1.0_S=1.0,1,1,1.0,2.0,1.0,-1.0,1.0,1.0,1.0,-1.0,0.32274861218395134
3p3_L=1.0_S=1.0,1,1,1.0,2.0,1.0,-1.0,1.0,1.0,2.0,-1.0,0.06454972243679027
3p3_L=1.0_S=1.0,1,1,1.0,2.0,1.0,-1.0,1.0,2.0,1.0,-1.0,-1.4999999999999996
3p3_L=1.0_S=1.0,1,1,1.0,2.0,1.0,-1.0,1.0,2.0,2.0,-1.0,-1.3597399555105185e-16
3p3_L=1.0_S=1.0,1,1,1.0,2.0,1.0,-1.0,2.0,0.0,2.0,-1.0,-0.0
3p3_L=1.0_S=1.0,1,1,1.0,2.0,1.0,-1.0,2.0,1.0,1.0,-1.0,0.0
3p3_L=1.0_S=1.0,1,1,1.0,2.0,1.0,-1.0,2.0,1.0,2.0,-1.0,-0.0
3p3_L=1.0_S=1.0,1,1,1.0,2.0,1.0,-1.0,2.0,2.0,1.0,-1.0,-0.4330127018922192
3p3_L=1.0_S=1.0,1,1,1.0,2.0,1.0,-1.0,2.0,2.0,2.0,-1.0,-0.2958039891549808
3p3_L=1.0_S=1.0,1,1,1.0,2.0,1.0,0.0,0.0,0.0,0.0,-0.0,-0.0
3p3_L=1.0_S=1.0,1,1,1.0,2.0,1.0,0.0,0.0,1.0,1.0,0.0,-0.0
3p3_L=1.0_S=1.0,1,1,1.0,2.0,1.0,0.0,0.0,2.0,2.0,0.0,0.5163977794943221
3p3_L=1.0_S=1.0,1,1,1.0,2.0,1.0,0.0,1.0,0.0,1.0,0.0,-0.0
3p3_L=1.0_S=1.0,1,1,1.0,2.0,1.0,0.0,1.0,1.0,0.0,-0.0,-0.5270462766947297
3p3_L=1.0_S=1.0,1,1,1.0,2.0,1.0,0.0,1.0,1.0,1.0,0.0,-0.0
3p3_L=1.0_S=1.0,1,1,1.0,2.0,1.0,0.0,1.0,1.0,2.0,0.0,0.07453559924999298
3p3_L=1.0_S=1.0,1,1,1.0,2.0,1.0,0.0,1.0,2.0,1.0,0.0,0.0
3p3_L=1.0_S=1.0,1,1,1.0,2.0,1.0,0.0,1.0,2.0,2.0,0.0,-1.570092458683775e-16
3p3_L=1.0_S=1.0,1,1,1.0,2.0,1.0,0.0,2.0,0.0,2.0,0.0,-0.0
3p3_L=1.0_S=1.0,1,1,1.0,2.0,1.0,0.0,2.0,1.0,1.0,0.0,-0.0
3p3_L=1.0_S=1.0,1,1,1.0,2.0,1.0,0.0,2.0,1.0,2.0,0.0,-0.0
3p3_L=1.0_S=1.0,1,1,1.0,2.0,1.0,0.0,2.0,2.0,0.0,-0.0,0.4082482904638629
3p3_L=1.0_S=1.0,1,1,1.0,2.0,1.0,0.0,2.0,2.0,1.0,0.0,0.0
3p3_L=1.0_S=1.0,1,1,1.0,2.0,1.0,0.0,2.0,2.0,2.0,0.0,-0.34156502553198653
3p3_L=1.0_S=1.0,1,1,1.0,2.0,1.0,1.0,0.0,1.0,1.0,1.0,-0.0
3p3_L=1.0_S=1.0,1,1,1.0,2.0,1.0,1.0,0.0,2.0,2.0,1.0,0.44721359549995787
3p3_L=1.0_S=1.0,1,1,1.0,2.0,1.0,1.0,1.0,0.0,1.0,1.0,-0.0
3p3_L=1.0_S=1.0,1,1,1.0,2.0,1.0,1.0,1.0,1.0,1.0,1.0,-0.32274861218395134
3p3_L=1.0_S=1.0,1,1,1.0,2.0,1.0,1.0,1.0,1.0,2.0,1.0,0.06454972243679027
3p3_L=1.0_S=1.0,1,1,1.0,2.0,1.0,1.0,1.0,2.0,1.0,1.0,1.4999999999999996
3p3_L=1.0_S=1.0,1,1,1.0,2.0,1.0,1.0,1.0,2.0,2.0,1.0,-1.3597399555105185e-16
3p3_L=1.0_S=1.0,1,1,1.0,2.0,1.0,1.0,2.0,0.0,2.0,1.0,-0.0
3p3_L=1.0_S=1.0,1,1,1.0,2.0,1.0,1.0,2.0,1.0,1.0,1.0,-0.0
3p3_L=1.0_S=1.0,1,1,1.0,2.0,1.0,1.0,2.0,1.0,2.0,1.0,-0.0
3p3_L=1.0_S=1.0,1,1,1.0,2.0,1.0,1.0,2.0,2.0,1.0,1.0,0.4330127018922192
3p3_L=1.0_S=1.0,1,1,1.0,2.0,1.0,1.0,2.0,2.0,2.0,1.0,-0.2958039891549808
3p3_L=1.0_S=1.0,1,1,1.0,2.0,2.0,-2.0,0.0,2.0,2.0,-2.0,-0.6666666666666665
3p3_L=1.0_S=1.0,1,1,1.0,2.0,2.0,-2.0,1.0,1.0,2.0,-2.0,0.28867513459481287
3p3_L=1.0_S=1.0,1,1,1.0,2.0,2.0,-2.0,1.0,2.0,2.0,-2.0,-2.999999999999999
3p3_L=1.0_S=1.0,1,1,1.0,2.0,2.0,-2.0,1.0,2.0,3.0,-2.0,-1.4332917616497527e-16
3p3_L=1.0_S=1.0,1,1,1.0,2.0,2.0,-2.0,2.0,0.0,2.0,-2.0,-0.0
3p3_L=1.0_S=1.0,1,1,1.0,2.0,2.0,-2.0,2.0,1.0,2.0,-2.0,-0.0
3p3_L=1.0_S=1.0,1,1,1.0,2.0,2.0,-2.0,2.0,1.0,3.0,-2.0,-0.0
3p3_L=1.0_S=1.0,1,1,1.0,2.0,2.0,-2.0,2.0,2.0,2.0,-2.0,-0.4409585518440983
3p3_L=1.0_S=1.0,1,1,1.0,2.0,2.0,-2.0,2.0,2.0,3.0,-2.0,-0.3333333333333333
3p3_L=1.0_S=1.0,1,1,1.0,2.0,2.0,-1.0,0.0,1.0,1.0,-1.0,-0.0
3p3_L=1.0_S=1.0,1,1,1.0,2.0,2.0,-1.0,0.0,2.0,2.0,-1.0,-0.33333333333333326
3p3_L=1.0_S=1.0,1,1,1.0,2.0,2.0,-1.0,1.0,0.0,1.0,-1.0,0.0
3p3_L=1.0_S=1.0,1,1,1.0,2.0,2.0,-1.0,1.0,1.0,1.0,-1.0,-0.4330127018922193
3p3_L=1.0_S=1.0,1,1,1.0,2.0,2.0,-1.0,1.0,1.0,2.0,-1.0,0.14433756729740646
3p3_L=1.0_S=1.0,1,1,1.0,2.0,2.0,-1.0,1.0,2.0,1.0,-1.0,-1.3597399555105185e-16
3p3_L=1.0_S=1.0,1,1,1.0,2.0,2.0,-1.0,1.0,2.0,2.0,-1.0,-1.4999999999999998
3p3_L=1.0_S=1.0,1,1,1.0,2.0,2.0,-1.0,1.0,2.0,3.0,-1.0,-1.8129866073473576e-16
3p3_L=1.0_S=1.0,1,1,1.0,2.0,2.0,-1.0,2.0,0.0,2.0,-1.0,-0.0
3p3_L=1.0_S=1.0,1,1,1.0,2.0,2.0,-1.0,2.0,1.0,1.0,-1.0,-0.0
3p3_L=1.0_S=1.0,1,1,1.0,2.0,2.0,-1.0,2.0,1.0,2.0,-1.0,-0.0
3p3_L=1.0_S=1.0,1,1,1.0,2.0,2.0,-1.0,2.0,1.0,3.0,-1.0,-0.0
3p3_L=1.0_S=1.0,1,1,1.0,2.0,2.0,-1.0,2.0,2.0,1.0,-1.0,0.19364916731037088
3p3_L=1.0_S=1.0,1,1,1.0,2.0,2.0,-1.0,2.0,2.0,2.0,-1.0,-0.2204792759220492
3p3_L=1.0_S=1.0,1,1,1.0,2.0,2.0,-1.0,2.0,2.0,3.0,-1.0,-0.4216370213557838
3p3_L=1.0_S=1.0,1,1,1.0,2.0,2.0,0.0,0.0,1.0,1.0,0.0,-0.0
3p3_L=1.0_S=1.0,1,1,1.0,2.0,2.0,0.0,0.0,2.0,2.0,0.0,-0.0
3p3_L=1.0_S=1.0,1,1,1.0,2.0,2.0,0.0,1.0,0.0,1.0,0.0,0.0
3p3_L=1.0_S=1.0,1,1,1.0,2.0,2.0,0.0,1.0,1.0,1.0,0.0,-0.4999999999999999
3p3_L=1.0_S=1.0,1,1,1.0,2.0,2.0,0.0,1.0,1.0,2.0,0.0,0.0
3p3_L=1.0_S=1.0,1,1,1.0,2.0,2.0,0.0,1.0,2.0,1.0,0.0,-1.570092458683775e-16
3p3_L=1.0_S=1.0,1,1,1.0,2.0,2.0,0.0,1.0,2.0,2.0,0.0,-0.0
3p3_L=1.0_S=1.0,1,1,1.0,2.0,2.0,0.0,1.0,2.0,3.0,0.0,-1.922962686383564e-16
3p3_L=1.0_S=1.0,1,1,1.0,2.0,2.0,0.0,2.0,0.0,2.0,0.0,-0.0
3p3_L=1.0_S=1.0,1,1,1.0,2.0,2.0,0.0,2.0,1.0,1.0,0.0,-0.0
3p3_L=1.0_S=1.0,1,1,1.0,2.0,2.0,0.0,2.0,1.0,2.0,0.0,-0.0
3p3_L=1.0_S=1.0,1,1,1.0,2.0,2.0,0.0,2.0,1.0,3.0,0.0,-0.0
3p3_L=1.0_S=1.0,1,1,1.0,2.0,2.0,0.0,2.0,2.0,1.0,0.0,0.22360679774997896
3p3_L=1.0_S=1.0,1,1,1.0,2.0,2.0,0.0,2.0,2.0,2.0,0.0,-0.0
3p3_L=1.0_S=1.0,1,1,1.0,2.0,2.0,0.0,2.0,2.0,3.0,0.0,-0.4472135954999579
3p3_L=1.0_S=1.0,1,1,1.0,2.0,2.0,1.0,0.0,1.0,1.0,1.0,-0.0
3p3_L=1.0_S=1.0,1,1,1.0,2.0,2.0,1.0,0.0,2.0,2.0,1.0,0.33333333333333326
3p3_L=1.0_S=1.0,1,1,1.0,2.0,2.0,1.0,1.0,0.0,1.0,1.0,0.0
3p3_L=1.0_S=1.0,1,1,1.0,2.0,2.0,1.0,1.0,1.0,1.0,1.0,-0.4330127018922193
3p3_L=1.0_S=1.0,1,1,1.0,2.0,2.0,1.0,1.0,1.0,2.0,1.0,-0.14433756729740646
3p3_L=1.0_S=1.0,1,1,1.0,2.0,2.0,1.0,1.0,2.0,1.0,1.0,-1.3597399555105185e-16
3p3_L=1.0_S=1.0,1,1,1.0,2.0,2.0,1.0,1.0,2.0,2.0,1.0,1.4999999999999998
3p3_L=1.0_S=1.0,1,1,1.0,2.0,2.0,1.0,1.0,2.0,3.0,1.0,-1.8129866073473576e-16
3p3_L=1.0_S=1.0,1,1,1.0,2.0,2.0,1.0,2.0,0.0,2.0,1.0,0.0
3p3_L=1.0_S=1.0,1,1,1.0,2.0,2.0,1.0,2.0,1.0,1.0,1.0,-0.0
3p3_L=1.0_S=1.0,1,1,1.0,2.0,2.0,1.0,2.0,1.0,2.0,1.0,0.0
3p3_L=1.0_S=1.0,1,1,1.0,2.0,2.0,1.0,2.0,1.0,3.0,1.0,-0.0
3p3_L=1.0_S=1.0,1,1,1.0,2.0,2.0,1.0,2.0,2.0,1.0,1.0,0.19364916731037088
3p3_L=1.0_S=1.0,1,1,1.0,2.0,2.0,1.0,2.0,2.0,2.0,1.0,0.2204792759220492
3p3_L=1.0_S=1.0,1,1,1.0,2.0,2.0,1.0,2.0,2.0,3.0,1.0,-0.4216370213557838
3p3_L=1.0_S=1.0,1,1,1.0,2.0,2.0,2.0,0.0,2.0,2.0,2.0,0.6666666666666665
3p3_L=1.0_S=1.0,1,1,1.0,2.0,2.0,2.0,1.0,1.0,2.0,2.0,-0.28867513459481287
3p3_L=1.0_S=1.0,1,1,1.0,2.0,2.0,2.0,1.0,2.0,2.0,2.0,2.999999999999999
3p3_L=1.0_S=1.0,1,1,1.0,2.0,2.0,2.0,1.0,2.0,3.0,2.0,-1.4332917616497527e-16
3p3_L=1.0_S=1.0,1,1,1.0,2.0,2.0,2.0,2.0,0.0,2.0,2.0,0.0
3p3_L=1.0_S=1.0,1,1,1.0,2.0,2.0,2.0,2.0,1.0,2.0,2.0,0.0
3p3_L=1.0_S=1.0,1,1,1.0,2.0,2.0,2.0,2.0,1.0,3.0,2.0,-0.0
3p3_L=1.0_S=1.0,1,1,1.0,2.0,2.0,2.0,2.0,2.0,2.0,2.0,0.4409585518440983
3p3_L=1.0_S=1.0,1,1,1.0,2.0,2.0,2.0,2.0,2.0,3.0,2.0,-0.3333333333333333
3p3_L=1.0_S=1.0,1,1,1.0,2.0,3.0,-3.0,1.0,2.0,3.0,-3.0,-4.500000000000001
3p3_L=1.0_S=1.0,1,1,1.0,2.0,3.0,-3.0,2.0,1.0,3.0,-3.0,0.0
3p3_L=1.0_S=1.0,1,1,1.0,2.0,3.0,-3.0,2.0,2.0,3.0,-3.0,-0.35355339059327373
3p3_L=1.0_S=1.0,1,1,1.0,2.0,3.0,-3.0,2.0,2.0,4.0,-3.0,-0.3535533905932738
3p3_L=1.0_S=1.0,1,1,1.0,2.0,3.0,-2.0,0.0,2.0,2.0,-2.0,-0.47140452079103173
3p3_L=1.0_S=1.0,1,1,1.0,2.0,3.0,-2.0,1.0,1.0,2.0,-2.0,-0.4082482904638631
3p3_L=1.0_S=1.0,1,1,1.0,2.0,3.0,-2.0,1.0,2.0,2.0,-2.0,-1.4332917616497527e-16
3p3_L=1.0_S=1.0,1,1,1.0,2.0,3.0,-2.0,1.0,2.0,3.0,-2.0,-3.0
3p3_L=1.0_S=1.0,1,1,1.0,2.0,3.0,-2.0,2.0,0.0,2.0,-2.0,0.0
3p3_L=1.0_S=1.0,1,1,1.0,2.0,3.0,-2.0,2.0,1.0,2.0,-2.0,0.0
3p3_L=1.0_S=1.0,1,1,1.0,2.0,3.0,-2.0,2.0,1.0,3.0,-2.0,0.0
3p3_L=1.0_S=1.0,1,1,1.0,2.0,3.0,-2.0,2.0,2.0,2.0,-2.0,0.0890870806374748
3p3_L=1.0_S=1.0,1,1,1.0,2.0,3.0,-2.0,2.0,2.0,3.0,-2.0,-0.23570226039551578
3p3_L=1.0_S=1.0,1,1,1.0,2.0,3.0,-2.0,2.0,2.0,4.0,-2.0,-0.46291004988627565
3p3_L=1.0_S=1.0,1,1,1.0,2.0,3.0,-1.0,0.0,2.0,2.0,-1.0,-0.5962847939999439
3p3_L=1.0_S=1.0,1,1,1.0,2.0,3.0,-1.0,1.0,1.0,2.0,-1.0,-0.5163977794943223
3p3_L=1.0_S=1.0,1,1,1.0,2.0,3.0,-1.0,1.0,2.0,2.0,-1.0,-1.8129866073473576e-16
3p3_L=1.0_S=1.0,1,1,1.0,2.0,3.0,-1.0,1.0,2.0,3.0,-1.0,-1.5
3p3_L=1.0_S=1.0,1,1,1.0,2.0,3.0,-1.0,2.0,0.0,2.0,-1.0,0.0
3p3_L=1.0_S=1.0,1,1,1.0,2.0,3.0,-1.0,2.0,1.0,2.0,-1.0,0.0
3p3_L=1.0_S=1.0,1,1,1.0,2.0,3.0,-1.0,2.0,1.0,3.0,-1.0,0.0
3p3_L=1.0_S=1.0,1,1,1.0,2.0,3.0,-1.0,2.0,2.0,2.0,-1.0,0.1126872339638022
3p3_L=1.0_S=1.0,1,1,1.0,2.0,3.0,-1.0,2.0,2.0,3.0,-1.0,-0.11785113019775789
3p3_L=1.0_S=1.0,1,1,1.0,2.0,3.0,-1.0,2.0,2.0,4.0,-1.0,-0.5175491695067655
3p3_L=1.0_S=1.0,1,1,1.0,2.0,3.0,0.0,0.0,2.0,2.0,0.0,-0.632455532033676
3p3_L=1.0_S=1.0,1,1,1.0,2.0,3.0,0.0,1.0,1.0,2.0,0.0,-0.5477225575051663
3p3_L=1.0_S=1.0,1,1,1.0,2.0,3.0,0.0,1.0,2.0,2.0,0.0,-1.922962686383564e-16
3p3_L=1.0_S=1.0,1,1,1.0,2.0,3.0,0.0,1.0,2.0,3.0,0.0,0.0
3p3_L=1.0_S=1.0,1,1,1.0,2.0,3.0,0.0,2.0,0.0,2.0,0.0,0.0
3p3_L=1.0_S=1.0,1,1,1.0,2.0,3.0,0.0,2.0,1.0,2.0,0.0,0.0
3p3_L=1.0_S=1.0,1,1,1.0,2.0,3.0,0.0,2.0,1.0,3.0,0.0,-0.0
3p3_L=1.0_S=1.0,1,1,1.0,2.0,3.0,0.0,2.0,2.0,2.0,0.0,0.11952286093343938
3p3_L=1.0_S=1.0,1,1,1.0,2.0,3.0,0.0,2.0,2.0,3.0,0.0,0.0
3p3_L=1.0_S=1.0,1,1,1.0,2.0,3.0,0.0,2.0,2.0,4.0,0.0,-0.5345224838248488
3p3_L=1.0_S=1.0,1,1,1.0,2.0,3.0,1.0,0.0,2.0,2.0,1.0,-0.5962847939999439
3p3_L=1.0_S=1.0,1,1,1.0,2.0,3.0,1.0,1.0,1.0,2.0,1.0,-0.5163977794943223
3p3_L=1.0_S=1.0,1,1,1.0,2.0,3.0,1.0,1.0,2.0,2.0,1.0,-1.8129866073473576e-16
3p3_L=1.0_S=1.0,1,1,1.0,2.0,3.0,1.0,1.0,2.0,3.0,1.0,1.5
3p3_L=1.0_S=1.0,1,1,1.0,2.0,3.0,1.0,2.0,0.0,2.0,1.0,0.0
3p3_L=1.0_S=1.0,1,1,1.0,2.0,3.0,1.0,2.0,1.0,2.0,1.0,0.0
3p3_L=1.0_S=1.0,1,1,1.0,2.0,3.0,1.0,2.0,1.0,3.0,1.0,-0.0
3p3_L=1.0_S=1.0,1,1,1.0,2.0,3.0,1.0,2.0,2.0,2.0,1.0,0.1126872339638022
3p3_L=1.0_S=1.0,1,1,1.0,2.0,3.0,1.0,2.0,2.0,3.0,1.0,0.11785113019775789
3p3_L=1.0_S=1.0,1,1,1.0,2.0,3.0,1.0,2.0,2.0,4.0,1.0,-0.5175491695067655
3p3_L=1.0_S=1.0,1,1,1.0,2.0,3.0,2.0,0.0,2.0,2.0,2.0,-0.47140452079103173
3p3_L=1.0_S=1.0,1,1,1.0,2.0,3.0,2.0,1.0,1.0,2.0,2.0,-0.4082482904638631
3p3_L=1.0_S=1.0,1,1,1.0,2.0,3.0,2.0,1.0,2.0,2.0,2.0,-1.4332917616497527e-16
3p3_L=1.0_S=1.0,1,1,1.0,2.0,3.0,2.0,1.0,2.0,3.0,2.0,3.0
3p3_L=1.0_S=1.0,1,1,1.0,2.0,3.0,2.0,2.0,0.0,2.0,2.0,0.0
3p3_L=1.0_S=1.0,1,1,1.0,2.0,3.0,2.0,2.0,1.0,2.0,2.0,0.0
3p3_L=1.0_S=1.0,1,1,1.0,2.0,3.0,2.0,2.0,1.0,3.0,2.0,-0.0
3p3_L=1.0_S=1.0,1,1,1.0,2.0,3.0,2.0,2.0,2.0,2.0,2.0,0.0890870806374748
3p3_L=1.0_S=1.0,1,1,1.0,2.0,3.0,2.0,2.0,2.0,3.0,2.0,0.23570226039551578
3p3_L=1.0_S=1.0,1,1,1.0,2.0,3.0,2.0,2.0,2.0,4.0,2.0,-0.46291004988627565
3p3_L=1.0_S=1.0,1,1,1.0,2.0,3.0,3.0,1.0,2.0,3.0,3.0,4.500000000000001
3p3_L=1.0_S=1.0,1,1,1.0,2.0,3.0,3.0,2.0,1.0,3.0,3.0,-0.0
3p3_L=1.0_S=1.0,1,1,1.0,2.0,3.0,3.0,2.0,2.0,3.0,3.0,0.35355339059327373
3p3_L=1.0_S=1.0,1,1,1.0,2.0,3.0,3.0,2.0,2.0,4.0,3.0,-0.3535533905932738
3p3_L=1.0_S=1.0,1,1,2.0,0.0,2.0,-2.0,0.0,2.0,2.0,-2.0,0.0
3p3_L=1.0_S=1.0,1,1,2.0,0.0,2.0,-2.0,1.0,1.0,2.0,-2.0,0.0
3p3_L=1.0_S=1.0,1,1,2.0,0.0,2.0,-2.0,1.0,2.0,2.0,-2.0,0.0
3p3_L=1.0_S=1.0,1,1,2.0,0.0,2.0,-2.0,1.0,2.0,3.0,-2.0,0.0
3p3_L=1.0_S=1.0,1,1,2.0,0.0,2.0,-2.0,2.0,0.0,2.0,-2.0,-3.0
3p3_L=1.0_S=1.0,1,1,2.0,0.0,2.0,-2.0,2.0,1.0,2.0,-2.0,0.6666666666666665
3p3_L=1.0_S=1.0,1,1,2.0,0.0,2.0,-2.0,2.0,1.0,3.0,-2.0,-0.47140452079103173
3p3_L=1.0_S=1.0,1,1,2.0,0.0,2.0,-2.0,2.0,2.0,2.0,-2.0,0.0
3p3_L=1.0_S=1.0,1,1,2.0,0.0,2.0,-2.0,2.0,2.0,3.0,-2.0,-0.0
3p3_L=1.0_S=1.0,1,1,2.0,0.0,2.0,-1.0,0.0,1.0,1.0,-1.0,0.0
3p3_L=1.0_S=1.0,1,1,2.0,0.0,2.0,-1.0,0.0,2.0,2.0,-1.0,0.0
3p3_L=1.0_S=1.0,1,1,2.0,0.0,2.0,-1.0,1.0,0.0,1.0,-1.0,-0.5
3p3_L=1.0_S=1.0,1,1,2.0,0.0,2.0,-1.0,1.0,1.0,1.0,-1.0,0.0
3p3_L=1.0_S=1.0,1,1,2.0,0.0,2.0,-1.0,1.0,1.0,2.0,-1.0,0.0
3p3_L=1.0_S=1.0,1,1,2.0,0.0,2.0,-1.0,1.0,2.0,1.0,-1.0,-0.0
3p3_L=1.0_S=1.0,1,1,2.0,0.0,2.0,-1.0,1.0,2.0,2.0,-1.0,0.0
3p3_L=1.0_S=1.0,1,1,2.0,0.0,2.0,-1.0,1.0,2.0,3.0,-1.0,0.0
3p3_L=1.0_S=1.0,1,1,2.0,0.0,2.0,-1.0,2.0,0.0,2.0,-1.0,-1.5000000000000002
3p3_L=1.0_S=1.0,1,1,2.0,0.0,2.0,-1.0,2.0,1.0,1.0,-1.0,0.44721359549995787
3p3_L=1.0_S=1.0,1,1,2.0,0.0,2.0,-1.0,2.0,1.0,2.0,-1.0,0.33333333333333326
3p3_L=1.0_S=1.0,1,1,2.0,0.0,2.0,-1.0,2.0,1.0,3.0,-1.0,-0.5962847939999439
3p3_L=1.0_S=1.0,1,1,2.0,0.0,2.0,-1.0,2.0,2.0,1.0,-1.0,0.0
3p3_L=1.0_S=1.0,1,1,2.0,0.0,2.0,-1.0,2.0,2.0,2.0,-1.0,0.0
3p3_L=1.0_S=1.0,1,1,2.0,0.0,2.0,-1.0,2.0,2.0,3.0,-1.0,-0.0
3p3_L=1.0_S=1.0,1,1,2.0,0.0,2.0,0.0,0.0,1.0,1.0,0.0,0.0
3p3_L=1.0_S=1.0,1,1,2.0,0.0,2.0,0.0,0.0,2.0,2.0,0.0,0.0
3p3_L=1.0_S=1.0,1,1,2.0,0.0,2.0,0.0,1.0,0.0,1.0,0.0,-0.5773502691896256
3p3_L=1.0_S=1.0,1,1,2.0,0.0,2.0,0.0,1.0,1.0,1.0,0.0,0.0
3p3_L=1.0_S=1.0,1,1,2.0,0.0,2.0,0.0,1.0,1.0,2.0,0.0,0.0
3p3_L=1.0_S=1.0,1,1,2.0,0.0,2.0,0.0,1.0,2.0,1.0,0.0,-0.0
3p3_L=1.0_S=1.0,1,1,2.0,0.0,2.0,0.0,1.0,2.0,2.0,0.0,0.0
3p3_L=1.0_S=1.0,1,1,2.0,0.0,2.0,0.0,1.0,2.0,3.0,0.0,0.0
3p3_L=1.0_S=1.0,1,1,2.0,0.0,2.0,0.0,2.0,0.0,2.0,0.0,-0.0
3p3_L=1.0_S=1.0,1,1,2.0,0.0,2.0,0.0,2.0,1.0,1.0,0.0,0.5163977794943221
3p3_L=1.0_S=1.0,1,1,2.0,0.0,2.0,0.0,2.0,1.0,2.0,0.0,0.0
3p3_L=1.0_S=1.0,1,1,2.0,0.0,2.0,0.0,2.0,1.0,3.0,0.0,-0.632455532033676
3p3_L=1.0_S=1.0,1,1,2.0,0.0,2.0,0.0,2.0,2.0,1.0,0.0,0.0
3p3_L=1.0_S=1.0,1,1,2.0,0.0,2.0,0.0,2.0,2.0,2.0,0.0,0.0
3p3_L=1.0_S=1.0,1,1,2.0,0.0,2.0,0.0,2.0,2.0,3.0,0.0,-0.0
3p3_L=1.0_S=1.0,1,1,2.0,0.0,2.0,1.0,0.0,1.0,1.0,1.0,0.0
3p3_L=1.0_S=1.0,1,1,2.0,0.0,2.0,1.0,0.0,2.0,2.0,1.0,-0.0
3p3_L=1.0_S=1.0,1,1,2.0,0.0,2.0,1.0,1.0,0.0,1.0,1.0,-0.5
3p3_L=1.0_S=1.0,1,1,2.0,0.0,2.0,1.0,1.0,1.0,1.0,1.0,0.0
3p3_L=1.0_S=1.0,1,1,2.0,0.0,2.0,1.0,1.0,1.0,2.0,1.0,-0.0
3p3_L=1.0_S=1.0,1,1,2.0,0.0,2.0,1.0,1.0,2.0,1.0,1.0,-0.0
3p3_L=1.0_S=1.0,1,1,2.0,0.0,2.0,1.0,1.0,2.0,2.0,1.0,-0.0
3p3_L=1.0_S=1.0,1,1,2.0,0.0,2.0,1.0,1.0,2.0,3.0,1.0,0.0
3p3_L=1.0_S=1.0,1,1,2.0,0.0,2.0,1.0,2.0,0.0,2.0,1.0,1.5000000000000002
3p3_L=1.0_S=1.0,1,1,2.0,0.0,2.0,1.0,2.0,1.0,1.0,1.0,0.44721359549995787
3p3_L=1.0_S=1.0,1,1,2.0,0.0,2.0,1.0,2.0,1.0,2.0,1.0,-0.33333333333333326
3p3_L=1.0_S=1.0,1,1,2.0,0.0,2.0,1.0,2.0,1.0,3.0,1.0,-0.5962847939999439
3p3_L=1.0_S=1.0,1,1,2.0,0.0,2.0,1.0,2.0,2.0,1.0,1.0,0.0
3p3_L=1.0_S=1.0,1,1,2.0,0.0,2.0,1.0,2.0,2.0,2.0,1.0,-0.0
3p3_L=1.0_S=1.0,1,1,2.0,0.0,2.0,1.0,2.0,2.0,3.0,1.0,-0.0
3p3_L=1.0_S=1.0,1,1,2.0,0.0,2.0,2.0,0.0,2.0,2.0,2.0,-0.0
3p3_L=1.0_S=1.0,1,1,2.0,0.0,2.0,2.0,1.0,1.0,2.0,2.0,-0.0
3p3_L=1.0_S=1.0,1,1,2.0,0.0,2.0,2.0,1.0,2.0,2.0,2.0,-0.0
3p3_L=1.0_S=1.0,1,1,2.0,0.0,2.0,2.0,1.0,2.0,3.0,2.0,0.0
3p3_L=1.0_S=1.0,1,1,2.0,0.0,2.0,2.0,2.0,0.0,2.0,2.0,3.0
3p3_L=1.0_S=1.0,1,1,2.0,0.0,2.0,2.0,2.0,1.0,2.0,2.0,-0.6666666666666665
3p3_L=1.0_S=1.0,1,1,2.0,0.0,2.0,2.0,2.0,1.0,3.0,2.0,-0.47140452079103173
3p3_L=1.0_S=1.0,1,1,2.0,0.0,2.0,2.0,2.0,2.0,2.0,2.0,-0.0
3p3_L=1.0_S=1.0,1,1,2.0,0.0,2.0,2.0,2.0,2.0,3.0,2.0,-0.0
3p3_L=1.0_S=1.0,1,1,2.0,1.0,1.0,-1.0,0.0,1.0,1.0,-1.0,0.0
3p3_L=1.0_S=1.0,1,1,2.0,1.0,1.0,-1.0,0.0,2.0,2.0,-1.0,-0.0
3p3_L=1.0_S=1.0,1,1,2.0,1.0,1.0,-1.0,1.0,0.0,1.0,-1.0,0.0
3p3_L=1.0_S=1.0,1,1,2.0,1.0,1.0,-1.0,1.0,1.0,1.0,-1.0,-0.32274861218395134
3p3_L=1.0_S=1.0,1,1,2.0,1.0,1.0,-1.0,1.0,1.0,2.0,-1.0,0.06454972243679027
3p3_L=1.0_S=1.0,1,1,2.0,1.0,1.0,-1.0,1.0,2.0,1.0,-1.0,0.0
3p3_L=1.0_S=1.0,1,1,2.0,1.0,1.0,-1.0,1.0,2.0,2.0,-1.0,-0.0
3p3_L=1.0_S=1.0,1,1,2.0,1.0,1.0,-1.0,2.0,0.0,2.0,-1.0,0.44721359549995787
3p3_L=1.0_S=1.0,1,1,2.0,1.0,1.0,-1.0,2.0,1.0,1.0,-1.0,-1.4999999999999996
3p3_L=1.0_S=1.0,1,1,2.0,1.0,1.0,-1.0,2.0,1.0,2.0,-1.0,1.3597399555105185e-16
3p3_L=1.0_S=1.0,1,1,2.0,1.0,1.0,-1.0,2.0,2.0,1.0,-1.0,0.4330127018922192
3p3_L=1.0_S=1.0,1,1,2.0,1.0,1.0,-1.0,2.0,2.0,2.0,-1.0,-0.2958039891549808
3p3_L=1.0_S=1.0,1,1,2.0,1.0,1.0,0.0,0.0,0.0,0.0,-0.0,0.0
3p3_L=1.0_S=1.0,1,1,2.0,1.0,1.0,0.0,0.0,1.0,1.0,0.0,-0.0
3p3_L=1.0_S=1.0,1,1,2.0,1.0,1.0,0.0,0.0,2.0,2.0,0.0,-0.0
3p3_L=1.0_S=1.0,1,1,2.0,1.0,1.0,0.0,1.0,0.0,1.0,0.0,-0.0
3p3_L=1.0_S=1.0,1,1,2.0,1.0,1.0,0.0,1.0,1.0,0.0,-0.0,-0.5270462766947297
3p3_L=1.0_S=1.0,1,1,2.0,1.0,1.0,0.0,1.0,1.0,1.0,0.0,0.0
3p3_L=1.0_S=1.0,1,1,2.0,1.0,1.0,0.0,1.0,1.0,2.0,0.0,0.07453559924999298
3p3_L=1.0_S=1.0,1,1,2.0,1.0,1.0,0.0,1.0,2.0,1.0,0.0,-0.0
3p3_L=1.0_S=1.0,1,1,2.0,1.0,1.0,0.0,1.0,2.0,2.0,0.0,-0.0
3p3_L=1.0_S=1.0,1,1,2.0,1.0,1.0,0.0,2.0,0.0,2.0,0.0,0.5163977794943221
3p3_L=1.0_S=1.0,1,1,2.0,1.0,1.0,0.0,2.0,1.0,1.0,0.0,0.0
3p3_L=1.0_S=1.0,1,1,2.0,1.0,1.0,0.0,2.0,1.0,2.0,0.0,1.570092458683775e-16
3p3_L=1.0_S=1.0,1,1,2.0,1.0,1.0,0.0,2.0,2.0,0.0,-0.0,0.4082482904638629
3p3_L=1.0_S=1.0,1,1,2.0,1.0,1.0,0.0,2.0,2.0,1.0,0.0,-0.0
3p3_L=1.0_S=1.0,1,1,2.0,1.0,1.0,0.0,2.0,2.0,2.0,0.0,-0.34156502553198653
3p3_L=1.0_S=1.0,1,1,2.0,1.0,1.0,1.0,0.0,1.0,1.0,1.0,-0.0
3p3_L=1.0_S=1.0,1,1,2.0,1.0,1.0,1.0,0.0,2.0,2.0,1.0,-0.0
3p3_L=1.0_S=1.0,1,1,2.0,1.0,1.0,1.0,1.0,0.0,1.0,1.0,-0.0
3p3_L=1.0_S=1.0,1,1,2.0,1.0,1.0,1.0,1.0,1.0,1.0,1.0,0.32274861218395134
3p3_L=1.0_S=1.0,1,1,2.0,1.0,1.0,1.0,1.0,1.0,2.0,1.0,0.06454972243679027
3p3_L=1.0_S=1.0,1,1,2.0,1.0,1.0,1.0,1.0,2.0,1.0,1.0,-0.0
3p3_L=1.0_S=1.0,1,1,2.0,1.0,1.0,1.0,1.0,2.0,2.0,1.0,-0.0
3p3_L=1.0_S=1.0,1,1,2.0,1.0,1.0,1.0,2.0,0.0,2.0,1.0,0.44721359549995787
3p3_L=1.0_S=1.0,1,1,2.0,1.0,1.0,1.0,2.0,1.0,1.0,1.0,1.4999999999999996
3p3_L=1.0_S=1.0,1,1,2.0,1.0,1.0,1.0,2.0,1.0,2.0,1.0,1.3597399555105185e-16
3p3_L=1.0_S=1.0,1,1,2.0,1.0,1.0,1.0,2.0,2.0,1.0,1.0,-0.4330127018922192
3p3_L=1.0_S=1.0,1,1,2.0,1.0,1.0,1.0,2.0,2.0,2.0,1.0,-0.2958039891549808
3p3_L=1.0_S=1.0,1,1,2.0,1.0,2.0,-2.0,0.0,2.0,2.0,-2.0,-0.0
3p3_L=1.0_S=1.0,1,1,2.0,1.0,2.0,-2.0,1.0,1.0,2.0,-2.0,-0.28867513459481287
3p3_L=1.0_S=1.0,1,1,2.0,1.0,2.0,-2.0,1.0,2.0,2.0,-2.0,-0.0
3p3_L=1.0_S=1.0,1,1,2.0,1.0,2.0,-2.0,1.0,2.0,3.0,-2.0,-0.0
3p3_L=1.0_S=1.0,1,1,2.0,1.0,2.0,-2.0,2.0,0.0,2.0,-2.0,0.6666666666666665
3p3_L=1.0_S=1.0,1,1,2.0,1.0,2.0,-2.0,2.0,1.0,2.0,-2.0,-2.999999999999999
3p3_L=1.0_S=1.0,1,1,2.0,1.0,2.0,-2.0,2.0,1.0,3.0,-2.0,1.4332917616497527e-16
3p3_L=1.0_S=1.0,1,1,2.0,1.0,2.0,-2.0,2.0,2.0,2.0,-2.0,0.4409585518440983
3p3_L=1.0_S=1.0,1,1,2.0,1.0,2.0,-2.0,2.0,2.0,3.0,-2.0,-0.3333333333333333
3p3_L=1.0_S=1.0,1,1,2.0,1.0,2.0,-1.0,0.0,1.0,1.0,-1.0,-0.0
3p3_L=1.0_S=1.0,1,1,2.0,1.0,2.0,-1.0,0.0,2.0,2.0,-1.0,-0.0
3p3_L=1.0_S=1.0,1,1,2.0,1.0,2.0,-1.0,1.0,0.0,1.0,-1.0,-0.0
3p3_L=1.0_S=1.0,1,1,2.0,1.0,2.0,-1.0,1.0,1.0,1.0,-1.0,-0.4330127018922193
3p3_L=1.0_S=1.0,1,1,2.0,1.0,2.0,-1.0,1.0,1.0,2.0,-1.0,-0.14433756729740646
3p3_L=1.0_S=1.0,1,1,2.0,1.0,2.0,-1.0,1.0,2.0,1.0,-1.0,-0.0
3p3_L=1.0_S=1.0,1,1,2.0,1.0,2.0,-1.0,1.0,2.0,2.0,-1.0,-0.0
3p3_L=1.0_S=1.0,1,1,2.0,1.0,2.0,-1.0,1.0,2.0,3.0,-1.0,-0.0
3p3_L=1.0_S=1.0,1,1,2.0,1.0,2.0,-1.0,2.0,0.0,2.0,-1.0,0.33333333333333326
3p3_L=1.0_S=1.0,1,1,2.0,1.0,2.0,-1.0,2.0,1.0,1.0,-1.0,1.3597399555105185e-16
3p3_L=1.0_S=1.0,1,1,2.0,1.0,2.0,-1.0,2.0,1.0,2.0,-1.0,-1.4999999999999998
3p3_L=1.0_S=1.0,1,1,2.0,1.0,2.0,-1.0,2.0,1.0,3.0,-1.0,1.8129866073473576e-16
3p3_L=1.0_S=1.0,1,1,2.0,1.0,2.0,-1.0,2.0,2.0,1.0,-1.0,0.19364916731037088
3p3_L=1.0_S=1.0,1,1,2.0,1.0,2.0,-1.0,2.0,2.0,2.0,-1.0,0.2204792759220492
3p3_L=1.0_S=1.0,1,1,2.0,1.0,2.0,-1.0,2.0,2.0,3.0,-1.0,-0.4216370213557838
3p3_L=1.0_S=1.0,1,1,2.0,1.0,2.0,0.0,0.0,1.0,1.0,0.0,-0.0
3p3_L=1.0_S=1.0,1,1,2.0,1.0,2.0,0.0,0.0,2.0,2.0,0.0,-0.0
3p3_L=1.0_S=1.0,1,1,2.0,1.0,2.0,0.0,1.0,0.0,1.0,0.0,-0.0
3p3_L=1.0_S=1.0,1,1,2.0,1.0,2.0,0.0,1.0,1.0,1.0,0.0,-0.4999999999999999
3p3_L=1.0_S=1.0,1,1,2.0,1.0,2.0,0.0,1.0,1.0,2.0,0.0,-0.0
3p3_L=1.0_S=1.0,1,1,2.0,1.0,2.0,0.0,1.0,2.0,1.0,0.0,-0.0
3p3_L=1.0_S=1.0,1,1,2.0,1.0,2.0,0.0,1.0,2.0,2.0,0.0,-0.0
3p3_L=1.0_S=1.0,1,1,2.0,1.0,2.0,0.0,1.0,2.0,3.0,0.0,-0.0
3p3_L=1.0_S=1.0,1,1,2.0,1.0,2.0,0.0,2.0,0.0,2.0,0.0,0.0
3p3_L=1.0_S=1.0,1,1,2.0,1.0,2.0,0.0,2.0,1.0,1.0,0.0,1.570092458683775e-16
3p3_L=1.0_S=1.0,1,1,2.0,1.0,2.0,0.0,2.0,1.0,2.0,0.0,-0.0
3p3_L=1.0_S=1.0,1,1,2.0,1.0,2.0,0.0,2.0,1.0,3.0,0.0,1.922962686383564e-16
3p3_L=1.0_S=1.0,1,1,2.0,1.0,2.0,0.0,2.0,2.0,1.0,0.0,0.22360679774997896
3p3_L=1.0_S=1.0,1,1,2.0,1.0,2.0,0.0,2.0,2.0,2.0,0.0,0.0
3p3_L=1.0_S=1.0,1,1,2.0,1.0,2.0,0.0,2.0,2.0,3.0,0.0,-0.4472135954999579
3p3_L=1.0_S=1.0,1,1,2.0,1.0,2.0,1.0,0.0,1.0,1.0,1.0,-0.0
3p3_L=1.0_S=1.0,1,1,2.0,1.0,2.0,1.0,0.0,2.0,2.0,1.0,0.0
3p3_L=1.0_S=1.0,1,1,2.0,1.0,2.0,1.0,1.0,0.0,1.0,1.0,-0.0
3p3_L=1.0_S=1.0,1,1,2.0,1.0,2.0,1.0,1.0,1.0,1.0,1.0,-0.4330127018922193
3p3_L=1.0_S=1.0,1,1,2.0,1.0,2.0,1.0,1.0,1.0,2.0,1.0,0.14433756729740646
3p3_L=1.0_S=1.0,1,1,2.0,1.0,2.0,1.0,1.0,2.0,1.0,1.0,-0.0
3p3_L=1.0_S=1.0,1,1,2.0,1.0,2.0,1.0,1.0,2.0,2.0,1.0,0.0
3p3_L=1.0_S=1.0,1,1,2.0,1.0,2.0,1.0,1.0,2.0,3.0,1.0,-0.0
3p3_L=1.0_S=1.0,1,1,2.0,1.0,2.0,1.0,2.0,0.0,2.0,1.0,-0.33333333333333326
3p3_L=1.0_S=1.0,1,1,2.0,1.0,2.0,1.0,2.0,1.0,1.0,1.0,1.3597399555105185e-16
3p3_L=1.0_S=1.0,1,1,2.0,1.0,2.0,1.0,2.0,1.0,2.0,1.0,1.4999999999999998
3p3_L=1.0_S=1.0,1,1,2.0,1.0,2.0,1.0,2.0,1.0,3.0,1.0,1.8129866073473576e-16
3p3_L=1.0_S=1.0,1,1,2.0,1.0,2.0,1.0,2.0,2.0,1.0,1.0,0.19364916731037088
3p3_L=1.0_S=1.0,1,1,2.0,1.0,2.0,1.0,2.0,2.0,2.0,1.0,-0.2204792759220492
3p3_L=1.0_S=1.0,1,1,2.0,1.0,2.0,1.0,2.0,2.0,3.0,1.0,-0.4216370213557838
3p3_L=1.0_S=1.0,1,1,2.0,1.0,2.0,2.0,0.0,2.0,2.0,2.0,0.0
3p3_L=1.0_S=1.0,1,1,2.0,1.0,2.0,2.0,1.0,1.0,2.0,2.0,0.28867513459481287
3p3_L=1.0_S=1.0,1,1,2.0,1.0,2.0,2.0,1.0,2.0,2.0,2.0,0.0
3p3_L=1.0_S=1.0,1,1,2.0,1.0,2.0,2.0,1.0,2.0,3.0,2.0,-0.0
3p3_L=1.0_S=1.0,1,1,2.0,1.0,2.0,2.0,2.0,0.0,2.0,2.0,-0.6666666666666665
3p3_L=1.0_S=1.0,1,1,2.0,1.0,2.0,2.0,2.0,1.0,2.0,2.0,2.999999999999999
3p3_L=1.0_S=1.0,1,1,2.0,1.0,2.0,2.0,2.0,1.0,3.0,2.0,1.4332917616497527e-16
3p3_L=1.0_S=1.0,1,1,2.0,1.0,2.0,2.0,2.0,2.0,2.0,2.0,-0.4409585518440983
3p3_L=1.0_S=1.0,1,1,2.0,1.0,2.0,2.0,2.0,2.0,3.0,2.0,-0.3333333333333333
3p3_L=1.0_S=1.0,1,1,2.0,1.0,3.0,-3.0,1.0,2.0,3.0,-3.0,0.0
3p3_L=1.0_S=1.0,1,1,2.0,1.0,3.0,-3.0,2.0,1.0,3.0,-3.0,-4.500000000000001
3p3_L=1.0_S=1.0,1,1,2.0,1.0,3.0,-3.0,2.0,2.0,3.0,-3.0,0.35355339059327373
3p3_L=1.0_S=1.0,1,1,2.0,1.0,3.0,-3.0,2.0,2.0,4.0,-3.0,-0.3535533905932738
3p3_L=1.0_S=1.0,1,1,2.0,1.0,3.0,-2.0,0.0,2.0,2.0,-2.0,0.0
3p3_L=1.0_S=1.0,1,1,2.0,1.0,3.0,-2.0,1.0,1.0,2.0,-2.0,-0.4082482904638631
3p3_L=1.0_S=1.0,1,1,2.0,1.0,3.0,-2.0,1.0,2.0,2.0,-2.0,0.0
3p3_L=1.0_S=1.0,1,1,2.0,1.0,3.0,-2.0,1.0,2.0,3.0,-2.0,0.0
3p3_L=1.0_S=1.0,1,1,2.0,1.0,3.0,-2.0,2.0,0.0,2.0,-2.0,-0.47140452079103173
3p3_L=1.0_S=1.0,1,1,2.0,1.0,3.0,-2.0,2.0,1.0,2.0,-2.0,1.4332917616497527e-16
3p3_L=1.0_S=1.0,1,1,2.0,1.0,3.0,-2.0,2.0,1.0,3.0,-2.0,-3.0
3p3_L=1.0_S=1.0,1,1,2.0,1.0,3.0,-2.0,2.0,2.0,2.0,-2.0,0.0890870806374748
3p3_L=1.0_S=1.0,1,1,2.0,1.0,3.0,-2.0,2.0,2.0,3.0,-2.0,0.23570226039551578
3p3_L=1.0_S=1.0,1,1,2.0,1.0,3.0,-2.0,2.0,2.0,4.0,-2.0,-0.46291004988627565
3p3_L=1.0_S=1.0,1,1,2.0,1.0,3.0,-1.0,0.0,2.0,2.0,-1.0,0.0
3p3_L=1.0_S=1.0,1,1,2.0,1.0,3.0,-1.0,1.0,1.0,2.0,-1.0,-0.5163977794943223
3p3_L=1.0_S=1.0,1,1,2.0,1.0,3.0,-1.0,1.0,2.0,2.0,-1.0,0.0
3p3_L=1.0_S=1.0,1,1,2.0,1.0,3.0,-1.0,1.0,2.0,3.0,-1.0,0.0
3p3_L=1.0_S=1.0,1,1,2.0,1.0,3.0,-1.0,2.0,0.0,2.0,-1.0,-0.5962847939999439
3p3_L=1.0_S=1.0,1,1,2.0,1.0,3.0,-1.0,2.0,1.0,2.0,-1.0,1.8129866073473576e-16
3p3_L=1.0_S=1.0,1,1,2.0,1.0,3.0,-1.0,2.0,1.0,3.0,-1.0,-1.5
3p3_L=1.0_S=1.0,1,1,2.0,1.0,3.0,-1.0,2.0,2.0,2.0,-1.0,0.1126872339638022
3p3_L=1.0_S=1.0,1,1,2.0,1.0,3.0,-1.0,2.0,2.0,3.0,-1.0,0.11785113019775789
3p3_L=1.0_S=1.0,1,1,2.0,1.0,3.0,-1.0,2.0,2.0,4.0,-1.0,-0.5175491695067655
3p3_L=1.0_S=1.0,1,1,2.0,1.0,3.0,0.0,0.0,2.0,2.0,0.0,0.0
3p3_L=1.0_S=1.0,1,1,2.0,1.0,3.0,0.0,1.0,1.0,2.0,0.0,-0.5477225575051663
3p3_L=1.0_S=1.0,1,1,2.0,1.0,3.0,0.0,1.0,2.0,2.0,0.0,0.0
3p3_L=1.0_S=1.0,1,1,2.0,1.0,3.0,0.0,1.0,2.0,3.0,0.0,-0.0
3p3_L=1.0_S=1.0,1,1,2.0,1.0,3.0,0.0,2.0,0.0,2.0,0.0,-0.632455532033676
3p3_L=1.0_S=1.0,1,1,2.0,1.0,3.0,0.0,2.0,1.0,2.0,0.0,1.922962686383564e-16
3p3_L=1.0_S=1.0,1,1,2.0,1.0,3.0,0.0,2.0,1.0,3.0,0.0,0.0
3p3_L=1.0_S=1.0,1,1,2.0,1.0,3.0,0.0,2.0,2.0,2.0,0.0,0.11952286093343938
3p3_L=1.0_S=1.0,1,1,2.0,1.0,3.0,0.0,2.0,2.0,3.0,0.0,-0.0
3p3_L=1.0_S=1.0,1,1,2.0,1.0,3.0,0.0,2.0,2.0,4.0,0.0,-0.5345224838248488
3p3_L=1.0_S=1.0,1,1,2.0,1.0,3.0,1.0,0.0,2.0,2.0,1.0,0.0
3p3_L=1.0_S=1.0,1,1,2.0,1.0,3.0,1.0,1.0,1.0,2.0,1.0,-0.5163977794943223
3p3_L=1.0_S=1.0,1,1,2.0,1.0,3.0,1.0,1.0,2.0,2.0,1.0,0.0
3p3_L=1.0_S=1.0,1,1,2.0,1.0,3.0,1.0,1.0,2.0,3.0,1.0,-0.0
3p3_L=1.0_S=1.0,1,1,2.0,1.0,3.0,1.0,2.0,0.0,2.0,1.0,-0.5962847939999439
3p3_L=1.0_S=1.0,1,1,2.0,1.0,3.0,1.0,2.0,1.0,2.0,1.0,1.8129866073473576e-16
3p3_L=1.0_S=1.0,1,1,2.0,1.0,3.0,1.0,2.0,1.0,3.0,1.0,1.5
3p3_L=1.0_S=1.0,1,1,2.0,1.0,3.0,1.0,2.0,2.0,2.0,1.0,0.1126872339638022
3p3_L=1.0_S=1.0,1,1,2.0,1.0,3.0,1.0,2.0,2.0,3.0,1.0,-0.11785113019775789
3p3_L=1.0_S=1.0,1,1,2.0,1.0,3.0,1.0,2.0,2.0,4.0,1.0,-0.5175491695067655
3p3_L=1.0_S=1.0,1,1,2.0,1.0,3.0,2.0,0.0,2.0,2.0,2.0,0.0
3p3_L=1.0_S=1.0,1,1,2.0,1.0,3.0,2.0,1.0,1.0,2.0,2.0,-0.4082482904638631
3p3_L=1.0_S=1.0,1,1,2.0,1.0,3.0,2.0,1.0,2.0,2.0,2.0,0.0
3p3_L=1.0_S=1.0,1,1,2.0,1.0,3.0,2.0,1.0,2.0,3.0,2.0,-0.0
3p3_L=1.0_S=1.0,1,1,2.0,1.0,3.0,2.0,2.0,0.0,2.0,2.0,-0.47140452079103173
3p3_L=1.0_S=1.0,1,1,2.0,1.0,3.0,2.0,2.0,1.0,2.0,2.0,1.4332917616497527e-16
3p3_L=1.0_S=1.0,1,1,2.0,1.0,3.0,2.0,2.0,1.0,3.0,2.0,3.0
3p3_L=1.0_S=1.0,1,1,2.0,1.0,3.0,2.0,2.0,2.0,2.0,2.0,0.0890870806374748
3p3_L=1.0_S=1.0,1,1,2.0,1.0,3.0,2.0,2.0,2.0,3.0,2.0,-0.23570226039551578
3p3_L=1.0_S=1.0,1,1,2.0,1.0,3.0,2.0,2.0,2.0,4.0,2.0,-0.46291004988627565
3p3_L=1.0_S=1.0,1,1,2.0,1.0,3.0,3.0,1.0,2.0,3.0,3.0,-0.0
3p3_L=1.0_S=1.0,1,1,2.0,1.0,3.0,3.0,2.0,1.0,3.0,3.0,4.500000000000001
3p3_L=1.0_S=1.0,1,1,2.0,1.0,3.0,3.0,2.0,2.0,3.0,3.0,-0.35355339059327373
3p3_L=1.0_S=1.0,1,1,2.0,1.0,3.0,3.0,2.0,2.0,4.0,3.0,-0.3535533905932738
3p3_L=1.0_S=1.0,1,1,2.0,2.0,0.0,-0.0,0.0,1.0,1.0,0.0,-0.0
3p3_L=1.0_S=1.0,1,1,2.0,2.0,0.0,-0.0,1.0,0.0,1.0,0.0,0.0
3p3_L=1.0_S=1.0,1,1,2.0,2.0,0.0,-0.0,1.0,1.0,1.0,0.0,0.0
3p3_L=1.0_S=1.0,1,1,2.0,2.0,0.0,-0.0,1.0,2.0,1.0,0.0,0.4082482904638629
3p3_L=1.0_S=1.0,1,1,2.0,2.0,0.0,-0.0,2.0,1.0,1.0,0.0,0.4082482904638629
3p3_L=1.0_S=1.0,1,1,2.0,2.0,0.0,-0.0,2.0,2.0,1.0,0.0,-0.0
3p3_L=1.0_S=1.0,1,1,2.0,2.0,1.0,-1.0,0.0,1.0,1.0,-1.0,-0.0
3p3_L=1.0_S=1.0,1,1,2.0,2.0,1.0,-1.0,0.0,2.0,2.0,-1.0,0.0
3p3_L=1.0_S=1.0,1,1,2.0,2.0,1.0,-1.0,1.0,0.0,1.0,-1.0,-0.0
3p3_L=1.0_S=1.0,1,1,2.0,2.0,1.0,-1.0,1.0,1.0,1.0,-1.0,-0.0
3p3_L=1.0_S=1.0,1,1,2.0,2.0,1.0,-1.0,1.0,1.0,2.0,-1.0,0.0
3p3_L=1.0_S=1.0,1,1,2.0,2.0,1.0,-1.0,1.0,2.0,1.0,-1.0,-0.4330127018922192
3p3_L=1.0_S=1.0,1,1,2.0,2.0,1.0,-1.0,1.0,2.0,2.0,-1.0,0.19364916731037088
3p3_L=1.0_S=1.0,1,1,2.0,2.0,1.0,-1.0,2.0,0.0,2.0,-1.0,0.0
3p3_L=1.0_S=1.0,1,1,2.0,2.0,1.0,-1.0,2.0,1.0,1.0,-1.0,0.4330127018922192
3p3_L=1.0_S=1.0,1,1,2.0,2.0,1.0,-1.0,2.0,1.0,2.0,-1.0,0.19364916731037088
3p3_L=1.0_S=1.0,1,1,2.0,2.0,1.0,-1.0,2.0,2.0,1.0,-1.0,-1.4999999999999996
3p3_L=1.0_S=1.0,1,1,2.0,2.0,1.0,-1.0,2.0,2.0,2.0,-1.0,0.0
3p3_L=1.0_S=1.0,1,1,2.0,2.0,1.0,0.0,0.0,0.0,0.0,-0.0,-0.0
3p3_L=1.0_S=1.0,1,1,2.0,2.0,1.0,0.0,0.0,1.0,1.0,0.0,0.0
3p3_L=1.0_S=1.0,1,1,2.0,2.0,1.0,0.0,0.0,2.0,2.0,0.0,0.0
3p3_L=1.0_S=1.0,1,1,2.0,2.0,1.0,0.0,1.0,0.0,1.0,0.0,0.0
3p3_L=1.0_S=1.0,1,1,2.0,2.0,1.0,0.0,1.0,1.0,0.0,-0.0,0.0
3p3_L=1.0_S=1.0,1,1,2.0,2.0,1.0,0.0,1.0,1.0,1.0,0.0,0.0
3p3_L=1.0_S=1.0,1,1,2.0,2.0,1.0,0.0,1.0,1.0,2.0,0.0,0.0
3p3_L=1.0_S=1.0,1,1,2.0,2.0,1.0,0.0,1.0,2.0,1.0,0.0,0.0
3p3_L=1.0_S=1.0,1,1,2.0,2.0,1.0,0.0,1.0,2.0,2.0,0.0,0.22360679774997896
3p3_L=1.0_S=1.0,1,1,2.0,2.0,1.0,0.0,2.0,0.0,2.0,0.0,0.0
3p3_L=1.0_S=1.0,1,1,2.0,2.0,1.0,0.0,2.0,1.0,1.0,0.0,-0.0
3p3_L=1.0_S=1.0,1,1,2.0,2.0,1.0,0.0,2.0,1.0,2.0,0.0,0.22360679774997896
3p3_L=1.0_S=1.0,1,1,2.0,2.0,1.0,0.0,2.0,2.0,0.0,-0.0,-0.0
3p3_L=1.0_S=1.0,1,1,2.0,2.0,1.0,0.0,2.0,2.0,1.0,0.0,0.0
3p3_L=1.0_S=1.0,1,1,2.0,2.0,1.0,0.0,2.0,2.0,2.0,0.0,0.0
3p3_L=1.0_S=1.0,1,1,2.0,2.0,1.0,1.0,0.0,1.0,1.0,1.0,0.0
3p3_L=1.0_S=1.0,1,1,2.0,2.0,1.0,1.0,0.0,2.0,2.0,1.0,0.0
3p3_L=1.0_S=1.0,1,1,2.0,2.0,1.0,1.0,1.0,0.0,1.0,1.0,0.0
3p3_L=1.0_S=1.0,1,1,2.0,2.0,1.0,1.0,1.0,1.0,1.0,1.0,0.0
3p3_L=1.0_S=1.0,1,1,2.0,2.0,1.0,1.0,1.0,1.0,2.0,1.0,0.0
3p3_L=1.0_S=1.0,1,1,2.0,2.0,1.0,1.0,1.0,2.0,1.0,1.0,0.4330127018922192
3p3_L=1.0_S=1.0,1,1,2.0,2.0,1.0,1.0,1.0,2.0,2.0,1.0,0.19364916731037088
3p3_L=1.0_S=1.0,1,1,2.0,2.0,1.0,1.0,2.0,0.0,2.0,1.0,0.0
3p3_L=1.0_S=1.0,1,1,2.0,2.0,1.0,1.0,2.0,1.0,1.0,1.0,-0.4330127018922192
3p3_L=1.0_S=1.0,1,1,2.0,2.0,1.0,1.0,2.0,1.0,2.0,1.0,0.19364916731037088
3p3_L=1.0_S=1.0,1,1,2.0,2.0,1.0,1.0,2.0,2.0,1.0,1.0,1.4999999999999996
3p3_L=1.0_S=1.0,1,1,2.0,2.0,1.0,1.0,2.0,2.0,2.0,1.0,0.0
3p3_L=1.0_S=1.0,1,1,2.0,2.0,2.0,-2.0,0.0,2.0,2.0,-2.0,0.0
3p3_L=1.0_S=1.0,1,1,2.0,2.0,2.0,-2.0,1.0,1.0,2.0,-2.0,0.0
3p3_L=1.0_S=1.0,1,1,2.0,2.0,2.0,-2.0,1.0,2.0,2.0,-2.0,-0.4409585518440983
3p3_L=1.0_S=1.0,1,1,2.0,2.0,2.0,-2.0,1.0,2.0,3.0,-2.0,0.0890870806374748
3p3_L=1.0_S=1.0,1,1,2.0,2.0,2.0,-2.0,2.0,0.0,2.0,-2.0,0.0
3p3_L=1.0_S=1.0,1,1,2.0,2.0,2.0,-2.0,2.0,1.0,2.0,-2.0,0.4409585518440983
3p3_L=1.0_S=1.0,1,1,2.0,2.0,2.0,-2.0,2.0,1.0,3.0,-2.0,0.0890870806374748
3p3_L=1.0_S=1.0,1,1,2.0,2.0,2.0,-2.0,2.0,2.0,2.0,-2.0,-2.9999999999999996
3p3_L=1.0_S=1.0,1,1,2.0,2.0,2.0,-2.0,2.0,2.0,3.0,-2.0,-0.0
3p3_L=1.0_S=1.0,1,1,2.0,2.0,2.0,-1.0,0.0,1.0,1.0,-1.0,0.0
3p3_L=1.0_S=1.0,1,1,2.0,2.0,2.0,-1.0,0.0,2.0,2.0,-1.0,0.0
3p3_L=1.0_S=1.0,1,1,2.0,2.0,2.0,-1.0,1.0,0.0,1.0,-1.0,-0.0
3p3_L=1.0_S=1.0,1,1,2.0,2.0,2.0,-1.0,1.0,1.0,1.0,-1.0,-0.0
3p3_L=1.0_S=1.0,1,1,2.0,2.0,2.0,-1.0,1.0,1.0,2.0,-1.0,0.0
3p3_L=1.0_S=1.0,1,1,2.0,2.0,2.0,-1.0,1.0,2.0,1.0,-1.0,-0.2958039891549808
3p3_L=1.0_S=1.0,1,1,2.0,2.0,2.0,-1.0,1.0,2.0,2.0,-1.0,-0.2204792759220492
3p3_L=1.0_S=1.0,1,1,2.0,2.0,2.0,-1.0,1.0,2.0,3.0,-1.0,0.1126872339638022
3p3_L=1.0_S=1.0,1,1,2.0,2.0,2.0,-1.0,2.0,0.0,2.0,-1.0,0.0
3p3_L=1.0_S=1.0,1,1,2.0,2.0,2.0,-1.0,2.0,1.0,1.0,-1.0,-0.2958039891549808
3p3_L=1.0_S=1.0,1,1,2.0,2.0,2.0,-1.0,2.0,1.0,2.0,-1.0,0.2204792759220492
3p3_L=1.0_S=1.0,1,1,2.0,2.0,2.0,-1.0,2.0,1.0,3.0,-1.0,0.1126872339638022
3p3_L=1.0_S=1.0,1,1,2.0,2.0,2.0,-1.0,2.0,2.0,1.0,-1.0,0.0
3p3_L=1.0_S=1.0,1,1,2.0,2.0,2.0,-1.0,2.0,2.0,2.0,-1.0,-1.5
3p3_L=1.0_S=1.0,1,1,2.0,2.0,2.0,-1.0,2.0,2.0,3.0,-1.0,-0.0
3p3_L=1.0_S=1.0,1,1,2.0,2.0,2.0,0.0,0.0,1.0,1.0,0.0,0.0
3p3_L=1.0_S=1.0,1,1,2.0,2.0,2.0,0.0,0.0,2.0,2.0,0.0,0.0
3p3_L=1.0_S=1.0,1,1,2.0,2.0,2.0,0.0,1.0,0.0,1.0,0.0,-0.0
3p3_L=1.0_S=1.0,1,1,2.0,2.0,2.0,0.0,1.0,1.0,1.0,0.0,-0.0
3p3_L=1.0_S=1.0,1,1,2.0,2.0,2.0,0.0,1.0,1.0,2.0,0.0,0.0
3p3_L=1.0_S=1.0,1,1,2.0,2.0,2.0,0.0,1.0,2.0,1.0,0.0,-0.34156502553198653
3p3_L=1.0_S=1.0,1,1,2.0,2.0,2.0,0.0,1.0,2.0,2.0,0.0,-0.0
3p3_L=1.0_S=1.0,1,1,2.0,2.0,2.0,0.0,1.0,2.0,3.0,0.0,0.11952286093343938
3p3_L=1.0_S=1.0,1,1,2.0,2.0,2.0,0.0,2.0,0.0,2.0,0.0,0.0
3p3_L=1.0_S=1.0,1,1,2.0,2.0,2.0,0.0,2.0,1.0,1.0,0.0,-0.34156502553198653
3p3_L=1.0_S=1.0,1,1,2.0,2.0,2.0,0.0,2.0,1.0,2.0,0.0,0.0
3p3_L=1.0_S=1.0,1,1,2.0,2.0,2.0,0.0,2.0,1.0,3.0,0.0,0.11952286093343938
3p3_L=1.0_S=1.0,1,1,2.0,2.0,2.0,0.0,2.0,2.0,1.0,0.0,0.0
3p3_L=1.0_S=1.0,1,1,2.0,2.0,2.0,0.0,2.0,2.0,2.0,0.0,-0.0
3p3_L=1.0_S=1.0,1,1,2.0,2.0,2.0,0.0,2.0,2.0,3.0,0.0,-0.0
3p3_L=1.0_S=1.0,1,1,2.0,2.0,2.0,1.0,0.0,1.0,1.0,1.0,0.0
3p3_L=1.0_S=1.0,1,1,2.0,2.0,2.0,1.0,0.0,2.0,2.0,1.0,-0.0
3p3_L=1.0_S=1.0,1,1,2.0,2.0,2.0,1.0,1.0,0.0,1.0,1.0,-0.0
3p3_L=1.0_S=1.0,1,1,2.0,2.0,2.0,1.0,1.0,1.0,1.0,1.0,-0.0
3p3_L=1.0_S=1.0,1,1,2.0,2.0,2.0,1.0,1.0,1.0,2.0,1.0,-0.0
3p3_L=1.0_S=1.0,1,1,2.0,2.0,2.0,1.0,1.0,2.0,1.0,1.0,-0.2958039891549808
3p3_L=1.0_S=1.0,1,1,2.0,2.0,2.0,1.0,1.0,2.0,2.0,1.0,0.2204792759220492
3p3_L=1.0_S=1.0,1,1,2.0,2.0,2.0,1.0,1.0,2.0,3.0,1.0,0.1126872339638022
3p3_L=1.0_S=1.0,1,1,2.0,2.0,2.0,1.0,2.0,0.0,2.0,1.0,-0.0
3p3_L=1.0_S=1.0,1,1,2.0,2.0,2.0,1.0,2.0,1.0,1.0,1.0,-0.2958039891549808
3p3_L=1.0_S=1.0,1,1,2.0,2.0,2.0,1.0,2.0,1.0,2.0,1.0,-0.2204792759220492
3p3_L=1.0_S=1.0,1,1,2.0,2.0,2.0,1.0,2.0,1.0,3.0,1.0,0.1126872339638022
3p3_L=1.0_S=1.0,1,1,2.0,2.0,2.0,1.0,2.0,2.0,1.0,1.0,0.0
3p3_L=1.0_S=1.0,1,1,2.0,2.0,2.0,1.0,2.0,2.0,2.0,1.0,1.5
3p3_L=1.0_S=1.0,1,1,2.0,2.0,2.0,1.0,2.0,2.0,3.0,1.0,-0.0
3p3_L=1.0_S=1.0,1,1,2.0,2.0,2.0,2.0,0.0,2.0,2.0,2.0,-0.0
3p3_L=1.0_S=1.0,1,1,2.0,2.0,2.0,2.0,1.0,1.0,2.0,2.0,-0.0
3p3_L=1.0_S=1.0,1,1,2.0,2.0,2.0,2.0,1.0,2.0,2.0,2.0,0.4409585518440983
3p3_L=1.0_S=1.0,1,1,2.0,2.0,2.0,2.0,1.0,2.0,3.0,2.0,0.0890870806374748
3p3_L=1.0_S=1.0,1,1,2.0,2.0,2.0,2.0,2.0,0.0,2.0,2.0,-0.0
3p3_L=1.0_S=1.0,1,1,2.0,2.0,2.0,2.0,2.0,1.0,2.0,2.0,-0.4409585518440983
3p3_L=1.0_S=1.0,1,1,2.0,2.0,2.0,2.0,2.0,1.0,3.0,2.0,0.0890870806374748
3p3_L=1.0_S=1.0,1,1,2.0,2.0,2.0,2.0,2.0,2.0,2.0,2.0,2.9999999999999996
3p3_L=1.0_S=1.0,1,1,2.0,2.0,2.0,2.0,2.0,2.0,3.0,2.0,-0.0
3p3_L=1.0_S=1.0,1,1,2.0,2.0,3.0,-3.0,1.0,2.0,3.0,-3.0,-0.35355339059327373
3p3_L=1.0_S=1.0,1,1,2.0,2.0,3.0,-3.0,2.0,1.0,3.0,-3.0,0.35355339059327373
3p3_L=1.0_S=1.0,1,1,2.0,2.0,3.0,-3.0,2.0,2.0,3.0,-3.0,-4.5
3p3_L=1.0_S=1.0,1,1,2.0,2.0,3.0,-3.0,2.0,2.0,4.0,-3.0,0.0
3p3_L=1.0_S=1.0,1,1,2.0,2.0,3.0,-2.0,0.0,2.0,2.0,-2.0,-0.0
3p3_L=1.0_S=1.0,1,1,2.0,2.0,3.0,-2.0,1.0,1.0,2.0,-2.0,-0.0
3p3_L=1.0_S=1.0,1,1,2.0,2.0,3.0,-2.0,1.0,2.0,2.0,-2.0,-0.3333333333333333
3p3_L=1.0_S=1.0,1,1,2.0,2.0,3.0,-2.0,1.0,2.0,3.0,-2.0,-0.23570226039551578
3p3_L=1.0_S=1.0,1,1,2.0,2.0,3.0,-2.0,2.0,0.0,2.0,-2.0,0.0
3p3_L=1.0_S=1.0,1,1,2.0,2.0,3.0,-2.0,2.0,1.0,2.0,-2.0,-0.3333333333333333
3p3_L=1.0_S=1.0,1,1,2.0,2.0,3.0,-2.0,2.0,1.0,3.0,-2.0,0.23570226039551578
3p3_L=1.0_S=1.0,1,1,2.0,2.0,3.0,-2.0,2.0,2.0,2.0,-2.0,-0.0
3p3_L=1.0_S=1.0,1,1,2.0,2.0,3.0,-2.0,2.0,2.0,3.0,-2.0,-2.999999999999999
3p3_L=1.0_S=1.0,1,1,2.0,2.0,3.0,-2.0,2.0,2.0,4.0,-2.0,0.0
3p3_L=1.0_S=1.0,1,1,2.0,2.0,3.0,-1.0,0.0,2.0,2.0,-1.0,-0.0
3p3_L=1.0_S=1.0,1,1,2.0,2.0,3.0,-1.0,1.0,1.0,2.0,-1.0,-0.0
3p3_L=1.0_S=1.0,1,1,2.0,2.0,3.0,-1.0,1.0,2.0,2.0,-1.0,-0.4216370213557838
3p3_L=1.0_S=1.0,1,1,2.0,2.0,3.0,-1.0,1.0,2.0,3.0,-1.0,-0.11785113019775789
3p3_L=1.0_S=1.0,1,1,2.0,2.0,3.0,-1.0,2.0,0.0,2.0,-1.0,0.0
3p3_L=1.0_S=1.0,1,1,2.0,2.0,3.0,-1.0,2.0,1.0,2.0,-1.0,-0.4216370213557838
3p3_L=1.0_S=1.0,1,1,2.0,2.0,3.0,-1.0,2.0,1.0,3.0,-1.0,0.11785113019775789
3p3_L=1.0_S=1.0,1,1,2.0,2.0,3.0,-1.0,2.0,2.0,2.0,-1.0,-0.0
3p3_L=1.0_S=1.0,1,1,2.0,2.0,3.0,-1.0,2.0,2.0,3.0,-1.0,-1.4999999999999996
3p3_L=1.0_S=1.0,1,1,2.0,2.0,3.0,-1.0,2.0,2.0,4.0,-1.0,0.0
3p3_L=1.0_S=1.0,1,1,2.0,2.0,3.0,0.0,0.0,2.0,2.0,0.0,-0.0
3p3_L=1.0_S=1.0,1,1,2.0,2.0,3.0,0.0,1.0,1.0,2.0,0.0,-0.0
3p3_L=1.0_S=1.0,1,1,2.0,2.0,3.0,0.0,1.0,2.0,2.0,0.0,-0.4472135954999579
3p3_L=1.0_S=1.0,1,1,2.0,2.0,3.0,0.0,1.0,2.0,3.0,0.0,0.0
3p3_L=1.0_S=1.0,1,1,2.0,2.0,3.0,0.0,2.0,0.0,2.0,0.0,0.0
3p3_L=1.0_S=1.0,1,1,2.0,2.0,3.0,0.0,2.0,1.0,2.0,0.0,-0.4472135954999579
3p3_L=1.0_S=1.0,1,1,2.0,2.0,3.0,0.0,2.0,1.0,3.0,0.0,-0.0
3p3_L=1.0_S=1.0,1,1,2.0,2.0,3.0,0.0,2.0,2.0,2.0,0.0,-0.0
3p3_L=1.0_S=1.0,1,1,2.0,2.0,3.0,0.0,2.0,2.0,3.0,0.0,0.0
3p3_L=1.0_S=1.0,1,1,2.0,2.0,3.0,0.0,2.0,2.0,4.0,0.0,0.0
3p3_L=1.0_S=1.0,1,1,2.0,2.0,3.0,1.0,0.0,2.0,2.0,1.0,-0.0
3p3_L=1.0_S=1.0,1,1,2.0,2.0,3.0,1.0,1.0,1.0,2.0,1.0,-0.0
3p3_L=1.0_S=1.0,1,1,2.0,2.0,3.0,1.0,1.0,2.0,2.0,1.0,-0.4216370213557838
3p3_L=1.0_S=1.0,1,1,2.0,2.0,3.0,1.0,1.0,2.0,3.0,1.0,0.11785113019775789
3p3_L=1.0_S=1.0,1,1,2.0,2.0,3.0,1.0,2.0,0.0,2.0,1.0,0.0
3p3_L=1.0_S=1.0,1,1,2.0,2.0,3.0,1.0,2.0,1.0,2.0,1.0,-0.4216370213557838
3p3_L=1.0_S=1.0,1,1,2.0,2.0,3.0,1.0,2.0,1.0,3.0,1.0,-0.11785113019775789
3p3_L=1.0_S=1.0,1,1,2.0,2.0,3.0,1.0,2.0,2.0,2.0,1.0,-0.0
3p3_L=1.0_S=1.0,1,1,2.0,2.0,3.0,1.0,2.0,2.0,3.0,1.0,1.4999999999999996
3p3_L=1.0_S=1.0,1,1,2.0,2.0,3.0,1.0,2.0,2.0,4.0,1.0,0.0
3p3_L=1.0_S=1.0,1,1,2.0,2.0,3.0,2.0,0.0,2.0,2.0,2.0,-0.0
3p3_L=1.0_S=1.0,1,1,2.0,2.0,3.0,2.0,1.0,1.0,2.0,2.0,-0.0
3p3_L=1.0_S=1.0,1,1,2.0,2.0,3.0,2.0,1.0,2.0,2.0,2.0,-0.3333333333333333
3p3_L=1.0_S=1.0,1,1,2.0,2.0,3.0,2.0,1.0,2.0,3.0,2.0,0.23570226039551578
3p3_L=1.0_S=1.0,1,1,2.0,2.0,3.0,2.0,2.0,0.0,2.0,2.0,0.0
3p3_L=1.0_S=1.0,1,1,2.0,2.0,3.0,2.0,2.0,1.0,2.0,2.0,-0.3333333333333333
3p3_L=1.0_S=1.0,1,1,2.0,2.0,3.0,2.0,2.0,1.0,3.0,2.0,-0.23570226039551578
3p3_L=1.0_S=1.0,1,1,2.0,2.0,3.0,2.0,2.0,2.0,2.0,2.0,-0.0
3p3_L=1.0_S=1.0,1,1,2.0,2.0,3.0,2.0,2.0,2.0,3.0,2.0,2.999999999999999
3p3_L=1.0_S=1.0,1,1,2.0,2.0,3.0,2.0,2.0,2.0,4.0,2.0,0.0
3p3_L=1.0_S=1.0,1,1,2.0,2.0,3.0,3.0,1.0,2.0,3.0,3.0,0.35355339059327373
3p3_L=1.0_S=1.0,1,1,2.0,2.0,3.0,3.0,2.0,1.0,3.0,3.0,-0.35355339059327373
3p3_L=1.0_S=1.0,1,1,2.0,2.0,3.0,3.0,2.0,2.0,3.0,3.0,4.5
3p3_L=1.0_S=1.0,1,1,2.0,2.0,3.0,3.0,2.0,2.0,4.0,3.0,0.0
3p3_L=1.0_S=1.0,1,1,2.0,2.0,4.0,-4.0,2.0,2.0,4.0,-4.0,-6.0
3p3_L=1.0_S=1.0,1,1,2.0,2.0,4.0,-3.0,1.0,2.0,3.0,-3.0,-0.35355339059327384
3p3_L=1.0_S=1.0,1,1,2.0,2.0,4.0,-3.0,2.0,1.0,3.0,-3.0,-0.35355339059327384
3p3_L=1.0_S=1.0,1,1,2.0,2.0,4.0,-3.0,2.0,2.0,3.0,-3.0,0.0
3p3_L=1.0_S=1.0,1,1,2.0,2.0,4.0,-3.0,2.0,2.0,4.0,-3.0,-4.500000000000001
3p3_L=1.0_S=1.0,1,1,2.0,2.0,4.0,-2.0,1.0,2.0,3.0,-2.0,-0.4629100498862757
3p3_L=1.0_S=1.0,1,1,2.0,2.0,4.0,-2.0,2.0,1.0,3.0,-2.0,-0.4629100498862757
3p3_L=1.0_S=1.0,1,1,2.0,2.0,4.0,-2.0,2.0,2.0,3.0,-2.0,0.0
3p3_L=1.0_S=1.0,1,1,2.0,2.0,4.0,-2.0,2.0,2.0,4.0,-2.0,-2.9999999999999996
3p3_L=1.0_S=1.0,1,1,2.0,2.0,4.0,-1.0,1.0,2.0,3.0,-1.0,-0.5175491695067657
3p3_L=1.0_S=1.0,1,1,2.0,2.0,4.0,-1.0,2.0,1.0,3.0,-1.0,-0.5175491695067657
3p3_L=1.0_S=1.0,1,1,2.0,2.0,4.0,-1.0,2.0,2.0,3.0,-1.0,0.0
3p3_L=1.0_S=1.0,1,1,2.0,2.0,4.0,-1.0,2.0,2.0,4.0,-1.0,-1.4999999999999998
3p3_L=1.0_S=1.0,1,1,2.0,2.0,4.0,0.0,1.0,2.0,3.0,0.0,-0.5345224838248489
3p3_L=1.0_S=1.0,1,1,2.0,2.0,4.0,0.0,2.0,1.0,3.0,0.0,-0.5345224838248489
3p3_L=1.0_S=1.0,1,1,2.0,2.0,4.0,0.0,2.0,2.0,3.0,0.0,0.0
3p3_L=1.0_S=1.0,1,1,2.0,2.0,4.0,0.0,2.0,2.0,4.0,0.0,-0.0
3p3_L=1.0_S=1.0,1,1,2.0,2.0,4.0,1.0,1.0,2.0,3.0,1.0,-0.5175491695067657
3p3_L=1.0_S=1.0,1,1,2.0,2.0,4.0,1.0,2.0,1.0,3.0,1.0,-0.5175491695067657
3p3_L=1.0_S=1.0,1,1,2.0,2.0,4.0,1.0,2.0,2.0,3.0,1.0,0.0
3p3_L=1.0_S=1.0,1,1,2.0,2.0,4.0,1.0,2.0,2.0,4.0,1.0,1.4999999999999998
3p3_L=1.0_S=1.0,1,1,2.0,2.0,4.0,2.0,1.0,2.0,3.0,2.0,-0.4629100498862757
3p3_L=1.0_S=1.0,1,1,2.0,2.0,4.0,2.0,2.0,1.0,3.0,2.0,-0.4629100498862757
3p3_L=1.0_S=1.0,1,1,2.0,2.0,4.0,2.0,2.0,2.0,3.0,2.0,0.0
3p3_L=1.0_S=1.0,1,1,2.0,2.0,4.0,2.0,2.0,2.0,4.0,2.0,2.9999999999999996
3p3_L=1.0_S=1.0,1,1,2.0,2.0,4.0,3.0,1.0,2.0,3.0,3.0,-0.35355339059327384
3p3_L=1.0_S=1.0,1,1,2.0,2.0,4.0,3.0,2.0,1.0,3.0,3.0,-0.35355339059327384
3p3_L=1.0_S=1.0,1,1,2.0,2.0,4.0,3.0,2.0,2.0,3.0,3.0,0.0
3p3_L=1.0_S=1.0,1,1,2.0,2.0,4.0,3.0,2.0,2.0,4.0,3.0,4.500000000000001
3p3_L=1.0_S=1.0,1,1,2.0,2.0,4.0,4.0,2.0,2.0,4.0,4.0,6.0
3d3_L=2.0_S=1.0,2,1,1.0,1.0,0.0,-0.0,1.0,1.0,1.0,0.0,-0.0
3d3_L=2.0_S=1.0,2,1,1.0,1.0,0.0,-0.0,1.0,2.0,1.0,0.0,-0.7071067811865474
3d3_L=2.0_S=1.0,2,1,1.0,1.0,0.0,-0.0,2.0,1.0,1.0,0.0,-0.7071067811865474
3d3_L=2.0_S=1.0,2,1,1.0,1.0,0.0,-0.0,2.0,2.0,1.0,0.0,-0.0
3d3_L=2.0_S=1.0,2,1,1.0,1.0,0.0,-0.0,2.0,3.0,1.0,0.0,-0.0
3d3_L=2.0_S=1.0,2,1,1.0,1.0,0.0,-0.0,3.0,2.0,1.0,0.0,-0.0
3d3_L=2.0_S=1.0,2,1,1.0,1.0,0.0,-0.0,3.0,3.0,1.0,0.0,-0.0
3d3_L=2.0_S=1.0,2,1,1.0,1.0,1.0,-1.0,1.0,1.0,1.0,-1.0,-0.4999999999999999
3d3_L=2.0_S=1.0,2,1,1.0,1.0,1.0,-1.0,1.0,1.0,2.0,-1.0,0.0
3d3_L=2.0_S=1.0,2,1,1.0,1.0,1.0,-1.0,1.0,2.0,1.0,-1.0,0.43301270189221924
3d3_L=2.0_S=1.0,2,1,1.0,1.0,1.0,-1.0,1.0,2.0,2.0,-1.0,-0.5809475019311124
3d3_L=2.0_S=1.0,2,1,1.0,1.0,1.0,-1.0,1.0,3.0,2.0,-1.0,0.0
3d3_L=2.0_S=1.0,2,1,1.0,1.0,1.0,-1.0,2.0,1.0,1.0,-1.0,-0.43301270189221924
3d3_L=2.0_S=1.0,2,1,1.0,1.0,1.0,-1.0,2.0,1.0,2.0,-1.0,-0.5809475019311124
3d3_L=2.0_S=1.0,2,1,1.0,1.0,1.0,-1.0,2.0,2.0,1.0,-1.0,-0.0
3d3_L=2.0_S=1.0,2,1,1.0,1.0,1.0,-1.0,2.0,2.0,2.0,-1.0,-0.0
3d3_L=2.0_S=1.0,2,1,1.0,1.0,1.0,-1.0,2.0,3.0,1.0,-1.0,-0.0
3d3_L=2.0_S=1.0,2,1,1.0,1.0,1.0,-1.0,2.0,3.0,2.0,-1.0,-0.0
3d3_L=2.0_S=1.0,2,1,1.0,1.0,1.0,-1.0,3.0,1.0,2.0,-1.0,0.0
3d3_L=2.0_S=1.0,2,1,1.0,1.0,1.0,-1.0,3.0,2.0,1.0,-1.0,-0.0
3d3_L=2.0_S=1.0,2,1,1.0,1.0,1.0,-1.0,3.0,2.0,2.0,-1.0,0.0
3d3_L=2.0_S=1.0,2,1,1.0,1.0,1.0,-1.0,3.0,3.0,1.0,-1.0,-0.0
3d3_L=2.0_S=1.0,2,1,1.0,1.0,1.0,-1.0,3.0,3.0,2.0,-1.0,0.0
3d3_L=2.0_S=1.0,2,1,1.0,1.0,1.0,0.0,1.0,1.0,0.0,-0.0,-0.0
3d3_L=2.0_S=1.0,2,1,1.0,1.0,1.0,0.0,1.0,1.0,1.0,0.0,0.0
3d3_L=2.0_S=1.0,2,1,1.0,1.0,1.0,0.0,1.0,1.0,2.0,0.0,0.0
3d3_L=2.0_S=1.0,2,1,1.0,1.0,1.0,0.0,1.0,2.0,1.0,0.0,-0.0
3d3_L=2.0_S=1.0,2,1,1.0,1.0,1.0,0.0,1.0,2.0,2.0,0.0,-0.6708203932499367
3d3_L=2.0_S=1.0,2,1,1.0,1.0,1.0,0.0,1.0,3.0,2.0,0.0,0.0
3d3_L=2.0_S=1.0,2,1,1.0,1.0,1.0,0.0,2.0,1.0,1.0,0.0,0.0
3d3_L=2.0_S=1.0,2,1,1.0,1.0,1.0,0.0,2.0,1.0,2.0,0.0,-0.6708203932499367
3d3_L=2.0_S=1.0,2,1,1.0,1.0,1.0,0.0,2.0,2.0,0.0,-0.0,-0.0
3d3_L=2.0_S=1.0,2,1,1.0,1.0,1.0,0.0,2.0,2.0,1.0,0.0,0.0
3d3_L=2.0_S=1.0,2,1,1.0,1.0,1.0,0.0,2.0,2.0,2.0,0.0,-0.0
3d3_L=2.0_S=1.0,2,1,1.0,1.0,1.0,0.0,2.0,3.0,1.0,0.0,0.0
3d3_L=2.0_S=1.0,2,1,1.0,1.0,1.0,0.0,2.0,3.0,2.0,0.0,-0.0
3d3_L=2.0_S=1.0,2,1,1.0,1.0,1.0,0.0,3.0,1.0,2.0,0.0,0.0
3d3_L=2.0_S=1.0,2,1,1.0,1.0,1.0,0.0,3.0,2.0,1.0,0.0,0.0
3d3_L=2.0_S=1.0,2,1,1.0,1.0,1.0,0.0,3.0,2.0,2.0,0.0,0.0
3d3_L=2.0_S=1.0,2,1,1.0,1.0,1.0,0.0,3.0,3.0,0.0,-0.0,-0.0
3d3_L=2.0_S=1.0,2,1,1.0,1.0,1.0,0.0,3.0,3.0,1.0,0.0,0.0
3d3_L=2.0_S=1.0,2,1,1.0,1.0,1.0,0.0,3.0,3.0,2.0,0.0,0.0
3d3_L=2.0_S=1.0,2,1,1.0,1.0,1.0,1.0,1.0,1.0,1.0,1.0,0.4999999999999999
3d3_L=2.0_S=1.0,2,1,1.0,1.0,1.0,1.0,1.0,1.0,2.0,1.0,0.0
3d3_L=2.0_S=1.0,2,1,1.0,1.0,1.0,1.0,1.0,2.0,1.0,1.0,-0.43301270189221924
3d3_L=2.0_S=1.0,2,1,1.0,1.0,1.0,1.0,1.0,2.0,2.0,1.0,-0.5809475019311124
3d3_L=2.0_S=1.0,2,1,1.0,1.0,1.0,1.0,1.0,3.0,2.0,1.0,0.0
3d3_L=2.0_S=1.0,2,1,1.0,1.0,1.0,1.0,2.0,1.0,1.0,1.0,0.43301270189221924
3d3_L=2.0_S=1.0,2,1,1.0,1.0,1.0,1.0,2.0,1.0,2.0,1.0,-0.5809475019311124
3d3_L=2.0_S=1.0,2,1,1.0,1.0,1.0,1.0,2.0,2.0,1.0,1.0,0.0
3d3_L=2.0_S=1.0,2,1,1.0,1.0,1.0,1.0,2.0,2.0,2.0,1.0,-0.0
3d3_L=2.0_S=1.0,2,1,1.0,1.0,1.0,1.0,2.0,3.0,1.0,1.0,0.0
3d3_L=2.0_S=1.0,2,1,1.0,1.0,1.0,1.0,2.0,3.0,2.0,1.0,-0.0
3d3_L=2.0_S=1.0,2,1,1.0,1.0,1.0,1.0,3.0,1.0,2.0,1.0,0.0
3d3_L=2.0_S=1.0,2,1,1.0,1.0,1.0,1.0,3.0,2.0,1.0,1.0,0.0
3d3_L=2.0_S=1.0,2,1,1.0,1.0,1.0,1.0,3.0,2.0,2.0,1.0,0.0
3d3_L=2.0_S=1.0,2,1,1.0,1.0,1.0,1.0,3.0,3.0,1.0,1.0,0.0
3d3_L=2.0_S=1.0,2,1,1.0,1.0,1.0,1.0,3.0,3.0,2.0,1.0,0.0
3d3_L=2.0_S=1.0,2,1,1.0,1.0,2.0,-2.0,1.0,1.0,2.0,-2.0,-0.9999999999999999
3d3_L=2.0_S=1.0,2,1,1.0,1.0,2.0,-2.0,1.0,2.0,2.0,-2.0,0.38729833462074165
3d3_L=2.0_S=1.0,2,1,1.0,1.0,2.0,-2.0,1.0,2.0,3.0,-2.0,-0.5477225575051661
3d3_L=2.0_S=1.0,2,1,1.0,1.0,2.0,-2.0,1.0,3.0,2.0,-2.0,0.0
3d3_L=2.0_S=1.0,2,1,1.0,1.0,2.0,-2.0,1.0,3.0,3.0,-2.0,-0.0
3d3_L=2.0_S=1.0,2,1,1.0,1.0,2.0,-2.0,2.0,1.0,2.0,-2.0,-0.38729833462074165
3d3_L=2.0_S=1.0,2,1,1.0,1.0,2.0,-2.0,2.0,1.0,3.0,-2.0,-0.5477225575051661
3d3_L=2.0_S=1.0,2,1,1.0,1.0,2.0,-2.0,2.0,2.0,2.0,-2.0,0.0
3d3_L=2.0_S=1.0,2,1,1.0,1.0,2.0,-2.0,2.0,2.0,3.0,-2.0,-0.0
3d3_L=2.0_S=1.0,2,1,1.0,1.0,2.0,-2.0,2.0,3.0,2.0,-2.0,0.0
3d3_L=2.0_S=1.0,2,1,1.0,1.0,2.0,-2.0,2.0,3.0,3.0,-2.0,-0.0
3d3_L=2.0_S=1.0,2,1,1.0,1.0,2.0,-2.0,3.0,1.0,2.0,-2.0,0.0
3d3_L=2.0_S=1.0,2,1,1.0,1.0,2.0,-2.0,3.0,1.0,3.0,-2.0,-0.0
3d3_L=2.0_S=1.0,2,1,1.0,1.0,2.0,-2.0,3.0,2.0,2.0,-2.0,0.0
3d3_L=2.0_S=1.0,2,1,1.0,1.0,2.0,-2.0,3.0,2.0,3.0,-2.0,-0.0
3d3_L=2.0_S=1.0,2,1,1.0,1.0,2.0,-2.0,3.0,3.0,2.0,-2.0,0.0
3d3_L=2.0_S=1.0,2,1,1.0,1.0,2.0,-2.0,3.0,3.0,3.0,-2.0,-0.0
3d3_L=2.0_S=1.0,2,1,1.0,1.0,2.0,-1.0,1.0,1.0,1.0,-1.0,0.0
3d3_L=2.0_S=1.0,2,1,1.0,1.0,2.0,-1.0,1.0,1.0,2.0,-1.0,-0.5
3d3_L=2.0_S=1.0,2,1,1.0,1.0,2.0,-1.0,1.0,2.0,1.0,-1.0,0.08660254037844387
3d3_L=2.0_S=1.0,2,1,1.0,1.0,2.0,-1.0,1.0,2.0,2.0,-1.0,0.19364916731037085
3d3_L=2.0_S=1.0,2,1,1.0,1.0,2.0,-1.0,1.0,2.0,3.0,-1.0,-0.6928203230275508
3d3_L=2.0_S=1.0,2,1,1.0,1.0,2.0,-1.0,1.0,3.0,2.0,-1.0,0.0
3d3_L=2.0_S=1.0,2,1,1.0,1.0,2.0,-1.0,1.0,3.0,3.0,-1.0,-0.0
3d3_L=2.0_S=1.0,2,1,1.0,1.0,2.0,-1.0,2.0,1.0,1.0,-1.0,0.08660254037844387
3d3_L=2.0_S=1.0,2,1,1.0,1.0,2.0,-1.0,2.0,1.0,2.0,-1.0,-0.19364916731037085
3d3_L=2.0_S=1.0,2,1,1.0,1.0,2.0,-1.0,2.0,1.0,3.0,-1.0,-0.6928203230275508
3d3_L=2.0_S=1.0,2,1,1.0,1.0,2.0,-1.0,2.0,2.0,1.0,-1.0,0.0
3d3_L=2.0_S=1.0,2,1,1.0,1.0,2.0,-1.0,2.0,2.0,2.0,-1.0,0.0
3d3_L=2.0_S=1.0,2,1,1.0,1.0,2.0,-1.0,2.0,2.0,3.0,-1.0,-0.0
3d3_L=2.0_S=1.0,2,1,1.0,1.0,2.0,-1.0,2.0,3.0,1.0,-1.0,0.0
3d3_L=2.0_S=1.0,2,1,1.0,1.0,2.0,-1.0,2.0,3.0,2.0,-1.0,0.0
3d3_L=2.0_S=1.0,2,1,1.0,1.0,2.0,-1.0,2.0,3.0,3.0,-1.0,-0.0
3d3_L=2.0_S=1.0,2,1,1.0,1.0,2.0,-1.0,3.0,1.0,2.0,-1.0,0.0
3d3_L=2.0_S=1.0,2,1,1.0,1.0,2.0,-1.0,3.0,1.0,3.0,-1.0,-0.0
3d3_L=2.0_S=1.0,2,1,1.0,1.0,2.0,-1.0,3.0,2.0,1.0,-1.0,0.0
3d3_L=2.0_S=1.0,2,1,1.0,1.0,2.0,-1.0,3.0,2.0,2.0,-1.0,0.0
3d3_L=2.0_S=1.0,2,1,1.0,1.0,2.0,-1.0,3.0,2.0,3.0,-1.0,-0.0
3d3_L=2.0_S=1.0,2,1,1.0,1.0,2.0,-1.0,3.0,3.0,1.0,-1.0,0.0
3d3_L=2.0_S=1.0,2,1,1.0,1.0,2.0,-1.0,3.0,3.0,2.0,-1.0,0.0
3d3_L=2.0_S=1.0,2,1,1.0,1.0,2.0,-1.0,3.0,3.0,3.0,-1.0,-0.0
3d3_L=2.0_S=1.0,2,1,1.0,1.0,2.0,0.0,1.0,1.0,1.0,0.0,0.0
3d3_L=2.0_S=1.0,2,1,1.0,1.0,2.0,0.0,1.0,1.0,2.0,0.0,-0.0
3d3_L=2.0_S=1.0,2,1,1.0,1.0,2.0,0.0,1.0,2.0,1.0,0.0,0.09999999999999999
3d3_L=2.0_S=1.0,2,1,1.0,1.0,2.0,0.0,1.0,2.0,2.0,0.0,0.0
3d3_L=2.0_S=1.0,2,1,1.0,1.0,2.0,0.0,1.0,2.0,3.0,0.0,-0.7348469228349535
3d3_L=2.0_S=1.0,2,1,1.0,1.0,2.0,0.0,1.0,3.0,2.0,0.0,0.0
3d3_L=2.0_S=1.0,2,1,1.0,1.0,2.0,0.0,1.0,3.0,3.0,0.0,-0.0
3d3_L=2.0_S=1.0,2,1,1.0,1.0,2.0,0.0,2.0,1.0,1.0,0.0,0.09999999999999999
3d3_L=2.0_S=1.0,2,1,1.0,1.0,2.0,0.0,2.0,1.0,2.0,0.0,-0.0
3d3_L=2.0_S=1.0,2,1,1.0,1.0,2.0,0.0,2.0,1.0,3.0,0.0,-0.7348469228349535
3d3_L=2.0_S=1.0,2,1,1.0,1.0,2.0,0.0,2.0,2.0,1.0,0.0,0.0
3d3_L=2.0_S=1.0,2,1,1.0,1.0,2.0,0.0,2.0,2.0,2.0,0.0,0.0
3d3_L=2.0_S=1.0,2,1,1.0,1.0,2.0,0.0,2.0,2.0,3.0,0.0,-0.0
3d3_L=2.0_S=1.0,2,1,1.0,1.0,2.0,0.0,2.0,3.0,1.0,0.0,0.0
3d3_L=2.0_S=1.0,2,1,1.0,1.0,2.0,0.0,2.0,3.0,2.0,0.0,0.0
3d3_L=2.0_S=1.0,2,1,1.0,1.0,2.0,0.0,2.0,3.0,3.0,0.0,-0.0
3d3_L=2.0_S=1.0,2,1,1.0,1.0,2.0,0.0,3.0,1.0,2.0,0.0,0.0
3d3_L=2.0_S=1.0,2,1,1.0,1.0,2.0,0.0,3.0,1.0,3.0,0.0,-0.0
3d3_L=2.0_S=1.0,2,1,1.0,1.0,2.0,0.0,3.0,2.0,1.0,0.0,0.0
3d3_L=2.0_S=1.0,2,1,1.0,1.0,2.0,0.0,3.0,2.0,2.0,0.0,0.0
3d3_L=2.0_S=1.0,2,1,1.0,1.0,2.0,0.0,3.0,2.0,3.0,0.0,-0.0
3d3_L=2.0_S=1.0,2,1,1.0,1.0,2.0,0.0,3.0,3.0,1.0,0.0,0.0
3d3_L=2.0_S=1.0,2,1,1.0,1.0,2.0,0.0,3.0,3.0,2.0,0.0,0.0
3d3_L=2.0_S=1.0,2,1,1.0,1.0,2.0,0.0,3.0,3.0,3.0,0.0,-0.0
3d3_L=2.0_S=1.0,2,1,1.0,1.0,2.0,1.0,1.0,1.0,1.0,1.0,0.0
3d3_L=2.0_S=1.0,2,1,1.0,1.0,2.0,1.0,1.0,1.0,2.0,1.0,0.5
3d3_L=2.0_S=1.0,2,1,1.0,1.0,2.0,1.0,1.0,2.0,1.0,1.0,0.08660254037844387
3d3_L=2.0_S=1.0,2,1,1.0,1.0,2.0,1.0,1.0,2.0,2.0,1.0,-0.19364916731037085
3d3_L=2.0_S=1.0,2,1,1.0,1.0,2.0,1.0,1.0,2.0,3.0,1.0,-0.6928203230275508
3d3_L=2.0_S=1.0,2,1,1.0,1.0,2.0,1.0,1.0,3.0,2.0,1.0,-0.0
3d3_L=2.0_S=1.0,2,1,1.0,1.0,2.0,1.0,1.0,3.0,3.0,1.0,-0.0
3d3_L=2.0_S=1.0,2,1,1.0,1.0,2.0,1.0,2.0,1.0,1.0,1.0,0.08660254037844387
3d3_L=2.0_S=1.0,2,1,1.0,1.0,2.0,1.0,2.0,1.0,2.0,1.0,0.19364916731037085
3d3_L=2.0_S=1.0,2,1,1.0,1.0,2.0,1.0,2.0,1.0,3.0,1.0,-0.6928203230275508
3d3_L=2.0_S=1.0,2,1,1.0,1.0,2.0,1.0,2.0,2.0,1.0,1.0,0.0
3d3_L=2.0_S=1.0,2,1,1.0,1.0,2.0,1.0,2.0,2.0,2.0,1.0,-0.0
3d3_L=2.0_S=1.0,2,1,1.0,1.0,2.0,1.0,2.0,2.0,3.0,1.0,-0.0
3d3_L=2.0_S=1.0,2,1,1.0,1.0,2.0,1.0,2.0,3.0,1.0,1.0,0.0
3d3_L=2.0_S=1.0,2,1,1.0,1.0,2.0,1.0,2.0,3.0,2.0,1.0,-0.0
3d3_L=2.0_S=1.0,2,1,1.0,1.0,2.0,1.0,2.0,3.0,3.0,1.0,-0.0
3d3_L=2.0_S=1.0,2,1,1.0,1.0,2.0,1.0,3.0,1.0,2.0,1.0,-0.0
3d3_L=2.0_S=1.0,2,1,1.0,1.0,2.0,1.0,3.0,1.0,3.0,1.0,-0.0
3d3_L=2.0_S=1.0,2,1,1.0,1.0,2.0,1.0,3.0,2.0,1.0,1.0,0.0
3d3_L=2.0_S=1.0,2,1,1.0,1.0,2.0,1.0,3.0,2.0,2.0,1.0,-0.0
3d3_L=2.0_S=1.0,2,1,1.0,1.0,2.0,1.0,3.0,2.0,3.0,1.0,-0.0
3d3_L=2.0_S=1.0,2,1,1.0,1.0,2.0,1.0,3.0,3.0,1.0,1.0,0.0
3d3_L=2.0_S=1.0,2,1,1.0,1.0,2.0,1.0,3.0,3.0,2.0,1.0,-0.0
3d3_L=2.0_S=1.0,2,1,1.0,1.0,2.0,1.0,3.0,3.0,3.0,1.0,-0.0
3d3_L=2.0_S=1.0,2,1,1.0,1.0,2.0,2.0,1.0,1.0,2.0,2.0,0.9999999999999999
3d3_L=2.0_S=1.0,2,1,1.0,1.0,2.0,2.0,1.0,2.0,2.0,2.0,-0.38729833462074165
3d3_L=2.0_S=1.0,2,1,1.0,1.0,2.0,2.0,1.0,2.0,3.0,2.0,-0.5477225575051661
3d3_L=2.0_S=1.0,2,1,1.0,1.0,2.0,2.0,1.0,3.0,2.0,2.0,-0.0
3d3_L=2.0_S=1.0,2,1,1.0,1.0,2.0,2.0,1.0,3.0,3.0,2.0,-0.0
3d3_L=2.0_S=1.0,2,1,1.0,1.0,2.0,2.0,2.0,1.0,2.0,2.0,0.38729833462074165
3d3_L=2.0_S=1.0,2,1,1.0,1.0,2.0,2.0,2.0,1.0,3.0,2.0,-0.5477225575051661
3d3_L=2.0_S=1.0,2,1,1.0,1.0,2.0,2.0,2.0,2.0,2.0,2.0,-0.0
3d3_L=2.0_S=1.0,2,1,1.0,1.0,2.0,2.0,2.0,2.0,3.0,2.0,-0.0
3d3_L=2.0_S=1.0,2,1,1.0,1.0,2.0,2.0,2.0,3.0,2.0,2.0,-0.0
3d3_L=2.0_S=1.0,2,1,1.0,1.0,2.0,2.0,2.0,3.0,3.0,2.0,-0.0
3d3_L=2.0_S=1.0,2,1,1.0,1.0,2.0,2.0,3.0,1.0,2.0,2.0,-0.0
3d3_L=2.0_S=1.0,2,1,1.0,1.0,2.0,2.0,3.0,1.0,3.0,2.0,-0.0
3d3_L=2.0_S=1.0,2,1,1.0,1.0,2.0,2.0,3.0,2.0,2.0,2.0,-0.0
3d3_L=2.0_S=1.0,2,1,1.0,1.0,2.0,2.0,3.0,2.0,3.0,2.0,-0.0
3d3_L=2.0_S=1.0,2,1,1.0,1.0,2.0,2.0,3.0,3.0,2.0,2.0,-0.0
3d3_L=2.0_S=1.0,2,1,1.0,1.0,2.0,2.0,3.0,3.0,3.0,2.0,-0.0
3d3_L=2.0_S=1.0,2,1,1.0,2.0,1.0,-1.0,1.0,1.0,1.0,-1.0,0.43301270189221924
3d3_L=2.0_S=1.0,2,1,1.0,2.0,1.0,-1.0,1.0,1.0,2.0,-1.0,0.08660254037844387
3d3_L=2.0_S=1.0,2,1,1.0,2.0,1.0,-1.0,1.0,2.0,1.0,-1.0,-1.4999999999999996
3d3_L=2.0_S=1.0,2,1,1.0,2.0,1.0,-1.0,1.0,2.0,2.0,-1.0,-0.4472135954999581
3d3_L=2.0_S=1.0,2,1,1.0,2.0,1.0,-1.0,1.0,3.0,2.0,-1.0,-0.5291502622129182
3d3_L=2.0_S=1.0,2,1,1.0,2.0,1.0,-1.0,2.0,1.0,1.0,-1.0,0.0
3d3_L=2.0_S=1.0,2,1,1.0,2.0,1.0,-1.0,2.0,1.0,2.0,-1.0,-0.0
3d3_L=2.0_S=1.0,2,1,1.0,2.0,1.0,-1.0,2.0,2.0,1.0,-1.0,-0.5809475019311123
3d3_L=2.0_S=1.0,2,1,1.0,2.0,1.0,-1.0,2.0,2.0,2.0,-1.0,-0.3968626966596886
3d3_L=2.0_S=1.0,2,1,1.0,2.0,1.0,-1.0,2.0,3.0,1.0,-1.0,-0.0
3d3_L=2.0_S=1.0,2,1,1.0,2.0,1.0,-1.0,2.0,3.0,2.0,-1.0,-0.0
3d3_L=2.0_S=1.0,2,1,1.0,2.0,1.0,-1.0,3.0,1.0,2.0,-1.0,-0.0
3d3_L=2.0_S=1.0,2,1,1.0,2.0,1.0,-1.0,3.0,2.0,1.0,-1.0,0.0
3d3_L=2.0_S=1.0,2,1,1.0,2.0,1.0,-1.0,3.0,2.0,2.0,-1.0,-0.0
3d3_L=2.0_S=1.0,2,1,1.0,2.0,1.0,-1.0,3.0,3.0,1.0,-1.0,0.0
3d3_L=2.0_S=1.0,2,1,1.0,2.0,1.0,-1.0,3.0,3.0,2.0,-1.0,-0.0
3d3_L=2.0_S=1.0,2,1,1.0,2.0,1.0,0.0,1.0,1.0,0.0,-0.0,-0.7071067811865474
3d3_L=2.0_S=1.0,2,1,1.0,2.0,1.0,0.0,1.0,1.0,1.0,0.0,-0.0
3d3_L=2.0_S=1.0,2,1,1.0,2.0,1.0,0.0,1.0,1.0,2.0,0.0,0.09999999999999999
3d3_L=2.0_S=1.0,2,1,1.0,2.0,1.0,0.0,1.0,2.0,1.0,0.0,0.0
3d3_L=2.0_S=1.0,2,1,1.0,2.0,1.0,0.0,1.0,2.0,2.0,0.0,-0.5163977794943223
3d3_L=2.0_S=1.0,2,1,1.0,2.0,1.0,0.0,1.0,3.0,2.0,0.0,-0.6110100926607787
3d3_L=2.0_S=1.0,2,1,1.0,2.0,1.0,0.0,2.0,1.0,1.0,0.0,-0.0
3d3_L=2.0_S=1.0,2,1,1.0,2.0,1.0,0.0,2.0,1.0,2.0,0.0,-0.0
3d3_L=2.0_S=1.0,2,1,1.0,2.0,1.0,0.0,2.0,2.0,0.0,-0.0,0.5477225575051659
3d3_L=2.0_S=1.0,2,1,1.0,2.0,1.0,0.0,2.0,2.0,1.0,0.0,0.0
3d3_L=2.0_S=1.0,2,1,1.0,2.0,1.0,0.0,2.0,2.0,2.0,0.0,-0.45825756949558394
3d3_L=2.0_S=1.0,2,1,1.0,2.0,1.0,0.0,2.0,3.0,1.0,0.0,0.0
3d3_L=2.0_S=1.0,2,1,1.0,2.0,1.0,0.0,2.0,3.0,2.0,0.0,-0.0
3d3_L=2.0_S=1.0,2,1,1.0,2.0,1.0,0.0,3.0,1.0,2.0,0.0,-0.0
3d3_L=2.0_S=1.0,2,1,1.0,2.0,1.0,0.0,3.0,2.0,1.0,0.0,-0.0
3d3_L=2.0_S=1.0,2,1,1.0,2.0,1.0,0.0,3.0,2.0,2.0,0.0,-0.0
3d3_L=2.0_S=1.0,2,1,1.0,2.0,1.0,0.0,3.0,3.0,0.0,-0.0,0.0
3d3_L=2.0_S=1.0,2,1,1.0,2.0,1.0,0.0,3.0,3.0,1.0,0.0,-0.0
3d3_L=2.0_S=1.0,2,1,1.0,2.0,1.0,0.0,3.0,3.0,2.0,0.0,-0.0
3d3_L=2.0_S=1.0,2,1,1.0,2.0,1.0,1.0,1.0,1.0,1.0,1.0,-0.43301270189221924
3d3_L=2.0_S=1.0,2,1,1.0,2.0,1.0,1.0,1.0,1.0,2.0,1.0,0.08660254037844387
3d3_L=2.0_S=1.0,2,1,1.0,2.0,1.0,1.0,1.0,2.0,1.0,1.0,1.4999999999999996
3d3_L=2.0_S=1.0,2,1,1.0,2.0,1.0,1.0,1.0,2.0,2.0,1.0,-0.4472135954999581
3d3_L=2.0_S=1.0,2,1,1.0,2.0,1.0,1.0,1.0,3.0,2.0,1.0,-0.5291502622129182
3d3_L=2.0_S=1.0,2,1,1.0,2.0,1.0,1.0,2.0,1.0,1.0,1.0,-0.0
3d3_L=2.0_S=1.0,2,1,1.0,2.0,1.0,1.0,2.0,1.0,2.0,1.0,-0.0
3d3_L=2.0_S=1.0,2,1,1.0,2.0,1.0,1.0,2.0,2.0,1.0,1.0,0.5809475019311123
3d3_L=2.0_S=1.0,2,1,1.0,2.0,1.0,1.0,2.0,2.0,2.0,1.0,-0.3968626966596886
3d3_L=2.0_S=1.0,2,1,1.0,2.0,1.0,1.0,2.0,3.0,1.0,1.0,0.0
3d3_L=2.0_S=1.0,2,1,1.0,2.0,1.0,1.0,2.0,3.0,2.0,1.0,-0.0
3d3_L=2.0_S=1.0,2,1,1.0,2.0,1.0,1.0,3.0,1.0,2.0,1.0,-0.0
3d3_L=2.0_S=1.0,2,1,1.0,2.0,1.0,1.0,3.0,2.0,1.0,1.0,-0.0
3d3_L=2.0_S=1.0,2,1,1.0,2.0,1.0,1.0,3.0,2.0,2.0,1.0,-0.0
3d3_L=2.0_S=1.0,2,1,1.0,2.0,1.0,1.0,3.0,3.0,1.0,1.0,-0.0
3d3_L=2.0_S=1.0,2,1,1.0,2.0,1.0,1.0,3.0,3.0,2.0,1.0,-0.0
3d3_L=2.0_S=1.0,2,1,1.0,2.0,2.0,-2.0,1.0,1.0,2.0,-2.0,0.38729833462074165
3d3_L=2.0_S=1.0,2,1,1.0,2.0,2.0,-2.0,1.0,2.0,2.0,-2.0,-2.111111111111111
3d3_L=2.0_S=1.0,2,1,1.0,2.0,2.0,-2.0,1.0,2.0,3.0,-2.0,-0.3142696805273545
3d3_L=2.0_S=1.0,2,1,1.0,2.0,2.0,-2.0,1.0,3.0,2.0,-2.0,0.2629368792488718
3d3_L=2.0_S=1.0,2,1,1.0,2.0,2.0,-2.0,1.0,3.0,3.0,-2.0,-0.4444444444444444
3d3_L=2.0_S=1.0,2,1,1.0,2.0,2.0,-2.0,2.0,1.0,2.0,-2.0,-0.0
3d3_L=2.0_S=1.0,2,1,1.0,2.0,2.0,-2.0,2.0,1.0,3.0,-2.0,-0.0
3d3_L=2.0_S=1.0,2,1,1.0,2.0,2.0,-2.0,2.0,2.0,2.0,-2.0,-0.5916079783099615
3d3_L=2.0_S=1.0,2,1,1.0,2.0,2.0,-2.0,2.0,2.0,3.0,-2.0,-0.4472135954999579
3d3_L=2.0_S=1.0,2,1,1.0,2.0,2.0,-2.0,2.0,3.0,2.0,-2.0,-0.0
3d3_L=2.0_S=1.0,2,1,1.0,2.0,2.0,-2.0,2.0,3.0,3.0,-2.0,-0.0
3d3_L=2.0_S=1.0,2,1,1.0,2.0,2.0,-2.0,3.0,1.0,2.0,-2.0,-0.0
3d3_L=2.0_S=1.0,2,1,1.0,2.0,2.0,-2.0,3.0,1.0,3.0,-2.0,0.0
3d3_L=2.0_S=1.0,2,1,1.0,2.0,2.0,-2.0,3.0,2.0,2.0,-2.0,-0.0
3d3_L=2.0_S=1.0,2,1,1.0,2.0,2.0,-2.0,3.0,2.0,3.0,-2.0,0.0
3d3_L=2.0_S=1.0,2,1,1.0,2.0,2.0,-2.0,3.0,3.0,2.0,-2.0,-0.0
3d3_L=2.0_S=1.0,2,1,1.0,2.0,2.0,-2.0,3.0,3.0,3.0,-2.0,0.0
3d3_L=2.0_S=1.0,2,1,1.0,2.0,2.0,-1.0,1.0,1.0,1.0,-1.0,-0.5809475019311126
3d3_L=2.0_S=1.0,2,1,1.0,2.0,2.0,-1.0,1.0,1.0,2.0,-1.0,0.19364916731037085
3d3_L=2.0_S=1.0,2,1,1.0,2.0,2.0,-1.0,1.0,2.0,1.0,-1.0,-0.4472135954999581
3d3_L=2.0_S=1.0,2,1,1.0,2.0,2.0,-1.0,1.0,2.0,2.0,-1.0,-1.0555555555555556
3d3_L=2.0_S=1.0,2,1,1.0,2.0,2.0,-1.0,1.0,2.0,3.0,-1.0,-0.3975231959999626
3d3_L=2.0_S=1.0,2,1,1.0,2.0,2.0,-1.0,1.0,3.0,2.0,-1.0,0.1314684396244359
3d3_L=2.0_S=1.0,2,1,1.0,2.0,2.0,-1.0,1.0,3.0,3.0,-1.0,-0.5621826951410451
3d3_L=2.0_S=1.0,2,1,1.0,2.0,2.0,-1.0,2.0,1.0,1.0,-1.0,-0.0
3d3_L=2.0_S=1.0,2,1,1.0,2.0,2.0,-1.0,2.0,1.0,2.0,-1.0,-0.0
3d3_L=2.0_S=1.0,2,1,1.0,2.0,2.0,-1.0,2.0,1.0,3.0,-1.0,-0.0
3d3_L=2.0_S=1.0,2,1,1.0,2.0,2.0,-1.0,2.0,2.0,1.0,-1.0,0.2598076211353316
3d3_L=2.0_S=1.0,2,1,1.0,2.0,2.0,-1.0,2.0,2.0,2.0,-1.0,-0.2958039891549808
3d3_L=2.0_S=1.0,2,1,1.0,2.0,2.0,-1.0,2.0,2.0,3.0,-1.0,-0.5656854249492379
3d3_L=2.0_S=1.0,2,1,1.0,2.0,2.0,-1.0,2.0,3.0,1.0,-1.0,-0.0
3d3_L=2.0_S=1.0,2,1,1.0,2.0,2.0,-1.0,2.0,3.0,2.0,-1.0,-0.0
3d3_L=2.0_S=1.0,2,1,1.0,2.0,2.0,-1.0,2.0,3.0,3.0,-1.0,-0.0
3d3_L=2.0_S=1.0,2,1,1.0,2.0,2.0,-1.0,3.0,1.0,2.0,-1.0,-0.0
3d3_L=2.0_S=1.0,2,1,1.0,2.0,2.0,-1.0,3.0,1.0,3.0,-1.0,0.0
3d3_L=2.0_S=1.0,2,1,1.0,2.0,2.0,-1.0,3.0,2.0,1.0,-1.0,-0.0
3d3_L=2.0_S=1.0,2,1,1.0,2.0,2.0,-1.0,3.0,2.0,2.0,-1.0,-0.0
3d3_L=2.0_S=1.0,2,1,1.0,2.0,2.0,-1.0,3.0,2.0,3.0,-1.0,0.0
3d3_L=2.0_S=1.0,2,1,1.0,2.0,2.0,-1.0,3.0,3.0,1.0,-1.0,-0.0
3d3_L=2.0_S=1.0,2,1,1.0,2.0,2.0,-1.0,3.0,3.0,2.0,-1.0,-0.0
3d3_L=2.0_S=1.0,2,1,1.0,2.0,2.0,-1.0,3.0,3.0,3.0,-1.0,0.0
3d3_L=2.0_S=1.0,2,1,1.0,2.0,2.0,0.0,1.0,1.0,1.0,0.0,-0.6708203932499367
3d3_L=2.0_S=1.0,2,1,1.0,2.0,2.0,0.0,1.0,1.0,2.0,0.0,0.0
3d3_L=2.0_S=1.0,2,1,1.0,2.0,2.0,0.0,1.0,2.0,1.0,0.0,-0.5163977794943223
3d3_L=2.0_S=1.0,2,1,1.0,2.0,2.0,0.0,1.0,2.0,2.0,0.0,-0.0
3d3_L=2.0_S=1.0,2,1,1.0,2.0,2.0,0.0,1.0,2.0,3.0,0.0,-0.421637021355784
3d3_L=2.0_S=1.0,2,1,1.0,2.0,2.0,0.0,1.0,3.0,2.0,0.0,0.0
3d3_L=2.0_S=1.0,2,1,1.0,2.0,2.0,0.0,1.0,3.0,3.0,0.0,-0.5962847939999439
3d3_L=2.0_S=1.0,2,1,1.0,2.0,2.0,0.0,2.0,1.0,1.0,0.0,-0.0
3d3_L=2.0_S=1.0,2,1,1.0,2.0,2.0,0.0,2.0,1.0,2.0,0.0,-0.0
3d3_L=2.0_S=1.0,2,1,1.0,2.0,2.0,0.0,2.0,1.0,3.0,0.0,-0.0
3d3_L=2.0_S=1.0,2,1,1.0,2.0,2.0,0.0,2.0,2.0,1.0,0.0,0.3
3d3_L=2.0_S=1.0,2,1,1.0,2.0,2.0,0.0,2.0,2.0,2.0,0.0,-0.0
3d3_L=2.0_S=1.0,2,1,1.0,2.0,2.0,0.0,2.0,2.0,3.0,0.0,-0.6000000000000001
3d3_L=2.0_S=1.0,2,1,1.0,2.0,2.0,0.0,2.0,3.0,1.0,0.0,-0.0
3d3_L=2.0_S=1.0,2,1,1.0,2.0,2.0,0.0,2.0,3.0,2.0,0.0,-0.0
3d3_L=2.0_S=1.0,2,1,1.0,2.0,2.0,0.0,2.0,3.0,3.0,0.0,-0.0
3d3_L=2.0_S=1.0,2,1,1.0,2.0,2.0,0.0,3.0,1.0,2.0,0.0,-0.0
3d3_L=2.0_S=1.0,2,1,1.0,2.0,2.0,0.0,3.0,1.0,3.0,0.0,0.0
3d3_L=2.0_S=1.0,2,1,1.0,2.0,2.0,0.0,3.0,2.0,1.0,0.0,-0.0
3d3_L=2.0_S=1.0,2,1,1.0,2.0,2.0,0.0,3.0,2.0,2.0,0.0,-0.0
3d3_L=2.0_S=1.0,2,1,1.0,2.0,2.0,0.0,3.0,2.0,3.0,0.0,0.0
3d3_L=2.0_S=1.0,2,1,1.0,2.0,2.0,0.0,3.0,3.0,1.0,0.0,-0.0
3d3_L=2.0_S=1.0,2,1,1.0,2.0,2.0,0.0,3.0,3.0,2.0,0.0,-0.0
3d3_L=2.0_S=1.0,2,1,1.0,2.0,2.0,0.0,3.0,3.0,3.0,0.0,0.0
3d3_L=2.0_S=1.0,2,1,1.0,2.0,2.0,1.0,1.0,1.0,1.0,1.0,-0.5809475019311126
3d3_L=2.0_S=1.0,2,1,1.0,2.0,2.0,1.0,1.0,1.0,2.0,1.0,-0.19364916731037085
3d3_L=2.0_S=1.0,2,1,1.0,2.0,2.0,1.0,1.0,2.0,1.0,1.0,-0.4472135954999581
3d3_L=2.0_S=1.0,2,1,1.0,2.0,2.0,1.0,1.0,2.0,2.0,1.0,1.0555555555555556
3d3_L=2.0_S=1.0,2,1,1.0,2.0,2.0,1.0,1.0,2.0,3.0,1.0,-0.3975231959999626
3d3_L=2.0_S=1.0,2,1,1.0,2.0,2.0,1.0,1.0,3.0,2.0,1.0,-0.1314684396244359
3d3_L=2.0_S=1.0,2,1,1.0,2.0,2.0,1.0,1.0,3.0,3.0,1.0,-0.5621826951410451
3d3_L=2.0_S=1.0,2,1,1.0,2.0,2.0,1.0,2.0,1.0,1.0,1.0,-0.0
3d3_L=2.0_S=1.0,2,1,1.0,2.0,2.0,1.0,2.0,1.0,2.0,1.0,0.0
3d3_L=2.0_S=1.0,2,1,1.0,2.0,2.0,1.0,2.0,1.0,3.0,1.0,-0.0
3d3_L=2.0_S=1.0,2,1,1.0,2.0,2.0,1.0,2.0,2.0,1.0,1.0,0.2598076211353316
3d3_L=2.0_S=1.0,2,1,1.0,2.0,2.0,1.0,2.0,2.0,2.0,1.0,0.2958039891549808
3d3_L=2.0_S=1.0,2,1,1.0,2.0,2.0,1.0,2.0,2.0,3.0,1.0,-0.5656854249492379
3d3_L=2.0_S=1.0,2,1,1.0,2.0,2.0,1.0,2.0,3.0,1.0,1.0,-0.0
3d3_L=2.0_S=1.0,2,1,1.0,2.0,2.0,1.0,2.0,3.0,2.0,1.0,0.0
3d3_L=2.0_S=1.0,2,1,1.0,2.0,2.0,1.0,2.0,3.0,3.0,1.0,-0.0
3d3_L=2.0_S=1.0,2,1,1.0,2.0,2.0,1.0,3.0,1.0,2.0,1.0,0.0
3d3_L=2.0_S=1.0,2,1,1.0,2.0,2.0,1.0,3.0,1.0,3.0,1.0,0.0
3d3_L=2.0_S=1.0,2,1,1.0,2.0,2.0,1.0,3.0,2.0,1.0,1.0,-0.0
3d3_L=2.0_S=1.0,2,1,1.0,2.0,2.0,1.0,3.0,2.0,2.0,1.0,0.0
3d3_L=2.0_S=1.0,2,1,1.0,2.0,2.0,1.0,3.0,2.0,3.0,1.0,0.0
3d3_L=2.0_S=1.0,2,1,1.0,2.0,2.0,1.0,3.0,3.0,1.0,1.0,-0.0
3d3_L=2.0_S=1.0,2,1,1.0,2.0,2.0,1.0,3.0,3.0,2.0,1.0,0.0
3d3_L=2.0_S=1.0,2,1,1.0,2.0,2.0,1.0,3.0,3.0,3.0,1.0,0.0
3d3_L=2.0_S=1.0,2,1,1.0,2.0,2.0,2.0,1.0,1.0,2.0,2.0,-0.38729833462074165
3d3_L=2.0_S=1.0,2,1,1.0,2.0,2.0,2.0,1.0,2.0,2.0,2.0,2.111111111111111
3d3_L=2.0_S=1.0,2,1,1.0,2.0,2.0,2.0,1.0,2.0,3.0,2.0,-0.3142696805273545
3d3_L=2.0_S=1.0,2,1,1.0,2.0,2.0,2.0,1.0,3.0,2.0,2.0,-0.2629368792488718
3d3_L=2.0_S=1.0,2,1,1.0,2.0,2.0,2.0,1.0,3.0,3.0,2.0,-0.4444444444444444
3d3_L=2.0_S=1.0,2,1,1.0,2.0,2.0,2.0,2.0,1.0,2.0,2.0,0.0
3d3_L=2.0_S=1.0,2,1,1.0,2.0,2.0,2.0,2.0,1.0,3.0,2.0,-0.0
3d3_L=2.0_S=1.0,2,1,1.0,2.0,2.0,2.0,2.0,2.0,2.0,2.0,0.5916079783099615
3d3_L=2.0_S=1.0,2,1,1.0,2.0,2.0,2.0,2.0,2.0,3.0,2.0,-0.4472135954999579
3d3_L=2.0_S=1.0,2,1,1.0,2.0,2.0,2.0,2.0,3.0,2.0,2.0,0.0
3d3_L=2.0_S=1.0,2,1,1.0,2.0,2.0,2.0,2.0,3.0,3.0,2.0,-0.0
3d3_L=2.0_S=1.0,2,1,1.0,2.0,2.0,2.0,3.0,1.0,2.0,2.0,0.0
3d3_L=2.0_S=1.0,2,1,1.0,2.0,2.0,2.0,3.0,1.0,3.0,2.0,0.0
3d3_L=2.0_S=1.0,2,1,1.0,2.0,2.0,2.0,3.0,2.0,2.0,2.0,0.0
3d3_L=2.0_S=1.0,2,1,1.0,2.0,2.0,2.0,3.0,2.0,3.0,2.0,0.0
3d3_L=2.0_S=1.0,2,1,1.0,2.0,2.0,2.0,3.0,3.0,2.0,2.0,0.0
3d3_L=2.0_S=1.0,2,1,1.0,2.0,2.0,2.0,3.0,3.0,3.0,2.0,0.0
3d3_L=2.0_S=1.0,2,1,1.0,2.0,3.0,-3.0,1.0,2.0,3.0,-3.0,-2.8333333333333344
3d3_L=2.0_S=1.0,2,1,1.0,2.0,3.0,-3.0,1.0,3.0,3.0,-3.0,0.23570226039551592
3d3_L=2.0_S=1.0,2,1,1.0,2.0,3.0,-3.0,1.0,3.0,4.0,-3.0,-0.40824829046386313
3d3_L=2.0_S=1.0,2,1,1.0,2.0,3.0,-3.0,2.0,1.0,3.0,-3.0,0.0
3d3_L=2.0_S=1.0,2,1,1.0,2.0,3.0,-3.0,2.0,2.0,3.0,-3.0,-0.47434164902525694
3d3_L=2.0_S=1.0,2,1,1.0,2.0,3.0,-3.0,2.0,2.0,4.0,-3.0,-0.47434164902525694
3d3_L=2.0_S=1.0,2,1,1.0,2.0,3.0,-3.0,2.0,3.0,3.0,-3.0,0.0
3d3_L=2.0_S=1.0,2,1,1.0,2.0,3.0,-3.0,2.0,3.0,4.0,-3.0,-0.0
3d3_L=2.0_S=1.0,2,1,1.0,2.0,3.0,-3.0,3.0,1.0,3.0,-3.0,0.0
3d3_L=2.0_S=1.0,2,1,1.0,2.0,3.0,-3.0,3.0,1.0,4.0,-3.0,-0.0
3d3_L=2.0_S=1.0,2,1,1.0,2.0,3.0,-3.0,3.0,2.0,3.0,-3.0,0.0
3d3_L=2.0_S=1.0,2,1,1.0,2.0,3.0,-3.0,3.0,2.0,4.0,-3.0,-0.0
3d3_L=2.0_S=1.0,2,1,1.0,2.0,3.0,-3.0,3.0,3.0,3.0,-3.0,0.0
3d3_L=2.0_S=1.0,2,1,1.0,2.0,3.0,-3.0,3.0,3.0,4.0,-3.0,-0.0
3d3_L=2.0_S=1.0,2,1,1.0,2.0,3.0,-2.0,1.0,1.0,2.0,-2.0,-0.5477225575051662
3d3_L=2.0_S=1.0,2,1,1.0,2.0,3.0,-2.0,1.0,2.0,2.0,-2.0,-0.3142696805273546
3d3_L=2.0_S=1.0,2,1,1.0,2.0,3.0,-2.0,1.0,2.0,3.0,-2.0,-1.888888888888889
3d3_L=2.0_S=1.0,2,1,1.0,2.0,3.0,-2.0,1.0,3.0,2.0,-2.0,0.02656063576298653
3d3_L=2.0_S=1.0,2,1,1.0,2.0,3.0,-2.0,1.0,3.0,3.0,-2.0,0.15713484026367724
3d3_L=2.0_S=1.0,2,1,1.0,2.0,3.0,-2.0,1.0,3.0,4.0,-2.0,-0.5345224838248488
3d3_L=2.0_S=1.0,2,1,1.0,2.0,3.0,-2.0,2.0,1.0,2.0,-2.0,0.0
3d3_L=2.0_S=1.0,2,1,1.0,2.0,3.0,-2.0,2.0,1.0,3.0,-2.0,0.0
3d3_L=2.0_S=1.0,2,1,1.0,2.0,3.0,-2.0,2.0,2.0,2.0,-2.0,0.11952286093343936
3d3_L=2.0_S=1.0,2,1,1.0,2.0,3.0,-2.0,2.0,2.0,3.0,-2.0,-0.3162277660168379
3d3_L=2.0_S=1.0,2,1,1.0,2.0,3.0,-2.0,2.0,2.0,4.0,-2.0,-0.6210590034081187
3d3_L=2.0_S=1.0,2,1,1.0,2.0,3.0,-2.0,2.0,3.0,2.0,-2.0,0.0
3d3_L=2.0_S=1.0,2,1,1.0,2.0,3.0,-2.0,2.0,3.0,3.0,-2.0,0.0
3d3_L=2.0_S=1.0,2,1,1.0,2.0,3.0,-2.0,2.0,3.0,4.0,-2.0,-0.0
3d3_L=2.0_S=1.0,2,1,1.0,2.0,3.0,-2.0,3.0,1.0,2.0,-2.0,0.0
3d3_L=2.0_S=1.0,2,1,1.0,2.0,3.0,-2.0,3.0,1.0,3.0,-2.0,0.0
3d3_L=2.0_S=1.0,2,1,1.0,2.0,3.0,-2.0,3.0,1.0,4.0,-2.0,-0.0
3d3_L=2.0_S=1.0,2,1,1.0,2.0,3.0,-2.0,3.0,2.0,2.0,-2.0,0.0
3d3_L=2.0_S=1.0,2,1,1.0,2.0,3.0,-2.0,3.0,2.0,3.0,-2.0,0.0
3d3_L=2.0_S=1.0,2,1,1.0,2.0,3.0,-2.0,3.0,2.0,4.0,-2.0,-0.0
3d3_L=2.0_S=1.0,2,1,1.0,2.0,3.0,-2.0,3.0,3.0,2.0,-2.0,0.0
3d3_L=2.0_S=1.0,2,1,1.0,2.0,3.0,-2.0,3.0,3.0,3.0,-2.0,0.0
3d3_L=2.0_S=1.0,2,1,1.0,2.0,3.0,-2.0,3.0,3.0,4.0,-2.0,-0.0
3d3_L=2.0_S=1.0,2,1,1.0,2.0,3.0,-1.0,1.0,1.0,2.0,-1.0,-0.6928203230275509
3d3_L=2.0_S=1.0,2,1,1.0,2.0,3.0,-1.0,1.0,2.0,2.0,-1.0,-0.3975231959999627
3d3_L=2.0_S=1.0,2,1,1.0,2.0,3.0,-1.0,1.0,2.0,3.0,-1.0,-0.9444444444444445
3d3_L=2.0_S=1.0,2,1,1.0,2.0,3.0,-1.0,1.0,3.0,2.0,-1.0,0.03359684204526464
3d3_L=2.0_S=1.0,2,1,1.0,2.0,3.0,-1.0,1.0,3.0,3.0,-1.0,0.07856742013183862
3d3_L=2.0_S=1.0,2,1,1.0,2.0,3.0,-1.0,1.0,3.0,4.0,-1.0,-0.5976143046671969
3d3_L=2.0_S=1.0,2,1,1.0,2.0,3.0,-1.0,2.0,1.0,2.0,-1.0,0.0
3d3_L=2.0_S=1.0,2,1,1.0,2.0,3.0,-1.0,2.0,1.0,3.0,-1.0,0.0
3d3_L=2.0_S=1.0,2,1,1.0,2.0,3.0,-1.0,2.0,2.0,2.0,-1.0,0.15118578920369086
3d3_L=2.0_S=1.0,2,1,1.0,2.0,3.0,-1.0,2.0,2.0,3.0,-1.0,-0.15811388300841894
3d3_L=2.0_S=1.0,2,1,1.0,2.0,3.0,-1.0,2.0,2.0,4.0,-1.0,-0.6943650748294136
3d3_L=2.0_S=1.0,2,1,1.0,2.0,3.0,-1.0,2.0,3.0,2.0,-1.0,0.0
3d3_L=2.0_S=1.0,2,1,1.0,2.0,3.0,-1.0,2.0,3.0,3.0,-1.0,0.0
3d3_L=2.0_S=1.0,2,1,1.0,2.0,3.0,-1.0,2.0,3.0,4.0,-1.0,-0.0
3d3_L=2.0_S=1.0,2,1,1.0,2.0,3.0,-1.0,3.0,1.0,2.0,-1.0,0.0
3d3_L=2.0_S=1.0,2,1,1.0,2.0,3.0,-1.0,3.0,1.0,3.0,-1.0,0.0
3d3_L=2.0_S=1.0,2,1,1.0,2.0,3.0,-1.0,3.0,1.0,4.0,-1.0,-0.0
3d3_L=2.0_S=1.0,2,1,1.0,2.0,3.0,-1.0,3.0,2.0,2.0,-1.0,0.0
3d3_L=2.0_S=1.0,2,1,1.0,2.0,3.0,-1.0,3.0,2.0,3.0,-1.0,0.0
3d3_L=2.0_S=1.0,2,1,1.0,2.0,3.0,-1.0,3.0,2.0,4.0,-1.0,-0.0
3d3_L=2.0_S=1.0,2,1,1.0,2.0,3.0,-1.0,3.0,3.0,2.0,-1.0,0.0
3d3_L=2.0_S=1.0,2,1,1.0,2.0,3.0,-1.0,3.0,3.0,3.0,-1.0,0.0
3d3_L=2.0_S=1.0,2,1,1.0,2.0,3.0,-1.0,3.0,3.0,4.0,-1.0,-0.0
3d3_L=2.0_S=1.0,2,1,1.0,2.0,3.0,0.0,1.0,1.0,2.0,0.0,-0.7348469228349536
3d3_L=2.0_S=1.0,2,1,1.0,2.0,3.0,0.0,1.0,2.0,2.0,0.0,-0.4216370213557841
3d3_L=2.0_S=1.0,2,1,1.0,2.0,3.0,0.0,1.0,2.0,3.0,0.0,0.0
3d3_L=2.0_S=1.0,2,1,1.0,2.0,3.0,0.0,1.0,3.0,2.0,0.0,0.03563483225498992
3d3_L=2.0_S=1.0,2,1,1.0,2.0,3.0,0.0,1.0,3.0,3.0,0.0,-0.0
3d3_L=2.0_S=1.0,2,1,1.0,2.0,3.0,0.0,1.0,3.0,4.0,0.0,-0.6172133998483678
3d3_L=2.0_S=1.0,2,1,1.0,2.0,3.0,0.0,2.0,1.0,2.0,0.0,0.0
3d3_L=2.0_S=1.0,2,1,1.0,2.0,3.0,0.0,2.0,1.0,3.0,0.0,-0.0
3d3_L=2.0_S=1.0,2,1,1.0,2.0,3.0,0.0,2.0,2.0,2.0,0.0,0.16035674514745463
3d3_L=2.0_S=1.0,2,1,1.0,2.0,3.0,0.0,2.0,2.0,3.0,0.0,0.0
3d3_L=2.0_S=1.0,2,1,1.0,2.0,3.0,0.0,2.0,2.0,4.0,0.0,-0.7171371656006362
3d3_L=2.0_S=1.0,2,1,1.0,2.0,3.0,0.0,2.0,3.0,2.0,0.0,0.0
3d3_L=2.0_S=1.0,2,1,1.0,2.0,3.0,0.0,2.0,3.0,3.0,0.0,-0.0
3d3_L=2.0_S=1.0,2,1,1.0,2.0,3.0,0.0,2.0,3.0,4.0,0.0,-0.0
3d3_L=2.0_S=1.0,2,1,1.0,2.0,3.0,0.0,3.0,1.0,2.0,0.0,0.0
3d3_L=2.0_S=1.0,2,1,1.0,2.0,3.0,0.0,3.0,1.0,3.0,0.0,-0.0
3d3_L=2.0_S=1.0,2,1,1.0,2.0,3.0,0.0,3.0,1.0,4.0,0.0,-0.0
3d3_L=2.0_S=1.0,2,1,1.0,2.0,3.0,0.0,3.0,2.0,2.0,0.0,0.0
3d3_L=2.0_S=1.0,2,1,1.0,2.0,3.0,0.0,3.0,2.0,3.0,0.0,-0.0
3d3_L=2.0_S=1.0,2,1,1.0,2.0,3.0,0.0,3.0,2.0,4.0,0.0,-0.0
3d3_L=2.0_S=1.0,2,1,1.0,2.0,3.0,0.0,3.0,3.0,2.0,0.0,0.0
3d3_L=2.0_S=1.0,2,1,1.0,2.0,3.0,0.0,3.0,3.0,3.0,0.0,-0.0
3d3_L=2.0_S=1.0,2,1,1.0,2.0,3.0,0.0,3.0,3.0,4.0,0.0,-0.0
3d3_L=2.0_S=1.0,2,1,1.0,2.0,3.0,1.0,1.0,1.0,2.0,1.0,-0.6928203230275509
3d3_L=2.0_S=1.0,2,1,1.0,2.0,3.0,1.0,1.0,2.0,2.0,1.0,-0.3975231959999627
3d3_L=2.0_S=1.0,2,1,1.0,2.0,3.0,1.0,1.0,2.0,3.0,1.0,0.9444444444444445
3d3_L=2.0_S=1.0,2,1,1.0,2.0,3.0,1.0,1.0,3.0,2.0,1.0,0.03359684204526464
3d3_L=2.0_S=1.0,2,1,1.0,2.0,3.0,1.0,1.0,3.0,3.0,1.0,-0.07856742013183862
3d3_L=2.0_S=1.0,2,1,1.0,2.0,3.0,1.0,1.0,3.0,4.0,1.0,-0.5976143046671969
3d3_L=2.0_S=1.0,2,1,1.0,2.0,3.0,1.0,2.0,1.0,2.0,1.0,0.0
3d3_L=2.0_S=1.0,2,1,1.0,2.0,3.0,1.0,2.0,1.0,3.0,1.0,-0.0
3d3_L=2.0_S=1.0,2,1,1.0,2.0,3.0,1.0,2.0,2.0,2.0,1.0,0.15118578920369086
3d3_L=2.0_S=1.0,2,1,1.0,2.0,3.0,1.0,2.0,2.0,3.0,1.0,0.15811388300841894
3d3_L=2.0_S=1.0,2,1,1.0,2.0,3.0,1.0,2.0,2.0,4.0,1.0,-0.6943650748294136
3d3_L=2.0_S=1.0,2,1,1.0,2.0,3.0,1.0,2.0,3.0,2.0,1.0,0.0
3d3_L=2.0_S=1.0,2,1,1.0,2.0,3.0,1.0,2.0,3.0,3.0,1.0,-0.0
3d3_L=2.0_S=1.0,2,1,1.0,2.0,3.0,1.0,2.0,3.0,4.0,1.0,-0.0
3d3_L=2.0_S=1.0,2,1,1.0,2.0,3.0,1.0,3.0,1.0,2.0,1.0,0.0
3d3_L=2.0_S=1.0,2,1,1.0,2.0,3.0,1.0,3.0,1.0,3.0,1.0,-0.0
3d3_L=2.0_S=1.0,2,1,1.0,2.0,3.0,1.0,3.0,1.0,4.0,1.0,-0.0
3d3_L=2.0_S=1.0,2,1,1.0,2.0,3.0,1.0,3.0,2.0,2.0,1.0,0.0
3d3_L=2.0_S=1.0,2,1,1.0,2.0,3.0,1.0,3.0,2.0,3.0,1.0,-0.0
3d3_L=2.0_S=1.0,2,1,1.0,2.0,3.0,1.0,3.0,2.0,4.0,1.0,-0.0
3d3_L=2.0_S=1.0,2,1,1.0,2.0,3.0,1.0,3.0,3.0,2.0,1.0,0.0
3d3_L=2.0_S=1.0,2,1,1.0,2.0,3.0,1.0,3.0,3.0,3.0,1.0,-0.0
3d3_L=2.0_S=1.0,2,1,1.0,2.0,3.0,1.0,3.0,3.0,4.0,1.0,-0.0
3d3_L=2.0_S=1.0,2,1,1.0,2.0,3.0,2.0,1.0,1.0,2.0,2.0,-0.5477225575051662
3d3_L=2.0_S=1.0,2,1,1.0,2.0,3.0,2.0,1.0,2.0,2.0,2.0,-0.3142696805273546
3d3_L=2.0_S=1.0,2,1,1.0,2.0,3.0,2.0,1.0,2.0,3.0,2.0,1.888888888888889
3d3_L=2.0_S=1.0,2,1,1.0,2.0,3.0,2.0,1.0,3.0,2.0,2.0,0.02656063576298653
3d3_L=2.0_S=1.0,2,1,1.0,2.0,3.0,2.0,1.0,3.0,3.0,2.0,-0.15713484026367724
3d3_L=2.0_S=1.0,2,1,1.0,2.0,3.0,2.0,1.0,3.0,4.0,2.0,-0.5345224838248488
3d3_L=2.0_S=1.0,2,1,1.0,2.0,3.0,2.0,2.0,1.0,2.0,2.0,0.0
3d3_L=2.0_S=1.0,2,1,1.0,2.0,3.0,2.0,2.0,1.0,3.0,2.0,-0.0
3d3_L=2.0_S=1.0,2,1,1.0,2.0,3.0,2.0,2.0,2.0,2.0,2.0,0.11952286093343936
3d3_L=2.0_S=1.0,2,1,1.0,2.0,3.0,2.0,2.0,2.0,3.0,2.0,0.3162277660168379
3d3_L=2.0_S=1.0,2,1,1.0,2.0,3.0,2.0,2.0,2.0,4.0,2.0,-0.6210590034081187
3d3_L=2.0_S=1.0,2,1,1.0,2.0,3.0,2.0,2.0,3.0,2.0,2.0,0.0
3d3_L=2.0_S=1.0,2,1,1.0,2.0,3.0,2.0,2.0,3.0,3.0,2.0,-0.0
3d3_L=2.0_S=1.0,2,1,1.0,2.0,3.0,2.0,2.0,3.0,4.0,2.0,-0.0
3d3_L=2.0_S=1.0,2,1,1.0,2.0,3.0,2.0,3.0,1.0,2.0,2.0,0.0
3d3_L=2.0_S=1.0,2,1,1.0,2.0,3.0,2.0,3.0,1.0,3.0,2.0,-0.0
3d3_L=2.0_S=1.0,2,1,1.0,2.0,3.0,2.0,3.0,1.0,4.0,2.0,-0.0
3d3_L=2.0_S=1.0,2,1,1.0,2.0,3.0,2.0,3.0,2.0,2.0,2.0,0.0
3d3_L=2.0_S=1.0,2,1,1.0,2.0,3.0,2.0,3.0,2.0,3.0,2.0,-0.0
3d3_L=2.0_S=1.0,2,1,1.0,2.0,3.0,2.0,3.0,2.0,4.0,2.0,-0.0
3d3_L=2.0_S=1.0,2,1,1.0,2.0,3.0,2.0,3.0,3.0,2.0,2.0,0.0
3d3_L=2.0_S=1.0,2,1,1.0,2.0,3.0,2.0,3.0,3.0,3.0,2.0,-0.0
3d3_L=2.0_S=1.0,2,1,1.0,2.0,3.0,2.0,3.0,3.0,4.0,2.0,-0.0
3d3_L=2.0_S=1.0,2,1,1.0,2.0,3.0,3.0,1.0,2.0,3.0,3.0,2.8333333333333344
3d3_L=2.0_S=1.0,2,1,1.0,2.0,3.0,3.0,1.0,3.0,3.0,3.0,-0.23570226039551592
3d3_L=2.0_S=1.0,2,1,1.0,2.0,3.0,3.0,1.0,3.0,4.0,3.0,-0.40824829046386313
3d3_L=2.0_S=1.0,2,1,1.0,2.0,3.0,3.0,2.0,1.0,3.0,3.0,-0.0
3d3_L=2.0_S=1.0,2,1,1.0,2.0,3.0,3.0,2.0,2.0,3.0,3.0,0.47434164902525694
3d3_L=2.0_S=1.0,2,1,1.0,2.0,3.0,3.0,2.0,2.0,4.0,3.0,-0.47434164902525694
3d3_L=2.0_S=1.0,2,1,1.0,2.0,3.0,3.0,2.0,3.0,3.0,3.0,-0.0
3d3_L=2.0_S=1.0,2,1,1.0,2.0,3.0,3.0,2.0,3.0,4.0,3.0,-0.0
3d3_L=2.0_S=1.0,2,1,1.0,2.0,3.0,3.0,3.0,1.0,3.0,3.0,-0.0
3d3_L=2.0_S=1.0,2,1,1.0,2.0,3.0,3.0,3.0,1.0,4.0,3.0,-0.0
3d3_L=2.0_S=1.0,2,1,1.0,2.0,3.0,3.0,3.0,2.0,3.0,3.0,-0.0
3d3_L=2.0_S=1.0,2,1,1.0,2.0,3.0,3.0,3.0,2.0,4.0,3.0,-0.0
3d3_L=2.0_S=1.0,2,1,1.0,2.0,3.0,3.0,3.0,3.0,3.0,3.0,-0.0
3d3_L=2.0_S=1.0,2,1,1.0,2.0,3.0,3.0,3.0,3.0,4.0,3.0,-0.0
3d3_L=2.0_S=1.0,2,1,1.0,3.0,2.0,-2.0,1.0,1.0,2.0,-2.0,0.0
3d3_L=2.0_S=1.0,2,1,1.0,3.0,2.0,-2.0,1.0,2.0,2.0,-2.0,0.26293687924887177
3d3_L=2.0_S=1.0,2,1,1.0,3.0,2.0,-2.0,1.0,2.0,3.0,-2.0,0.026560635762986524
3d3_L=2.0_S=1.0,2,1,1.0,3.0,2.0,-2.0,1.0,3.0,2.0,-2.0,-3.222222222222222
3d3_L=2.0_S=1.0,2,1,1.0,3.0,2.0,-2.0,1.0,3.0,3.0,-2.0,-0.46953014151584266
3d3_L=2.0_S=1.0,2,1,1.0,3.0,2.0,-2.0,2.0,1.0,2.0,-2.0,0.0
3d3_L=2.0_S=1.0,2,1,1.0,3.0,2.0,-2.0,2.0,1.0,3.0,-2.0,-0.0
3d3_L=2.0_S=1.0,2,1,1.0,3.0,2.0,-2.0,2.0,2.0,2.0,-2.0,0.0
3d3_L=2.0_S=1.0,2,1,1.0,3.0,2.0,-2.0,2.0,2.0,3.0,-2.0,-0.0
3d3_L=2.0_S=1.0,2,1,1.0,3.0,2.0,-2.0,2.0,3.0,2.0,-2.0,-0.6324555320336758
3d3_L=2.0_S=1.0,2,1,1.0,3.0,2.0,-2.0,2.0,3.0,3.0,-2.0,-0.2927700218845599
3d3_L=2.0_S=1.0,2,1,1.0,3.0,2.0,-2.0,3.0,1.0,2.0,-2.0,0.0
3d3_L=2.0_S=1.0,2,1,1.0,3.0,2.0,-2.0,3.0,1.0,3.0,-2.0,-0.0
3d3_L=2.0_S=1.0,2,1,1.0,3.0,2.0,-2.0,3.0,2.0,2.0,-2.0,0.0
3d3_L=2.0_S=1.0,2,1,1.0,3.0,2.0,-2.0,3.0,2.0,3.0,-2.0,-0.0
3d3_L=2.0_S=1.0,2,1,1.0,3.0,2.0,-2.0,3.0,3.0,2.0,-2.0,0.0
3d3_L=2.0_S=1.0,2,1,1.0,3.0,2.0,-2.0,3.0,3.0,3.0,-2.0,-0.0
3d3_L=2.0_S=1.0,2,1,1.0,3.0,2.0,-1.0,1.0,1.0,1.0,-1.0,0.0
3d3_L=2.0_S=1.0,2,1,1.0,3.0,2.0,-1.0,1.0,1.0,2.0,-1.0,0.0
3d3_L=2.0_S=1.0,2,1,1.0,3.0,2.0,-1.0,1.0,2.0,1.0,-1.0,-0.5291502622129182
3d3_L=2.0_S=1.0,2,1,1.0,3.0,2.0,-1.0,1.0,2.0,2.0,-1.0,0.13146843962443588
3d3_L=2.0_S=1.0,2,1,1.0,3.0,2.0,-1.0,1.0,2.0,3.0,-1.0,0.03359684204526464
3d3_L=2.0_S=1.0,2,1,1.0,3.0,2.0,-1.0,1.0,3.0,2.0,-1.0,-1.6111111111111112
3d3_L=2.0_S=1.0,2,1,1.0,3.0,2.0,-1.0,1.0,3.0,3.0,-1.0,-0.5939138709164987
3d3_L=2.0_S=1.0,2,1,1.0,3.0,2.0,-1.0,2.0,1.0,1.0,-1.0,0.0
3d3_L=2.0_S=1.0,2,1,1.0,3.0,2.0,-1.0,2.0,1.0,2.0,-1.0,0.0
3d3_L=2.0_S=1.0,2,1,1.0,3.0,2.0,-1.0,2.0,1.0,3.0,-1.0,-0.0
3d3_L=2.0_S=1.0,2,1,1.0,3.0,2.0,-1.0,2.0,2.0,1.0,-1.0,0.0
3d3_L=2.0_S=1.0,2,1,1.0,3.0,2.0,-1.0,2.0,2.0,2.0,-1.0,0.0
3d3_L=2.0_S=1.0,2,1,1.0,3.0,2.0,-1.0,2.0,2.0,3.0,-1.0,-0.0
3d3_L=2.0_S=1.0,2,1,1.0,3.0,2.0,-1.0,2.0,3.0,1.0,-1.0,0.5196152422706632
3d3_L=2.0_S=1.0,2,1,1.0,3.0,2.0,-1.0,2.0,3.0,2.0,-1.0,-0.31622776601683794
3d3_L=2.0_S=1.0,2,1,1.0,3.0,2.0,-1.0,2.0,3.0,3.0,-1.0,-0.3703280399090205
3d3_L=2.0_S=1.0,2,1,1.0,3.0,2.0,-1.0,3.0,1.0,2.0,-1.0,0.0
3d3_L=2.0_S=1.0,2,1,1.0,3.0,2.0,-1.0,3.0,1.0,3.0,-1.0,-0.0
3d3_L=2.0_S=1.0,2,1,1.0,3.0,2.0,-1.0,3.0,2.0,1.0,-1.0,0.0
3d3_L=2.0_S=1.0,2,1,1.0,3.0,2.0,-1.0,3.0,2.0,2.0,-1.0,0.0
3d3_L=2.0_S=1.0,2,1,1.0,3.0,2.0,-1.0,3.0,2.0,3.0,-1.0,-0.0
3d3_L=2.0_S=1.0,2,1,1.0,3.0,2.0,-1.0,3.0,3.0,1.0,-1.0,0.0
3d3_L=2.0_S=1.0,2,1,1.0,3.0,2.0,-1.0,3.0,3.0,2.0,-1.0,0.0
3d3_L=2.0_S=1.0,2,1,1.0,3.0,2.0,-1.0,3.0,3.0,3.0,-1.0,-0.0
3d3_L=2.0_S=1.0,2,1,1.0,3.0,2.0,0.0,1.0,1.0,1.0,0.0,0.0
3d3_L=2.0_S=1.0,2,1,1.0,3.0,2.0,0.0,1.0,1.0,2.0,0.0,0.0
3d3_L=2.0_S=1.0,2,1,1.0,3.0,2.0,0.0,1.0,2.0,1.0,0.0,-0.6110100926607785
3d3_L=2.0_S=1.0,2,1,1.0,3.0,2.0,0.0,1.0,2.0,2.0,0.0,0.0
3d3_L=2.0_S=1.0,2,1,1.0,3.0,2.0,0.0,1.0,2.0,3.0,0.0,0.03563483225498992
3d3_L=2.0_S=1.0,2,1,1.0,3.0,2.0,0.0,1.0,3.0,2.0,0.0,-0.0
3d3_L=2.0_S=1.0,2,1,1.0,3.0,2.0,0.0,1.0,3.0,3.0,0.0,-0.6299407883487123
3d3_L=2.0_S=1.0,2,1,1.0,3.0,2.0,0.0,2.0,1.0,1.0,0.0,0.0
3d3_L=2.0_S=1.0,2,1,1.0,3.0,2.0,0.0,2.0,1.0,2.0,0.0,0.0
3d3_L=2.0_S=1.0,2,1,1.0,3.0,2.0,0.0,2.0,1.0,3.0,0.0,-0.0
3d3_L=2.0_S=1.0,2,1,1.0,3.0,2.0,0.0,2.0,2.0,1.0,0.0,0.0
3d3_L=2.0_S=1.0,2,1,1.0,3.0,2.0,0.0,2.0,2.0,2.0,0.0,0.0
3d3_L=2.0_S=1.0,2,1,1.0,3.0,2.0,0.0,2.0,2.0,3.0,0.0,-0.0
3d3_L=2.0_S=1.0,2,1,1.0,3.0,2.0,0.0,2.0,3.0,1.0,0.0,0.6
3d3_L=2.0_S=1.0,2,1,1.0,3.0,2.0,0.0,2.0,3.0,2.0,0.0,-0.0
3d3_L=2.0_S=1.0,2,1,1.0,3.0,2.0,0.0,2.0,3.0,3.0,0.0,-0.3927922024247863
3d3_L=2.0_S=1.0,2,1,1.0,3.0,2.0,0.0,3.0,1.0,2.0,0.0,0.0
3d3_L=2.0_S=1.0,2,1,1.0,3.0,2.0,0.0,3.0,1.0,3.0,0.0,-0.0
3d3_L=2.0_S=1.0,2,1,1.0,3.0,2.0,0.0,3.0,2.0,1.0,0.0,0.0
3d3_L=2.0_S=1.0,2,1,1.0,3.0,2.0,0.0,3.0,2.0,2.0,0.0,0.0
3d3_L=2.0_S=1.0,2,1,1.0,3.0,2.0,0.0,3.0,2.0,3.0,0.0,-0.0
3d3_L=2.0_S=1.0,2,1,1.0,3.0,2.0,0.0,3.0,3.0,1.0,0.0,0.0
3d3_L=2.0_S=1.0,2,1,1.0,3.0,2.0,0.0,3.0,3.0,2.0,0.0,0.0
3d3_L=2.0_S=1.0,2,1,1.0,3.0,2.0,0.0,3.0,3.0,3.0,0.0,-0.0
3d3_L=2.0_S=1.0,2,1,1.0,3.0,2.0,1.0,1.0,1.0,1.0,1.0,0.0
3d3_L=2.0_S=1.0,2,1,1.0,3.0,2.0,1.0,1.0,1.0,2.0,1.0,-0.0
3d3_L=2.0_S=1.0,2,1,1.0,3.0,2.0,1.0,1.0,2.0,1.0,1.0,-0.5291502622129182
3d3_L=2.0_S=1.0,2,1,1.0,3.0,2.0,1.0,1.0,2.0,2.0,1.0,-0.13146843962443588
3d3_L=2.0_S=1.0,2,1,1.0,3.0,2.0,1.0,1.0,2.0,3.0,1.0,0.03359684204526464
3d3_L=2.0_S=1.0,2,1,1.0,3.0,2.0,1.0,1.0,3.0,2.0,1.0,1.6111111111111112
3d3_L=2.0_S=1.0,2,1,1.0,3.0,2.0,1.0,1.0,3.0,3.0,1.0,-0.5939138709164987
3d3_L=2.0_S=1.0,2,1,1.0,3.0,2.0,1.0,2.0,1.0,1.0,1.0,0.0
3d3_L=2.0_S=1.0,2,1,1.0,3.0,2.0,1.0,2.0,1.0,2.0,1.0,-0.0
3d3_L=2.0_S=1.0,2,1,1.0,3.0,2.0,1.0,2.0,1.0,3.0,1.0,-0.0
3d3_L=2.0_S=1.0,2,1,1.0,3.0,2.0,1.0,2.0,2.0,1.0,1.0,0.0
3d3_L=2.0_S=1.0,2,1,1.0,3.0,2.0,1.0,2.0,2.0,2.0,1.0,-0.0
3d3_L=2.0_S=1.0,2,1,1.0,3.0,2.0,1.0,2.0,2.0,3.0,1.0,-0.0
3d3_L=2.0_S=1.0,2,1,1.0,3.0,2.0,1.0,2.0,3.0,1.0,1.0,0.5196152422706632
3d3_L=2.0_S=1.0,2,1,1.0,3.0,2.0,1.0,2.0,3.0,2.0,1.0,0.31622776601683794
3d3_L=2.0_S=1.0,2,1,1.0,3.0,2.0,1.0,2.0,3.0,3.0,1.0,-0.3703280399090205
3d3_L=2.0_S=1.0,2,1,1.0,3.0,2.0,1.0,3.0,1.0,2.0,1.0,-0.0
3d3_L=2.0_S=1.0,2,1,1.0,3.0,2.0,1.0,3.0,1.0,3.0,1.0,-0.0
3d3_L=2.0_S=1.0,2,1,1.0,3.0,2.0,1.0,3.0,2.0,1.0,1.0,0.0
3d3_L=2.0_S=1.0,2,1,1.0,3.0,2.0,1.0,3.0,2.0,2.0,1.0,-0.0
3d3_L=2.0_S=1.0,2,1,1.0,3.0,2.0,1.0,3.0,2.0,3.0,1.0,-0.0
3d3_L=2.0_S=1.0,2,1,1.0,3.0,2.0,1.0,3.0,3.0,1.0,1.0,0.0
3d3_L=2.0_S=1.0,2,1,1.0,3.0,2.0,1.0,3.0,3.0,2.0,1.0,-0.0
3d3_L=2.0_S=1.0,2,1,1.0,3.0,2.0,1.0,3.0,3.0,3.0,1.0,-0.0
3d3_L=2.0_S=1.0,2,1,1.0,3.0,2.0,2.0,1.0,1.0,2.0,2.0,-0.0
3d3_L=2.0_S=1.0,2,1,1.0,3.0,2.0,2.0,1.0,2.0,2.0,2.0,-0.26293687924887177
3d3_L=2.0_S=1.0,2,1,1.0,3.0,2.0,2.0,1.0,2.0,3.0,2.0,0.026560635762986524
3d3_L=2.0_S=1.0,2,1,1.0,3.0,2.0,2.0,1.0,3.0,2.0,2.0,3.222222222222222
3d3_L=2.0_S=1.0,2,1,1.0,3.0,2.0,2.0,1.0,3.0,3.0,2.0,-0.46953014151584266
3d3_L=2.0_S=1.0,2,1,1.0,3.0,2.0,2.0,2.0,1.0,2.0,2.0,-0.0
3d3_L=2.0_S=1.0,2,1,1.0,3.0,2.0,2.0,2.0,1.0,3.0,2.0,-0.0
3d3_L=2.0_S=1.0,2,1,1.0,3.0,2.0,2.0,2.0,2.0,2.0,2.0,-0.0
3d3_L=2.0_S=1.0,2,1,1.0,3.0,2.0,2.0,2.0,2.0,3.0,2.0,-0.0
3d3_L=2.0_S=1.0,2,1,1.0,3.0,2.0,2.0,2.0,3.0,2.0,2.0,0.6324555320336758
3d3_L=2.0_S=1.0,2,1,1.0,3.0,2.0,2.0,2.0,3.0,3.0,2.0,-0.2927700218845599
3d3_L=2.0_S=1.0,2,1,1.0,3.0,2.0,2.0,3.0,1.0,2.0,2.0,-0.0
3d3_L=2.0_S=1.0,2,1,1.0,3.0,2.0,2.0,3.0,1.0,3.0,2.0,-0.0
3d3_L=2.0_S=1.0,2,1,1.0,3.0,2.0,2.0,3.0,2.0,2.0,2.0,-0.0
3d3_L=2.0_S=1.0,2,1,1.0,3.0,2.0,2.0,3.0,2.0,3.0,2.0,-0.0
3d3_L=2.0_S=1.0,2,1,1.0,3.0,2.0,2.0,3.0,3.0,2.0,2.0,-0.0
3d3_L=2.0_S=1.0,2,1,1.0,3.0,2.0,2.0,3.0,3.0,3.0,2.0,-0.0
3d3_L=2.0_S=1.0,2,1,1.0,3.0,3.0,-3.0,1.0,2.0,3.0,-3.0,0.23570226039551584
3d3_L=2.0_S=1.0,2,1,1.0,3.0,3.0,-3.0,1.0,3.0,3.0,-3.0,-3.7916666666666674
3d3_L=2.0_S=1.0,2,1,1.0,3.0,3.0,-3.0,1.0,3.0,4.0,-3.0,-0.36084391824351625
3d3_L=2.0_S=1.0,2,1,1.0,3.0,3.0,-3.0,2.0,1.0,3.0,-3.0,-0.0
3d3_L=2.0_S=1.0,2,1,1.0,3.0,3.0,-3.0,2.0,2.0,3.0,-3.0,-0.0
3d3_L=2.0_S=1.0,2,1,1.0,3.0,3.0,-3.0,2.0,2.0,4.0,-3.0,-0.0
3d3_L=2.0_S=1.0,2,1,1.0,3.0,3.0,-3.0,2.0,3.0,3.0,-3.0,-0.649519052838329
3d3_L=2.0_S=1.0,2,1,1.0,3.0,3.0,-3.0,2.0,3.0,4.0,-3.0,-0.375
3d3_L=2.0_S=1.0,2,1,1.0,3.0,3.0,-3.0,3.0,1.0,3.0,-3.0,-0.0
3d3_L=2.0_S=1.0,2,1,1.0,3.0,3.0,-3.0,3.0,1.0,4.0,-3.0,0.0
3d3_L=2.0_S=1.0,2,1,1.0,3.0,3.0,-3.0,3.0,2.0,3.0,-3.0,-0.0
3d3_L=2.0_S=1.0,2,1,1.0,3.0,3.0,-3.0,3.0,2.0,4.0,-3.0,0.0
3d3_L=2.0_S=1.0,2,1,1.0,3.0,3.0,-3.0,3.0,3.0,3.0,-3.0,-0.0
3d3_L=2.0_S=1.0,2,1,1.0,3.0,3.0,-3.0,3.0,3.0,4.0,-3.0,0.0
3d3_L=2.0_S=1.0,2,1,1.0,3.0,3.0,-2.0,1.0,1.0,2.0,-2.0,0.0
3d3_L=2.0_S=1.0,2,1,1.0,3.0,3.0,-2.0,1.0,2.0,2.0,-2.0,-0.4444444444444444
3d3_L=2.0_S=1.0,2,1,1.0,3.0,3.0,-2.0,1.0,2.0,3.0,-2.0,0.1571348402636772
3d3_L=2.0_S=1.0,2,1,1.0,3.0,3.0,-2.0,1.0,3.0,2.0,-2.0,-0.46953014151584266
3d3_L=2.0_S=1.0,2,1,1.0,3.0,3.0,-2.0,1.0,3.0,3.0,-2.0,-2.5277777777777777
3d3_L=2.0_S=1.0,2,1,1.0,3.0,3.0,-2.0,1.0,3.0,4.0,-2.0,-0.4724555912615341
3d3_L=2.0_S=1.0,2,1,1.0,3.0,3.0,-2.0,2.0,1.0,2.0,-2.0,0.0
3d3_L=2.0_S=1.0,2,1,1.0,3.0,3.0,-2.0,2.0,1.0,3.0,-2.0,-0.0
3d3_L=2.0_S=1.0,2,1,1.0,3.0,3.0,-2.0,2.0,2.0,2.0,-2.0,-0.0
3d3_L=2.0_S=1.0,2,1,1.0,3.0,3.0,-2.0,2.0,2.0,3.0,-2.0,-0.0
3d3_L=2.0_S=1.0,2,1,1.0,3.0,3.0,-2.0,2.0,2.0,4.0,-2.0,-0.0
3d3_L=2.0_S=1.0,2,1,1.0,3.0,3.0,-2.0,2.0,3.0,2.0,-2.0,0.26726124191242434
3d3_L=2.0_S=1.0,2,1,1.0,3.0,3.0,-2.0,2.0,3.0,3.0,-2.0,-0.4330127018922192
3d3_L=2.0_S=1.0,2,1,1.0,3.0,3.0,-2.0,2.0,3.0,4.0,-2.0,-0.49099025303098276
3d3_L=2.0_S=1.0,2,1,1.0,3.0,3.0,-2.0,3.0,1.0,2.0,-2.0,-0.0
3d3_L=2.0_S=1.0,2,1,1.0,3.0,3.0,-2.0,3.0,1.0,3.0,-2.0,-0.0
3d3_L=2.0_S=1.0,2,1,1.0,3.0,3.0,-2.0,3.0,1.0,4.0,-2.0,0.0
3d3_L=2.0_S=1.0,2,1,1.0,3.0,3.0,-2.0,3.0,2.0,2.0,-2.0,-0.0
3d3_L=2.0_S=1.0,2,1,1.0,3.0,3.0,-2.0,3.0,2.0,3.0,-2.0,-0.0
3d3_L=2.0_S=1.0,2,1,1.0,3.0,3.0,-2.0,3.0,2.0,4.0,-2.0,0.0
3d3_L=2.0_S=1.0,2,1,1.0,3.0,3.0,-2.0,3.0,3.0,2.0,-2.0,-0.0
3d3_L=2.0_S=1.0,2,1,1.0,3.0,3.0,-2.0,3.0,3.0,3.0,-2.0,-0.0
3d3_L=2.0_S=1.0,2,1,1.0,3.0,3.0,-2.0,3.0,3.0,4.0,-2.0,0.0
3d3_L=2.0_S=1.0,2,1,1.0,3.0,3.0,-1.0,1.0,1.0,2.0,-1.0,0.0
3d3_L=2.0_S=1.0,2,1,1.0,3.0,3.0,-1.0,1.0,2.0,2.0,-1.0,-0.5621826951410451
3d3_L=2.0_S=1.0,2,1,1.0,3.0,3.0,-1.0,1.0,2.0,3.0,-1.0,0.0785674201318386
3d3_L=2.0_S=1.0,2,1,1.0,3.0,3.0,-1.0,1.0,3.0,2.0,-1.0,-0.5939138709164987
3d3_L=2.0_S=1.0,2,1,1.0,3.0,3.0,-1.0,1.0,3.0,3.0,-1.0,-1.2638888888888888
3d3_L=2.0_S=1.0,2,1,1.0,3.0,3.0,-1.0,1.0,3.0,4.0,-1.0,-0.5282214092053229
3d3_L=2.0_S=1.0,2,1,1.0,3.0,3.0,-1.0,2.0,1.0,2.0,-1.0,0.0
3d3_L=2.0_S=1.0,2,1,1.0,3.0,3.0,-1.0,2.0,1.0,3.0,-1.0,-0.0
3d3_L=2.0_S=1.0,2,1,1.0,3.0,3.0,-1.0,2.0,2.0,2.0,-1.0,-0.0
3d3_L=2.0_S=1.0,2,1,1.0,3.0,3.0,-1.0,2.0,2.0,3.0,-1.0,-0.0
3d3_L=2.0_S=1.0,2,1,1.0,3.0,3.0,-1.0,2.0,2.0,4.0,-1.0,-0.0
3d3_L=2.0_S=1.0,2,1,1.0,3.0,3.0,-1.0,2.0,3.0,2.0,-1.0,0.33806170189140655
3d3_L=2.0_S=1.0,2,1,1.0,3.0,3.0,-1.0,2.0,3.0,3.0,-1.0,-0.2165063509461096
3d3_L=2.0_S=1.0,2,1,1.0,3.0,3.0,-1.0,2.0,3.0,4.0,-1.0,-0.5489437910335498
3d3_L=2.0_S=1.0,2,1,1.0,3.0,3.0,-1.0,3.0,1.0,2.0,-1.0,-0.0
3d3_L=2.0_S=1.0,2,1,1.0,3.0,3.0,-1.0,3.0,1.0,3.0,-1.0,-0.0
3d3_L=2.0_S=1.0,2,1,1.0,3.0,3.0,-1.0,3.0,1.0,4.0,-1.0,0.0
3d3_L=2.0_S=1.0,2,1,1.0,3.0,3.0,-1.0,3.0,2.0,2.0,-1.0,-0.0
3d3_L=2.0_S=1.0,2,1,1.0,3.0,3.0,-1.0,3.0,2.0,3.0,-1.0,-0.0
3d3_L=2.0_S=1.0,2,1,1.0,3.0,3.0,-1.0,3.0,2.0,4.0,-1.0,0.0
3d3_L=2.0_S=1.0,2,1,1.0,3.0,3.0,-1.0,3.0,3.0,2.0,-1.0,-0.0
3d3_L=2.0_S=1.0,2,1,1.0,3.0,3.0,-1.0,3.0,3.0,3.0,-1.0,-0.0
3d3_L=2.0_S=1.0,2,1,1.0,3.0,3.0,-1.0,3.0,3.0,4.0,-1.0,0.0
3d3_L=2.0_S=1.0,2,1,1.0,3.0,3.0,0.0,1.0,1.0,2.0,0.0,0.0
3d3_L=2.0_S=1.0,2,1,1.0,3.0,3.0,0.0,1.0,2.0,2.0,0.0,-0.5962847939999439
3d3_L=2.0_S=1.0,2,1,1.0,3.0,3.0,0.0,1.0,2.0,3.0,0.0,-0.0
3d3_L=2.0_S=1.0,2,1,1.0,3.0,3.0,0.0,1.0,3.0,2.0,0.0,-0.6299407883487123
3d3_L=2.0_S=1.0,2,1,1.0,3.0,3.0,0.0,1.0,3.0,3.0,0.0,0.0
3d3_L=2.0_S=1.0,2,1,1.0,3.0,3.0,0.0,1.0,3.0,4.0,0.0,-0.5455447255899811
3d3_L=2.0_S=1.0,2,1,1.0,3.0,3.0,0.0,2.0,1.0,2.0,0.0,0.0
3d3_L=2.0_S=1.0,2,1,1.0,3.0,3.0,0.0,2.0,1.0,3.0,0.0,0.0
3d3_L=2.0_S=1.0,2,1,1.0,3.0,3.0,0.0,2.0,2.0,2.0,0.0,-0.0
3d3_L=2.0_S=1.0,2,1,1.0,3.0,3.0,0.0,2.0,2.0,3.0,0.0,0.0
3d3_L=2.0_S=1.0,2,1,1.0,3.0,3.0,0.0,2.0,2.0,4.0,0.0,-0.0
3d3_L=2.0_S=1.0,2,1,1.0,3.0,3.0,0.0,2.0,3.0,2.0,0.0,0.3585685828003181
3d3_L=2.0_S=1.0,2,1,1.0,3.0,3.0,0.0,2.0,3.0,3.0,0.0,0.0
3d3_L=2.0_S=1.0,2,1,1.0,3.0,3.0,0.0,2.0,3.0,4.0,0.0,-0.5669467095138409
3d3_L=2.0_S=1.0,2,1,1.0,3.0,3.0,0.0,3.0,1.0,2.0,0.0,-0.0
3d3_L=2.0_S=1.0,2,1,1.0,3.0,3.0,0.0,3.0,1.0,3.0,0.0,0.0
3d3_L=2.0_S=1.0,2,1,1.0,3.0,3.0,0.0,3.0,1.0,4.0,0.0,0.0
3d3_L=2.0_S=1.0,2,1,1.0,3.0,3.0,0.0,3.0,2.0,2.0,0.0,-0.0
3d3_L=2.0_S=1.0,2,1,1.0,3.0,3.0,0.0,3.0,2.0,3.0,0.0,0.0
3d3_L=2.0_S=1.0,2,1,1.0,3.0,3.0,0.0,3.0,2.0,4.0,0.0,0.0
3d3_L=2.0_S=1.0,2,1,1.0,3.0,3.0,0.0,3.0,3.0,2.0,0.0,-0.0
3d3_L=2.0_S=1.0,2,1,1.0,3.0,3.0,0.0,3.0,3.0,3.0,0.0,0.0
3d3_L=2.0_S=1.0,2,1,1.0,3.0,3.0,0.0,3.0,3.0,4.0,0.0,0.0
3d3_L=2.0_S=1.0,2,1,1.0,3.0,3.0,1.0,1.0,1.0,2.0,1.0,0.0
3d3_L=2.0_S=1.0,2,1,1.0,3.0,3.0,1.0,1.0,2.0,2.0,1.0,-0.5621826951410451
3d3_L=2.0_S=1.0,2,1,1.0,3.0,3.0,1.0,1.0,2.0,3.0,1.0,-0.0785674201318386
3d3_L=2.0_S=1.0,2,1,1.0,3.0,3.0,1.0,1.0,3.0,2.0,1.0,-0.5939138709164987
3d3_L=2.0_S=1.0,2,1,1.0,3.0,3.0,1.0,1.0,3.0,3.0,1.0,1.2638888888888888
3d3_L=2.0_S=1.0,2,1,1.0,3.0,3.0,1.0,1.0,3.0,4.0,1.0,-0.5282214092053229
3d3_L=2.0_S=1.0,2,1,1.0,3.0,3.0,1.0,2.0,1.0,2.0,1.0,0.0
3d3_L=2.0_S=1.0,2,1,1.0,3.0,3.0,1.0,2.0,1.0,3.0,1.0,0.0
3d3_L=2.0_S=1.0,2,1,1.0,3.0,3.0,1.0,2.0,2.0,2.0,1.0,-0.0
3d3_L=2.0_S=1.0,2,1,1.0,3.0,3.0,1.0,2.0,2.0,3.0,1.0,0.0
3d3_L=2.0_S=1.0,2,1,1.0,3.0,3.0,1.0,2.0,2.0,4.0,1.0,-0.0
3d3_L=2.0_S=1.0,2,1,1.0,3.0,3.0,1.0,2.0,3.0,2.0,1.0,0.33806170189140655
3d3_L=2.0_S=1.0,2,1,1.0,3.0,3.0,1.0,2.0,3.0,3.0,1.0,0.2165063509461096
3d3_L=2.0_S=1.0,2,1,1.0,3.0,3.0,1.0,2.0,3.0,4.0,1.0,-0.5489437910335498
3d3_L=2.0_S=1.0,2,1,1.0,3.0,3.0,1.0,3.0,1.0,2.0,1.0,-0.0
3d3_L=2.0_S=1.0,2,1,1.0,3.0,3.0,1.0,3.0,1.0,3.0,1.0,0.0
3d3_L=2.0_S=1.0,2,1,1.0,3.0,3.0,1.0,3.0,1.0,4.0,1.0,0.0
3d3_L=2.0_S=1.0,2,1,1.0,3.0,3.0,1.0,3.0,2.0,2.0,1.0,-0.0
3d3_L=2.0_S=1.0,2,1,1.0,3.0,3.0,1.0,3.0,2.0,3.0,1.0,0.0
3d3_L=2.0_S=1.0,2,1,1.0,3.0,3.0,1.0,3.0,2.0,4.0,1.0,0.0
3d3_L=2.0_S=1.0,2,1,1.0,3.0,3.0,1.0,3.0,3.0,2.0,1.0,-0.0
3d3_L=2.0_S=1.0,2,1,1.0,3.0,3.0,1.0,3.0,3.0,3.0,1.0,0.0
3d3_L=2.0_S=1.0,2,1,1.0,3.0,3.0,1.0,3.0,3.0,4.0,1.0,0.0
3d3_L=2.0_S=1.0,2,1,1.0,3.0,3.0,2.0,1.0,1.0,2.0,2.0,0.0
3d3_L=2.0_S=1.0,2,1,1.0,3.0,3.0,2.0,1.0,2.0,2.0,2.0,-0.4444444444444444
3d3_L=2.0_S=1.0,2,1,1.0,3.0,3.0,2.0,1.0,2.0,3.0,2.0,-0.1571348402636772
3d3_L=2.0_S=1.0,2,1,1.0,3.0,3.0,2.0,1.0,3.0,2.0,2.0,-0.46953014151584266
3d3_L=2.0_S=1.0,2,1,1.0,3.0,3.0,2.0,1.0,3.0,3.0,2.0,2.5277777777777777
3d3_L=2.0_S=1.0,2,1,1.0,3.0,3.0,2.0,1.0,3.0,4.0,2.0,-0.4724555912615341
3d3_L=2.0_S=1.0,2,1,1.0,3.0,3.0,2.0,2.0,1.0,2.0,2.0,0.0
3d3_L=2.0_S=1.0,2,1,1.0,3.0,3.0,2.0,2.0,1.0,3.0,2.0,0.0
3d3_L=2.0_S=1.0,2,1,1.0,3.0,3.0,2.0,2.0,2.0,2.0,2.0,-0.0
3d3_L=2.0_S=1.0,2,1,1.0,3.0,3.0,2.0,2.0,2.0,3.0,2.0,0.0
3d3_L=2.0_S=1.0,2,1,1.0,3.0,3.0,2.0,2.0,2.0,4.0,2.0,-0.0
3d3_L=2.0_S=1.0,2,1,1.0,3.0,3.0,2.0,2.0,3.0,2.0,2.0,0.26726124191242434
3d3_L=2.0_S=1.0,2,1,1.0,3.0,3.0,2.0,2.0,3.0,3.0,2.0,0.4330127018922192
3d3_L=2.0_S=1.0,2,1,1.0,3.0,3.0,2.0,2.0,3.0,4.0,2.0,-0.49099025303098276
3d3_L=2.0_S=1.0,2,1,1.0,3.0,3.0,2.0,3.0,1.0,2.0,2.0,-0.0
3d3_L=2.0_S=1.0,2,1,1.0,3.0,3.0,2.0,3.0,1.0,3.0,2.0,0.0
3d3_L=2.0_S=1.0,2,1,1.0,3.0,3.0,2.0,3.0,1.0,4.0,2.0,0.0
3d3_L=2.0_S=1.0,2,1,1.0,3.0,3.0,2.0,3.0,2.0,2.0,2.0,-0.0
3d3_L=2.0_S=1.0,2,1,1.0,3.0,3.0,2.0,3.0,2.0,3.0,2.0,0.0
3d3_L=2.0_S=1.0,2,1,1.0,3.0,3.0,2.0,3.0,2.0,4.0,2.0,0.0
3d3_L=2.0_S=1.0,2,1,1.0,3.0,3.0,2.0,3.0,3.0,2.0,2.0,-0.0
3d3_L=2.0_S=1.0,2,1,1.0,3.0,3.0,2.0,3.0,3.0,3.0,2.0,0.0
3d3_L=2.0_S=1.0,2,1,1.0,3.0,3.0,2.0,3.0,3.0,4.0,2.0,0.0
3d3_L=2.0_S=1.0,2,1,1.0,3.0,3.0,3.0,1.0,2.0,3.0,3.0,-0.23570226039551584
3d3_L=2.0_S=1.0,2,1,1.0,3.0,3.0,3.0,1.0,3.0,3.0,3.0,3.7916666666666674
3d3_L=2.0_S=1.0,2,1,1.0,3.0,3.0,3.0,1.0,3.0,4.0,3.0,-0.36084391824351625
3d3_L=2.0_S=1.0,2,1,1.0,3.0,3.0,3.0,2.0,1.0,3.0,3.0,0.0
3d3_L=2.0_S=1.0,2,1,1.0,3.0,3.0,3.0,2.0,2.0,3.0,3.0,0.0
3d3_L=2.0_S=1.0,2,1,1.0,3.0,3.0,3.0,2.0,2.0,4.0,3.0,-0.0
3d3_L=2.0_S=1.0,2,1,1.0,3.0,3.0,3.0,2.0,3.0,3.0,3.0,0.649519052838329
3d3_L=2.0_S=1.0,2,1,1.0,3.0,3.0,3.0,2.0,3.0,4.0,3.0,-0.375
3d3_L=2.0_S=1.0,2,1,1.0,3.0,3.0,3.0,3.0,1.0,3.0,3.0,0.0
3d3_L=2.0_S=1.0,2,1,1.0,3.0,3.0,3.0,3.0,1.0,4.0,3.0,0.0
3d3_L=2.0_S=1.0,2,1,1.0,3.0,3.0,3.0,3.0,2.0,3.0,3.0,0.0
3d3_L=2.0_S=1.0,2,1,1.0,3.0,3.0,3.0,3.0,2.0,4.0,3.0,0.0
3d3_L=2.0_S=1.0,2,1,1.0,3.0,3.0,3.0,3.0,3.0,3.0,3.0,0.0
3d3_L=2.0_S=1.0,2,1,1.0,3.0,3.0,3.0,3.0,3.0,4.0,3.0,0.0
3d3_L=2.0_S=1.0,2,1,1.0,3.0,4.0,-4.0,1.0,3.0,4.0,-4.0,-4.5
3d3_L=2.0_S=1.0,2,1,1.0,3.0,4.0,-4.0,2.0,2.0,4.0,-4.0,0.0
3d3_L=2.0_S=1.0,2,1,1.0,3.0,4.0,-4.0,2.0,3.0,4.0,-4.0,-0.519615242270663
3d3_L=2.0_S=1.0,2,1,1.0,3.0,4.0,-4.0,2.0,3.0,5.0,-4.0,-0.4242640687119285
3d3_L=2.0_S=1.0,2,1,1.0,3.0,4.0,-4.0,3.0,1.0,4.0,-4.0,0.0
3d3_L=2.0_S=1.0,2,1,1.0,3.0,4.0,-4.0,3.0,2.0,4.0,-4.0,0.0
3d3_L=2.0_S=1.0,2,1,1.0,3.0,4.0,-4.0,3.0,2.0,5.0,-4.0,-0.0
3d3_L=2.0_S=1.0,2,1,1.0,3.0,4.0,-4.0,3.0,3.0,4.0,-4.0,0.0
3d3_L=2.0_S=1.0,2,1,1.0,3.0,4.0,-4.0,3.0,3.0,5.0,-4.0,-0.0
3d3_L=2.0_S=1.0,2,1,1.0,3.0,4.0,-3.0,1.0,2.0,3.0,-3.0,-0.408248290463863
3d3_L=2.0_S=1.0,2,1,1.0,3.0,4.0,-3.0,1.0,3.0,3.0,-3.0,-0.36084391824351625
3d3_L=2.0_S=1.0,2,1,1.0,3.0,4.0,-3.0,1.0,3.0,4.0,-3.0,-3.375000000000001
3d3_L=2.0_S=1.0,2,1,1.0,3.0,4.0,-3.0,2.0,1.0,3.0,-3.0,0.0
3d3_L=2.0_S=1.0,2,1,1.0,3.0,4.0,-3.0,2.0,2.0,3.0,-3.0,0.0
3d3_L=2.0_S=1.0,2,1,1.0,3.0,4.0,-3.0,2.0,2.0,4.0,-3.0,0.0
3d3_L=2.0_S=1.0,2,1,1.0,3.0,4.0,-3.0,2.0,3.0,3.0,-3.0,0.125
3d3_L=2.0_S=1.0,2,1,1.0,3.0,4.0,-3.0,2.0,3.0,4.0,-3.0,-0.3897114317029974
3d3_L=2.0_S=1.0,2,1,1.0,3.0,4.0,-3.0,2.0,3.0,5.0,-3.0,-0.5656854249492381
3d3_L=2.0_S=1.0,2,1,1.0,3.0,4.0,-3.0,3.0,1.0,3.0,-3.0,0.0
3d3_L=2.0_S=1.0,2,1,1.0,3.0,4.0,-3.0,3.0,1.0,4.0,-3.0,0.0
3d3_L=2.0_S=1.0,2,1,1.0,3.0,4.0,-3.0,3.0,2.0,3.0,-3.0,0.0
3d3_L=2.0_S=1.0,2,1,1.0,3.0,4.0,-3.0,3.0,2.0,4.0,-3.0,0.0
3d3_L=2.0_S=1.0,2,1,1.0,3.0,4.0,-3.0,3.0,2.0,5.0,-3.0,-0.0
3d3_L=2.0_S=1.0,2,1,1.0,3.0,4.0,-3.0,3.0,3.0,3.0,-3.0,0.0
3d3_L=2.0_S=1.0,2,1,1.0,3.0,4.0,-3.0,3.0,3.0,4.0,-3.0,0.0
3d3_L=2.0_S=1.0,2,1,1.0,3.0,4.0,-3.0,3.0,3.0,5.0,-3.0,-0.0
3d3_L=2.0_S=1.0,2,1,1.0,3.0,4.0,-2.0,1.0,2.0,3.0,-2.0,-0.5345224838248487
3d3_L=2.0_S=1.0,2,1,1.0,3.0,4.0,-2.0,1.0,3.0,3.0,-2.0,-0.4724555912615341
3d3_L=2.0_S=1.0,2,1,1.0,3.0,4.0,-2.0,1.0,3.0,4.0,-2.0,-2.2499999999999996
3d3_L=2.0_S=1.0,2,1,1.0,3.0,4.0,-2.0,2.0,1.0,3.0,-2.0,0.0
3d3_L=2.0_S=1.0,2,1,1.0,3.0,4.0,-2.0,2.0,2.0,3.0,-2.0,0.0
3d3_L=2.0_S=1.0,2,1,1.0,3.0,4.0,-2.0,2.0,2.0,4.0,-2.0,0.0
3d3_L=2.0_S=1.0,2,1,1.0,3.0,4.0,-2.0,2.0,3.0,3.0,-2.0,0.16366341767699424
3d3_L=2.0_S=1.0,2,1,1.0,3.0,4.0,-2.0,2.0,3.0,4.0,-2.0,-0.2598076211353315
3d3_L=2.0_S=1.0,2,1,1.0,3.0,4.0,-2.0,2.0,3.0,5.0,-2.0,-0.6480740698407861
3d3_L=2.0_S=1.0,2,1,1.0,3.0,4.0,-2.0,3.0,1.0,3.0,-2.0,0.0
3d3_L=2.0_S=1.0,2,1,1.0,3.0,4.0,-2.0,3.0,1.0,4.0,-2.0,0.0
3d3_L=2.0_S=1.0,2,1,1.0,3.0,4.0,-2.0,3.0,2.0,3.0,-2.0,0.0
3d3_L=2.0_S=1.0,2,1,1.0,3.0,4.0,-2.0,3.0,2.0,4.0,-2.0,0.0
3d3_L=2.0_S=1.0,2,1,1.0,3.0,4.0,-2.0,3.0,2.0,5.0,-2.0,-0.0
3d3_L=2.0_S=1.0,2,1,1.0,3.0,4.0,-2.0,3.0,3.0,3.0,-2.0,0.0
3d3_L=2.0_S=1.0,2,1,1.0,3.0,4.0,-2.0,3.0,3.0,4.0,-2.0,0.0
3d3_L=2.0_S=1.0,2,1,1.0,3.0,4.0,-2.0,3.0,3.0,5.0,-2.0,-0.0
3d3_L=2.0_S=1.0,2,1,1.0,3.0,4.0,-1.0,1.0,2.0,3.0,-1.0,-0.5976143046671968
3d3_L=2.0_S=1.0,2,1,1.0,3.0,4.0,-1.0,1.0,3.0,3.0,-1.0,-0.5282214092053229
3d3_L=2.0_S=1.0,2,1,1.0,3.0,4.0,-1.0,1.0,3.0,4.0,-1.0,-1.1249999999999998
3d3_L=2.0_S=1.0,2,1,1.0,3.0,4.0,-1.0,2.0,1.0,3.0,-1.0,0.0
3d3_L=2.0_S=1.0,2,1,1.0,3.0,4.0,-1.0,2.0,2.0,3.0,-1.0,0.0
3d3_L=2.0_S=1.0,2,1,1.0,3.0,4.0,-1.0,2.0,2.0,4.0,-1.0,0.0
3d3_L=2.0_S=1.0,2,1,1.0,3.0,4.0,-1.0,2.0,3.0,3.0,-1.0,0.18298126367784995
3d3_L=2.0_S=1.0,2,1,1.0,3.0,4.0,-1.0,2.0,3.0,4.0,-1.0,-0.12990381056766576
3d3_L=2.0_S=1.0,2,1,1.0,3.0,4.0,-1.0,2.0,3.0,5.0,-1.0,-0.692820323027551
3d3_L=2.0_S=1.0,2,1,1.0,3.0,4.0,-1.0,3.0,1.0,3.0,-1.0,0.0
3d3_L=2.0_S=1.0,2,1,1.0,3.0,4.0,-1.0,3.0,1.0,4.0,-1.0,0.0
3d3_L=2.0_S=1.0,2,1,1.0,3.0,4.0,-1.0,3.0,2.0,3.0,-1.0,0.0
3d3_L=2.0_S=1.0,2,1,1.0,3.0,4.0,-1.0,3.0,2.0,4.0,-1.0,0.0
3d3_L=2.0_S=1.0,2,1,1.0,3.0,4.0,-1.0,3.0,2.0,5.0,-1.0,-0.0
3d3_L=2.0_S=1.0,2,1,1.0,3.0,4.0,-1.0,3.0,3.0,3.0,-1.0,0.0
3d3_L=2.0_S=1.0,2,1,1.0,3.0,4.0,-1.0,3.0,3.0,4.0,-1.0,0.0
3d3_L=2.0_S=1.0,2,1,1.0,3.0,4.0,-1.0,3.0,3.0,5.0,-1.0,-0.0
3d3_L=2.0_S=1.0,2,1,1.0,3.0,4.0,0.0,1.0,2.0,3.0,0.0,-0.6172133998483676
3d3_L=2.0_S=1.0,2,1,1.0,3.0,4.0,0.0,1.0,3.0,3.0,0.0,-0.5455447255899811
3d3_L=2.0_S=1.0,2,1,1.0,3.0,4.0,0.0,1.0,3.0,4.0,0.0,-0.0
3d3_L=2.0_S=1.0,2,1,1.0,3.0,4.0,0.0,2.0,1.0,3.0,0.0,0.0
3d3_L=2.0_S=1.0,2,1,1.0,3.0,4.0,0.0,2.0,2.0,3.0,0.0,0.0
3d3_L=2.0_S=1.0,2,1,1.0,3.0,4.0,0.0,2.0,2.0,4.0,0.0,0.0
3d3_L=2.0_S=1.0,2,1,1.0,3.0,4.0,0.0,2.0,3.0,3.0,0.0,0.18898223650461363
3d3_L=2.0_S=1.0,2,1,1.0,3.0,4.0,0.0,2.0,3.0,4.0,0.0,-0.0
3d3_L=2.0_S=1.0,2,1,1.0,3.0,4.0,0.0,2.0,3.0,5.0,0.0,-0.7071067811865475
3d3_L=2.0_S=1.0,2,1,1.0,3.0,4.0,0.0,3.0,1.0,3.0,0.0,0.0
3d3_L=2.0_S=1.0,2,1,1.0,3.0,4.0,0.0,3.0,1.0,4.0,0.0,0.0
3d3_L=2.0_S=1.0,2,1,1.0,3.0,4.0,0.0,3.0,2.0,3.0,0.0,0.0
3d3_L=2.0_S=1.0,2,1,1.0,3.0,4.0,0.0,3.0,2.0,4.0,0.0,0.0
3d3_L=2.0_S=1.0,2,1,1.0,3.0,4.0,0.0,3.0,2.0,5.0,0.0,-0.0
3d3_L=2.0_S=1.0,2,1,1.0,3.0,4.0,0.0,3.0,3.0,3.0,0.0,0.0
3d3_L=2.0_S=1.0,2,1,1.0,3.0,4.0,0.0,3.0,3.0,4.0,0.0,0.0
3d3_L=2.0_S=1.0,2,1,1.0,3.0,4.0,0.0,3.0,3.0,5.0,0.0,-0.0
3d3_L=2.0_S=1.0,2,1,1.0,3.0,4.0,1.0,1.0,2.0,3.0,1.0,-0.5976143046671968
3d3_L=2.0_S=1.0,2,1,1.0,3.0,4.0,1.0,1.0,3.0,3.0,1.0,-0.5282214092053229
3d3_L=2.0_S=1.0,2,1,1.0,3.0,4.0,1.0,1.0,3.0,4.0,1.0,1.1249999999999998
3d3_L=2.0_S=1.0,2,1,1.0,3.0,4.0,1.0,2.0,1.0,3.0,1.0,0.0
3d3_L=2.0_S=1.0,2,1,1.0,3.0,4.0,1.0,2.0,2.0,3.0,1.0,0.0
3d3_L=2.0_S=1.0,2,1,1.0,3.0,4.0,1.0,2.0,2.0,4.0,1.0,-0.0
3d3_L=2.0_S=1.0,2,1,1.0,3.0,4.0,1.0,2.0,3.0,3.0,1.0,0.18298126367784995
3d3_L=2.0_S=1.0,2,1,1.0,3.0,4.0,1.0,2.0,3.0,4.0,1.0,0.12990381056766576
3d3_L=2.0_S=1.0,2,1,1.0,3.0,4.0,1.0,2.0,3.0,5.0,1.0,-0.692820323027551
3d3_L=2.0_S=1.0,2,1,1.0,3.0,4.0,1.0,3.0,1.0,3.0,1.0,0.0
3d3_L=2.0_S=1.0,2,1,1.0,3.0,4.0,1.0,3.0,1.0,4.0,1.0,-0.0
3d3_L=2.0_S=1.0,2,1,1.0,3.0,4.0,1.0,3.0,2.0,3.0,1.0,0.0
3d3_L=2.0_S=1.0,2,1,1.0,3.0,4.0,1.0,3.0,2.0,4.0,1.0,-0.0
3d3_L=2.0_S=1.0,2,1,1.0,3.0,4.0,1.0,3.0,2.0,5.0,1.0,-0.0
3d3_L=2.0_S=1.0,2,1,1.0,3.0,4.0,1.0,3.0,3.0,3.0,1.0,0.0
3d3_L=2.0_S=1.0,2,1,1.0,3.0,4.0,1.0,3.0,3.0,4.0,1.0,-0.0
3d3_L=2.0_S=1.0,2,1,1.0,3.0,4.0,1.0,3.0,3.0,5.0,1.0,-0.0
3d3_L=2.0_S=1.0,2,1,1.0,3.0,4.0,2.0,1.0,2.0,3.0,2.0,-0.5345224838248487
3d3_L=2.0_S=1.0,2,1,1.0,3.0,4.0,2.0,1.0,3.0,3.0,2.0,-0.4724555912615341
3d3_L=2.0_S=1.0,2,1,1.0,3.0,4.0,2.0,1.0,3.0,4.0,2.0,2.2499999999999996
3d3_L=2.0_S=1.0,2,1,1.0,3.0,4.0,2.0,2.0,1.0,3.0,2.0,0.0
3d3_L=2.0_S=1.0,2,1,1.0,3.0,4.0,2.0,2.0,2.0,3.0,2.0,0.0
3d3_L=2.0_S=1.0,2,1,1.0,3.0,4.0,2.0,2.0,2.0,4.0,2.0,-0.0
3d3_L=2.0_S=1.0,2,1,1.0,3.0,4.0,2.0,2.0,3.0,3.0,2.0,0.16366341767699424
3d3_L=2.0_S=1.0,2,1,1.0,3.0,4.0,2.0,2.0,3.0,4.0,2.0,0.2598076211353315
3d3_L=2.0_S=1.0,2,1,1.0,3.0,4.0,2.0,2.0,3.0,5.0,2.0,-0.6480740698407861
3d3_L=2.0_S=1.0,2,1,1.0,3.0,4.0,2.0,3.0,1.0,3.0,2.0,0.0
3d3_L=2.0_S=1.0,2,1,1.0,3.0,4.0,2.0,3.0,1.0,4.0,2.0,-0.0
3d3_L=2.0_S=1.0,2,1,1.0,3.0,4.0,2.0,3.0,2.0,3.0,2.0,0.0
3d3_L=2.0_S=1.0,2,1,1.0,3.0,4.0,2.0,3.0,2.0,4.0,2.0,-0.0
3d3_L=2.0_S=1.0,2,1,1.0,3.0,4.0,2.0,3.0,2.0,5.0,2.0,-0.0
3d3_L=2.0_S=1.0,2,1,1.0,3.0,4.0,2.0,3.0,3.0,3.0,2.0,0.0
3d3_L=2.0_S=1.0,2,1,1.0,3.0,4.0,2.0,3.0,3.0,4.0,2.0,-0.0
3d3_L=2.0_S=1.0,2,1,1.0,3.0,4.0,2.0,3.0,3.0,5.0,2.0,-0.0
3d3_L=2.0_S=1.0,2,1,1.0,3.0,4.0,3.0,1.0,2.0,3.0,3.0,-0.408248290463863
3d3_L=2.0_S=1.0,2,1,1.0,3.0,4.0,3.0,1.0,3.0,3.0,3.0,-0.36084391824351625
3d3_L=2.0_S=1.0,2,1,1.0,3.0,4.0,3.0,1.0,3.0,4.0,3.0,3.375000000000001
3d3_L=2.0_S=1.0,2,1,1.0,3.0,4.0,3.0,2.0,1.0,3.0,3.0,0.0
3d3_L=2.0_S=1.0,2,1,1.0,3.0,4.0,3.0,2.0,2.0,3.0,3.0,0.0
3d3_L=2.0_S=1.0,2,1,1.0,3.0,4.0,3.0,2.0,2.0,4.0,3.0,-0.0
3d3_L=2.0_S=1.0,2,1,1.0,3.0,4.0,3.0,2.0,3.0,3.0,3.0,0.125
3d3_L=2.0_S=1.0,2,1,1.0,3.0,4.0,3.0,2.0,3.0,4.0,3.0,0.3897114317029974
3d3_L=2.0_S=1.0,2,1,1.0,3.0,4.0,3.0,2.0,3.0,5.0,3.0,-0.5656854249492381
3d3_L=2.0_S=1.0,2,1,1.0,3.0,4.0,3.0,3.0,1.0,3.0,3.0,0.0
3d3_L=2.0_S=1.0,2,1,1.0,3.0,4.0,3.0,3.0,1.0,4.0,3.0,-0.0
3d3_L=2.0_S=1.0,2,1,1.0,3.0,4.0,3.0,3.0,2.0,3.0,3.0,0.0
3d3_L=2.0_S=1.0,2,1,1.0,3.0,4.0,3.0,3.0,2.0,4.0,3.0,-0.0
3d3_L=2.0_S=1.0,2,1,1.0,3.0,4.0,3.0,3.0,2.0,5.0,3.0,-0.0
3d3_L=2.0_S=1.0,2,1,1.0,3.0,4.0,3.0,3.0,3.0,3.0,3.0,0.0
3d3_L=2.0_S=1.0,2,1,1.0,3.0,4.0,3.0,3.0,3.0,4.0,3.0,-0.0
3d3_L=2.0_S=1.0,2,1,1.0,3.0,4.0,3.0,3.0,3.0,5.0,3.0,-0.0
3d3_L=2.0_S=1.0,2,1,1.0,3.0,4.0,4.0,1.0,3.0,4.0,4.0,4.5
3d3_L=2.0_S=1.0,2,1,1.0,3.0,4.0,4.0,2.0,2.0,4.0,4.0,-0.0
3d3_L=2.0_S=1.0,2,1,1.0,3.0,4.0,4.0,2.0,3.0,4.0,4.0,0.519615242270663
3d3_L=2.0_S=1.0,2,1,1.0,3.0,4.0,4.0,2.0,3.0,5.0,4.0,-0.4242640687119285
3d3_L=2.0_S=1.0,2,1,1.0,3.0,4.0,4.0,3.0,1.0,4.0,4.0,-0.0
3d3_L=2.0_S=1.0,2,1,1.0,3.0,4.0,4.0,3.0,2.0,4.0,4.0,-0.0
3d3_L=2.0_S=1.0,2,1,1.0,3.0,4.0,4.0,3.0,2.0,5.0,4.0,-0.0
3d3_L=2.0_S=1.0,2,1,1.0,3.0,4.0,4.0,3.0,3.0,4.0,4.0,-0.0
3d3_L=2.0_S=1.0,2,1,1.0,3.0,4.0,4.0,3.0,3.0,5.0,4.0,-0.0
3d3_L=2.0_S=1.0,2,1,2.0,1.0,1.0,-1.0,1.0,1.0,1.0,-1.0,-0.43301270189221924
3d3_L=2.0_S=1.0,2,1,2.0,1.0,1.0,-1.0,1.0,1.0,2.0,-1.0,0.08660254037844387
3d3_L=2.0_S=1.0,2,1,2.0,1.0,1.0,-1.0,1.0,2.0,1.0,-1.0,0.0
3d3_L=2.0_S=1.0,2,1,2.0,1.0,1.0,-1.0,1.0,2.0,2.0,-1.0,-0.0
3d3_L=2.0_S=1.0,2,1,2.0,1.0,1.0,-1.0,1.0,3.0,2.0,-1.0,0.0
3d3_L=2.0_S=1.0,2,1,2.0,1.0,1.0,-1.0,2.0,1.0,1.0,-1.0,-1.4999999999999996
3d3_L=2.0_S=1.0,2,1,2.0,1.0,1.0,-1.0,2.0,1.0,2.0,-1.0,0.4472135954999581
3d3_L=2.0_S=1.0,2,1,2.0,1.0,1.0,-1.0,2.0,2.0,1.0,-1.0,0.5809475019311123
3d3_L=2.0_S=1.0,2,1,2.0,1.0,1.0,-1.0,2.0,2.0,2.0,-1.0,-0.3968626966596886
3d3_L=2.0_S=1.0,2,1,2.0,1.0,1.0,-1.0,2.0,3.0,1.0,-1.0,0.0
3d3_L=2.0_S=1.0,2,1,2.0,1.0,1.0,-1.0,2.0,3.0,2.0,-1.0,0.0
3d3_L=2.0_S=1.0,2,1,2.0,1.0,1.0,-1.0,3.0,1.0,2.0,-1.0,-0.5291502622129182
3d3_L=2.0_S=1.0,2,1,2.0,1.0,1.0,-1.0,3.0,2.0,1.0,-1.0,0.0
3d3_L=2.0_S=1.0,2,1,2.0,1.0,1.0,-1.0,3.0,2.0,2.0,-1.0,-0.0
3d3_L=2.0_S=1.0,2,1,2.0,1.0,1.0,-1.0,3.0,3.0,1.0,-1.0,0.0
3d3_L=2.0_S=1.0,2,1,2.0,1.0,1.0,-1.0,3.0,3.0,2.0,-1.0,-0.0
3d3_L=2.0_S=1.0,2,1,2.0,1.0,1.0,0.0,1.0,1.0,0.0,-0.0,-0.7071067811865474
3d3_L=2.0_S=1.0,2,1,2.0,1.0,1.0,0.0,1.0,1.0,1.0,0.0,0.0
3d3_L=2.0_S=1.0,2,1,2.0,1.0,1.0,0.0,1.0,1.0,2.0,0.0,0.09999999999999999
3d3_L=2.0_S=1.0,2,1,2.0,1.0,1.0,0.0,1.0,2.0,1.0,0.0,-0.0
3d3_L=2.0_S=1.0,2,1,2.0,1.0,1.0,0.0,1.0,2.0,2.0,0.0,-0.0
3d3_L=2.0_S=1.0,2,1,2.0,1.0,1.0,0.0,1.0,3.0,2.0,0.0,0.0
3d3_L=2.0_S=1.0,2,1,2.0,1.0,1.0,0.0,2.0,1.0,1.0,0.0,0.0
3d3_L=2.0_S=1.0,2,1,2.0,1.0,1.0,0.0,2.0,1.0,2.0,0.0,0.5163977794943223
3d3_L=2.0_S=1.0,2,1,2.0,1.0,1.0,0.0,2.0,2.0,0.0,-0.0,0.5477225575051659
3d3_L=2.0_S=1.0,2,1,2.0,1.0,1.0,0.0,2.0,2.0,1.0,0.0,-0.0
3d3_L=2.0_S=1.0,2,1,2.0,1.0,1.0,0.0,2.0,2.0,2.0,0.0,-0.45825756949558394
3d3_L=2.0_S=1.0,2,1,2.0,1.0,1.0,0.0,2.0,3.0,1.0,0.0,-0.0
3d3_L=2.0_S=1.0,2,1,2.0,1.0,1.0,0.0,2.0,3.0,2.0,0.0,0.0
3d3_L=2.0_S=1.0,2,1,2.0,1.0,1.0,0.0,3.0,1.0,2.0,0.0,-0.6110100926607785
3d3_L=2.0_S=1.0,2,1,2.0,1.0,1.0,0.0,3.0,2.0,1.0,0.0,-0.0
3d3_L=2.0_S=1.0,2,1,2.0,1.0,1.0,0.0,3.0,2.0,2.0,0.0,-0.0
3d3_L=2.0_S=1.0,2,1,2.0,1.0,1.0,0.0,3.0,3.0,0.0,-0.0,0.0
3d3_L=2.0_S=1.0,2,1,2.0,1.0,1.0,0.0,3.0,3.0,1.0,0.0,-0.0
3d3_L=2.0_S=1.0,2,1,2.0,1.0,1.0,0.0,3.0,3.0,2.0,0.0,-0.0
3d3_L=2.0_S=1.0,2,1,2.0,1.0,1.0,1.0,1.0,1.0,1.0,1.0,0.43301270189221924
3d3_L=2.0_S=1.0,2,1,2.0,1.0,1.0,1.0,1.0,1.0,2.0,1.0,0.08660254037844387
3d3_L=2.0_S=1.0,2,1,2.0,1.0,1.0,1.0,1.0,2.0,1.0,1.0,-0.0
3d3_L=2.0_S=1.0,2,1,2.0,1.0,1.0,1.0,1.0,2.0,2.0,1.0,-0.0
3d3_L=2.0_S=1.0,2,1,2.0,1.0,1.0,1.0,1.0,3.0,2.0,1.0,0.0
3d3_L=2.0_S=1.0,2,1,2.0,1.0,1.0,1.0,2.0,1.0,1.0,1.0,1.4999999999999996
3d3_L=2.0_S=1.0,2,1,2.0,1.0,1.0,1.0,2.0,1.0,2.0,1.0,0.4472135954999581
3d3_L=2.0_S=1.0,2,1,2.0,1.0,1.0,1.0,2.0,2.0,1.0,1.0,-0.5809475019311123
3d3_L=2.0_S=1.0,2,1,2.0,1.0,1.0,1.0,2.0,2.0,2.0,1.0,-0.3968626966596886
3d3_L=2.0_S=1.0,2,1,2.0,1.0,1.0,1.0,2.0,3.0,1.0,1.0,-0.0
3d3_L=2.0_S=1.0,2,1,2.0,1.0,1.0,1.0,2.0,3.0,2.0,1.0,0.0
3d3_L=2.0_S=1.0,2,1,2.0,1.0,1.0,1.0,3.0,1.0,2.0,1.0,-0.5291502622129182
3d3_L=2.0_S=1.0,2,1,2.0,1.0,1.0,1.0,3.0,2.0,1.0,1.0,-0.0
3d3_L=2.0_S=1.0,2,1,2.0,1.0,1.0,1.0,3.0,2.0,2.0,1.0,-0.0
3d3_L=2.0_S=1.0,2,1,2.0,1.0,1.0,1.0,3.0,3.0,1.0,1.0,-0.0
3d3_L=2.0_S=1.0,2,1,2.0,1.0,1.0,1.0,3.0,3.0,2.0,1.0,-0.0
3d3_L=2.0_S=1.0,2,1,2.0,1.0,2.0,-2.0,1.0,1.0,2.0,-2.0,-0.38729833462074165
3d3_L=2.0_S=1.0,2,1,2.0,1.0,2.0,-2.0,1.0,2.0,2.0,-2.0,-0.0
3d3_L=2.0_S=1.0,2,1,2.0,1.0,2.0,-2.0,1.0,2.0,3.0,-2.0,-0.0
3d3_L=2.0_S=1.0,2,1,2.0,1.0,2.0,-2.0,1.0,3.0,2.0,-2.0,-0.0
3d3_L=2.0_S=1.0,2,1,2.0,1.0,2.0,-2.0,1.0,3.0,3.0,-2.0,-0.0
3d3_L=2.0_S=1.0,2,1,2.0,1.0,2.0,-2.0,2.0,1.0,2.0,-2.0,-2.111111111111111
3d3_L=2.0_S=1.0,2,1,2.0,1.0,2.0,-2.0,2.0,1.0,3.0,-2.0,0.3142696805273545
3d3_L=2.0_S=1.0,2,1,2.0,1.0,2.0,-2.0,2.0,2.0,2.0,-2.0,0.5916079783099615
3d3_L=2.0_S=1.0,2,1,2.0,1.0,2.0,-2.0,2.0,2.0,3.0,-2.0,-0.4472135954999579
3d3_L=2.0_S=1.0,2,1,2.0,1.0,2.0,-2.0,2.0,3.0,2.0,-2.0,-0.0
3d3_L=2.0_S=1.0,2,1,2.0,1.0,2.0,-2.0,2.0,3.0,3.0,-2.0,0.0
3d3_L=2.0_S=1.0,2,1,2.0,1.0,2.0,-2.0,3.0,1.0,2.0,-2.0,-0.26293687924887177
3d3_L=2.0_S=1.0,2,1,2.0,1.0,2.0,-2.0,3.0,1.0,3.0,-2.0,-0.44444444444444436
3d3_L=2.0_S=1.0,2,1,2.0,1.0,2.0,-2.0,3.0,2.0,2.0,-2.0,-0.0
3d3_L=2.0_S=1.0,2,1,2.0,1.0,2.0,-2.0,3.0,2.0,3.0,-2.0,-0.0
3d3_L=2.0_S=1.0,2,1,2.0,1.0,2.0,-2.0,3.0,3.0,2.0,-2.0,-0.0
3d3_L=2.0_S=1.0,2,1,2.0,1.0,2.0,-2.0,3.0,3.0,3.0,-2.0,-0.0
3d3_L=2.0_S=1.0,2,1,2.0,1.0,2.0,-1.0,1.0,1.0,1.0,-1.0,-0.5809475019311126
3d3_L=2.0_S=1.0,2,1,2.0,1.0,2.0,-1.0,1.0,1.0,2.0,-1.0,-0.19364916731037085
3d3_L=2.0_S=1.0,2,1,2.0,1.0,2.0,-1.0,1.0,2.0,1.0,-1.0,-0.0
3d3_L=2.0_S=1.0,2,1,2.0,1.0,2.0,-1.0,1.0,2.0,2.0,-1.0,-0.0
3d3_L=2.0_S=1.0,2,1,2.0,1.0,2.0,-1.0,1.0,2.0,3.0,-1.0,-0.0
3d3_L=2.0_S=1.0,2,1,2.0,1.0,2.0,-1.0,1.0,3.0,2.0,-1.0,-0.0
3d3_L=2.0_S=1.0,2,1,2.0,1.0,2.0,-1.0,1.0,3.0,3.0,-1.0,-0.0
3d3_L=2.0_S=1.0,2,1,2.0,1.0,2.0,-1.0,2.0,1.0,1.0,-1.0,0.4472135954999581
3d3_L=2.0_S=1.0,2,1,2.0,1.0,2.0,-1.0,2.0,1.0,2.0,-1.0,-1.0555555555555556
3d3_L=2.0_S=1.0,2,1,2.0,1.0,2.0,-1.0,2.0,1.0,3.0,-1.0,0.3975231959999626
3d3_L=2.0_S=1.0,2,1,2.0,1.0,2.0,-1.0,2.0,2.0,1.0,-1.0,0.2598076211353316
3d3_L=2.0_S=1.0,2,1,2.0,1.0,2.0,-1.0,2.0,2.0,2.0,-1.0,0.2958039891549808
3d3_L=2.0_S=1.0,2,1,2.0,1.0,2.0,-1.0,2.0,2.0,3.0,-1.0,-0.5656854249492379
3d3_L=2.0_S=1.0,2,1,2.0,1.0,2.0,-1.0,2.0,3.0,1.0,-1.0,0.0
3d3_L=2.0_S=1.0,2,1,2.0,1.0,2.0,-1.0,2.0,3.0,2.0,-1.0,-0.0
3d3_L=2.0_S=1.0,2,1,2.0,1.0,2.0,-1.0,2.0,3.0,3.0,-1.0,0.0
3d3_L=2.0_S=1.0,2,1,2.0,1.0,2.0,-1.0,3.0,1.0,2.0,-1.0,-0.13146843962443588
3d3_L=2.0_S=1.0,2,1,2.0,1.0,2.0,-1.0,3.0,1.0,3.0,-1.0,-0.562182695141045
3d3_L=2.0_S=1.0,2,1,2.0,1.0,2.0,-1.0,3.0,2.0,1.0,-1.0,-0.0
3d3_L=2.0_S=1.0,2,1,2.0,1.0,2.0,-1.0,3.0,2.0,2.0,-1.0,-0.0
3d3_L=2.0_S=1.0,2,1,2.0,1.0,2.0,-1.0,3.0,2.0,3.0,-1.0,-0.0
3d3_L=2.0_S=1.0,2,1,2.0,1.0,2.0,-1.0,3.0,3.0,1.0,-1.0,-0.0
3d3_L=2.0_S=1.0,2,1,2.0,1.0,2.0,-1.0,3.0,3.0,2.0,-1.0,-0.0
3d3_L=2.0_S=1.0,2,1,2.0,1.0,2.0,-1.0,3.0,3.0,3.0,-1.0,-0.0
3d3_L=2.0_S=1.0,2,1,2.0,1.0,2.0,0.0,1.0,1.0,1.0,0.0,-0.6708203932499367
3d3_L=2.0_S=1.0,2,1,2.0,1.0,2.0,0.0,1.0,1.0,2.0,0.0,-0.0
3d3_L=2.0_S=1.0,2,1,2.0,1.0,2.0,0.0,1.0,2.0,1.0,0.0,-0.0
3d3_L=2.0_S=1.0,2,1,2.0,1.0,2.0,0.0,1.0,2.0,2.0,0.0,-0.0
3d3_L=2.0_S=1.0,2,1,2.0,1.0,2.0,0.0,1.0,2.0,3.0,0.0,-0.0
3d3_L=2.0_S=1.0,2,1,2.0,1.0,2.0,0.0,1.0,3.0,2.0,0.0,-0.0
3d3_L=2.0_S=1.0,2,1,2.0,1.0,2.0,0.0,1.0,3.0,3.0,0.0,-0.0
3d3_L=2.0_S=1.0,2,1,2.0,1.0,2.0,0.0,2.0,1.0,1.0,0.0,0.5163977794943223
3d3_L=2.0_S=1.0,2,1,2.0,1.0,2.0,0.0,2.0,1.0,2.0,0.0,-0.0
3d3_L=2.0_S=1.0,2,1,2.0,1.0,2.0,0.0,2.0,1.0,3.0,0.0,0.421637021355784
3d3_L=2.0_S=1.0,2,1,2.0,1.0,2.0,0.0,2.0,2.0,1.0,0.0,0.3
3d3_L=2.0_S=1.0,2,1,2.0,1.0,2.0,0.0,2.0,2.0,2.0,0.0,0.0
3d3_L=2.0_S=1.0,2,1,2.0,1.0,2.0,0.0,2.0,2.0,3.0,0.0,-0.6000000000000001
3d3_L=2.0_S=1.0,2,1,2.0,1.0,2.0,0.0,2.0,3.0,1.0,0.0,0.0
3d3_L=2.0_S=1.0,2,1,2.0,1.0,2.0,0.0,2.0,3.0,2.0,0.0,-0.0
3d3_L=2.0_S=1.0,2,1,2.0,1.0,2.0,0.0,2.0,3.0,3.0,0.0,0.0
3d3_L=2.0_S=1.0,2,1,2.0,1.0,2.0,0.0,3.0,1.0,2.0,0.0,-0.0
3d3_L=2.0_S=1.0,2,1,2.0,1.0,2.0,0.0,3.0,1.0,3.0,0.0,-0.5962847939999438
3d3_L=2.0_S=1.0,2,1,2.0,1.0,2.0,0.0,3.0,2.0,1.0,0.0,-0.0
3d3_L=2.0_S=1.0,2,1,2.0,1.0,2.0,0.0,3.0,2.0,2.0,0.0,-0.0
3d3_L=2.0_S=1.0,2,1,2.0,1.0,2.0,0.0,3.0,2.0,3.0,0.0,-0.0
3d3_L=2.0_S=1.0,2,1,2.0,1.0,2.0,0.0,3.0,3.0,1.0,0.0,-0.0
3d3_L=2.0_S=1.0,2,1,2.0,1.0,2.0,0.0,3.0,3.0,2.0,0.0,-0.0
3d3_L=2.0_S=1.0,2,1,2.0,1.0,2.0,0.0,3.0,3.0,3.0,0.0,-0.0
3d3_L=2.0_S=1.0,2,1,2.0,1.0,2.0,1.0,1.0,1.0,1.0,1.0,-0.5809475019311126
3d3_L=2.0_S=1.0,2,1,2.0,1.0,2.0,1.0,1.0,1.0,2.0,1.0,0.19364916731037085
3d3_L=2.0_S=1.0,2,1,2.0,1.0,2.0,1.0,1.0,2.0,1.0,1.0,-0.0
3d3_L=2.0_S=1.0,2,1,2.0,1.0,2.0,1.0,1.0,2.0,2.0,1.0,0.0
3d3_L=2.0_S=1.0,2,1,2.0,1.0,2.0,1.0,1.0,2.0,3.0,1.0,-0.0
3d3_L=2.0_S=1.0,2,1,2.0,1.0,2.0,1.0,1.0,3.0,2.0,1.0,0.0
3d3_L=2.0_S=1.0,2,1,2.0,1.0,2.0,1.0,1.0,3.0,3.0,1.0,-0.0
3d3_L=2.0_S=1.0,2,1,2.0,1.0,2.0,1.0,2.0,1.0,1.0,1.0,0.4472135954999581
3d3_L=2.0_S=1.0,2,1,2.0,1.0,2.0,1.0,2.0,1.0,2.0,1.0,1.0555555555555556
3d3_L=2.0_S=1.0,2,1,2.0,1.0,2.0,1.0,2.0,1.0,3.0,1.0,0.3975231959999626
3d3_L=2.0_S=1.0,2,1,2.0,1.0,2.0,1.0,2.0,2.0,1.0,1.0,0.2598076211353316
3d3_L=2.0_S=1.0,2,1,2.0,1.0,2.0,1.0,2.0,2.0,2.0,1.0,-0.2958039891549808
3d3_L=2.0_S=1.0,2,1,2.0,1.0,2.0,1.0,2.0,2.0,3.0,1.0,-0.5656854249492379
3d3_L=2.0_S=1.0,2,1,2.0,1.0,2.0,1.0,2.0,3.0,1.0,1.0,0.0
3d3_L=2.0_S=1.0,2,1,2.0,1.0,2.0,1.0,2.0,3.0,2.0,1.0,0.0
3d3_L=2.0_S=1.0,2,1,2.0,1.0,2.0,1.0,2.0,3.0,3.0,1.0,0.0
3d3_L=2.0_S=1.0,2,1,2.0,1.0,2.0,1.0,3.0,1.0,2.0,1.0,0.13146843962443588
3d3_L=2.0_S=1.0,2,1,2.0,1.0,2.0,1.0,3.0,1.0,3.0,1.0,-0.562182695141045
3d3_L=2.0_S=1.0,2,1,2.0,1.0,2.0,1.0,3.0,2.0,1.0,1.0,-0.0
3d3_L=2.0_S=1.0,2,1,2.0,1.0,2.0,1.0,3.0,2.0,2.0,1.0,0.0
3d3_L=2.0_S=1.0,2,1,2.0,1.0,2.0,1.0,3.0,2.0,3.0,1.0,-0.0
3d3_L=2.0_S=1.0,2,1,2.0,1.0,2.0,1.0,3.0,3.0,1.0,1.0,-0.0
3d3_L=2.0_S=1.0,2,1,2.0,1.0,2.0,1.0,3.0,3.0,2.0,1.0,0.0
3d3_L=2.0_S=1.0,2,1,2.0,1.0,2.0,1.0,3.0,3.0,3.0,1.0,-0.0
3d3_L=2.0_S=1.0,2,1,2.0,1.0,2.0,2.0,1.0,1.0,2.0,2.0,0.38729833462074165
3d3_L=2.0_S=1.0,2,1,2.0,1.0,2.0,2.0,1.0,2.0,2.0,2.0,0.0
3d3_L=2.0_S=1.0,2,1,2.0,1.0,2.0,2.0,1.0,2.0,3.0,2.0,-0.0
3d3_L=2.0_S=1.0,2,1,2.0,1.0,2.0,2.0,1.0,3.0,2.0,2.0,0.0
3d3_L=2.0_S=1.0,2,1,2.0,1.0,2.0,2.0,1.0,3.0,3.0,2.0,-0.0
3d3_L=2.0_S=1.0,2,1,2.0,1.0,2.0,2.0,2.0,1.0,2.0,2.0,2.111111111111111
3d3_L=2.0_S=1.0,2,1,2.0,1.0,2.0,2.0,2.0,1.0,3.0,2.0,0.3142696805273545
3d3_L=2.0_S=1.0,2,1,2.0,1.0,2.0,2.0,2.0,2.0,2.0,2.0,-0.5916079783099615
3d3_L=2.0_S=1.0,2,1,2.0,1.0,2.0,2.0,2.0,2.0,3.0,2.0,-0.4472135954999579
3d3_L=2.0_S=1.0,2,1,2.0,1.0,2.0,2.0,2.0,3.0,2.0,2.0,0.0
3d3_L=2.0_S=1.0,2,1,2.0,1.0,2.0,2.0,2.0,3.0,3.0,2.0,0.0
3d3_L=2.0_S=1.0,2,1,2.0,1.0,2.0,2.0,3.0,1.0,2.0,2.0,0.26293687924887177
3d3_L=2.0_S=1.0,2,1,2.0,1.0,2.0,2.0,3.0,1.0,3.0,2.0,-0.44444444444444436
3d3_L=2.0_S=1.0,2,1,2.0,1.0,2.0,2.0,3.0,2.0,2.0,2.0,0.0
3d3_L=2.0_S=1.0,2,1,2.0,1.0,2.0,2.0,3.0,2.0,3.0,2.0,-0.0
3d3_L=2.0_S=1.0,2,1,2.0,1.0,2.0,2.0,3.0,3.0,2.0,2.0,0.0
3d3_L=2.0_S=1.0,2,1,2.0,1.0,2.0,2.0,3.0,3.0,3.0,2.0,-0.0
3d3_L=2.0_S=1.0,2,1,2.0,1.0,3.0,-3.0,1.0,2.0,3.0,-3.0,0.0
3d3_L=2.0_S=1.0,2,1,2.0,1.0,3.0,-3.0,1.0,3.0,3.0,-3.0,0.0
3d3_L=2.0_S=1.0,2,1,2.0,1.0,3.0,-3.0,1.0,3.0,4.0,-3.0,0.0
3d3_L=2.0_S=1.0,2,1,2.0,1.0,3.0,-3.0,2.0,1.0,3.0,-3.0,-2.8333333333333344
3d3_L=2.0_S=1.0,2,1,2.0,1.0,3.0,-3.0,2.0,2.0,3.0,-3.0,0.47434164902525694
3d3_L=2.0_S=1.0,2,1,2.0,1.0,3.0,-3.0,2.0,2.0,4.0,-3.0,-0.47434164902525694
3d3_L=2.0_S=1.0,2,1,2.0,1.0,3.0,-3.0,2.0,3.0,3.0,-3.0,0.0
3d3_L=2.0_S=1.0,2,1,2.0,1.0,3.0,-3.0,2.0,3.0,4.0,-3.0,-0.0
3d3_L=2.0_S=1.0,2,1,2.0,1.0,3.0,-3.0,3.0,1.0,3.0,-3.0,-0.23570226039551587
3d3_L=2.0_S=1.0,2,1,2.0,1.0,3.0,-3.0,3.0,1.0,4.0,-3.0,-0.408248290463863
3d3_L=2.0_S=1.0,2,1,2.0,1.0,3.0,-3.0,3.0,2.0,3.0,-3.0,0.0
3d3_L=2.0_S=1.0,2,1,2.0,1.0,3.0,-3.0,3.0,2.0,4.0,-3.0,-0.0
3d3_L=2.0_S=1.0,2,1,2.0,1.0,3.0,-3.0,3.0,3.0,3.0,-3.0,0.0
3d3_L=2.0_S=1.0,2,1,2.0,1.0,3.0,-3.0,3.0,3.0,4.0,-3.0,-0.0
3d3_L=2.0_S=1.0,2,1,2.0,1.0,3.0,-2.0,1.0,1.0,2.0,-2.0,-0.5477225575051662
3d3_L=2.0_S=1.0,2,1,2.0,1.0,3.0,-2.0,1.0,2.0,2.0,-2.0,0.0
3d3_L=2.0_S=1.0,2,1,2.0,1.0,3.0,-2.0,1.0,2.0,3.0,-2.0,0.0
3d3_L=2.0_S=1.0,2,1,2.0,1.0,3.0,-2.0,1.0,3.0,2.0,-2.0,-0.0
3d3_L=2.0_S=1.0,2,1,2.0,1.0,3.0,-2.0,1.0,3.0,3.0,-2.0,0.0
3d3_L=2.0_S=1.0,2,1,2.0,1.0,3.0,-2.0,1.0,3.0,4.0,-2.0,0.0
3d3_L=2.0_S=1.0,2,1,2.0,1.0,3.0,-2.0,2.0,1.0,2.0,-2.0,0.3142696805273546
3d3_L=2.0_S=1.0,2,1,2.0,1.0,3.0,-2.0,2.0,1.0,3.0,-2.0,-1.888888888888889
3d3_L=2.0_S=1.0,2,1,2.0,1.0,3.0,-2.0,2.0,2.0,2.0,-2.0,0.11952286093343936
3d3_L=2.0_S=1.0,2,1,2.0,1.0,3.0,-2.0,2.0,2.0,3.0,-2.0,0.3162277660168379
3d3_L=2.0_S=1.0,2,1,2.0,1.0,3.0,-2.0,2.0,2.0,4.0,-2.0,-0.6210590034081187
3d3_L=2.0_S=1.0,2,1,2.0,1.0,3.0,-2.0,2.0,3.0,2.0,-2.0,0.0
3d3_L=2.0_S=1.0,2,1,2.0,1.0,3.0,-2.0,2.0,3.0,3.0,-2.0,0.0
3d3_L=2.0_S=1.0,2,1,2.0,1.0,3.0,-2.0,2.0,3.0,4.0,-2.0,-0.0
3d3_L=2.0_S=1.0,2,1,2.0,1.0,3.0,-2.0,3.0,1.0,2.0,-2.0,0.026560635762986524
3d3_L=2.0_S=1.0,2,1,2.0,1.0,3.0,-2.0,3.0,1.0,3.0,-2.0,-0.15713484026367722
3d3_L=2.0_S=1.0,2,1,2.0,1.0,3.0,-2.0,3.0,1.0,4.0,-2.0,-0.5345224838248487
3d3_L=2.0_S=1.0,2,1,2.0,1.0,3.0,-2.0,3.0,2.0,2.0,-2.0,0.0
3d3_L=2.0_S=1.0,2,1,2.0,1.0,3.0,-2.0,3.0,2.0,3.0,-2.0,0.0
3d3_L=2.0_S=1.0,2,1,2.0,1.0,3.0,-2.0,3.0,2.0,4.0,-2.0,-0.0
3d3_L=2.0_S=1.0,2,1,2.0,1.0,3.0,-2.0,3.0,3.0,2.0,-2.0,0.0
3d3_L=2.0_S=1.0,2,1,2.0,1.0,3.0,-2.0,3.0,3.0,3.0,-2.0,0.0
3d3_L=2.0_S=1.0,2,1,2.0,1.0,3.0,-2.0,3.0,3.0,4.0,-2.0,-0.0
3d3_L=2.0_S=1.0,2,1,2.0,1.0,3.0,-1.0,1.0,1.0,2.0,-1.0,-0.6928203230275509
3d3_L=2.0_S=1.0,2,1,2.0,1.0,3.0,-1.0,1.0,2.0,2.0,-1.0,0.0
3d3_L=2.0_S=1.0,2,1,2.0,1.0,3.0,-1.0,1.0,2.0,3.0,-1.0,0.0
3d3_L=2.0_S=1.0,2,1,2.0,1.0,3.0,-1.0,1.0,3.0,2.0,-1.0,-0.0
3d3_L=2.0_S=1.0,2,1,2.0,1.0,3.0,-1.0,1.0,3.0,3.0,-1.0,0.0
3d3_L=2.0_S=1.0,2,1,2.0,1.0,3.0,-1.0,1.0,3.0,4.0,-1.0,0.0
3d3_L=2.0_S=1.0,2,1,2.0,1.0,3.0,-1.0,2.0,1.0,2.0,-1.0,0.3975231959999627
3d3_L=2.0_S=1.0,2,1,2.0,1.0,3.0,-1.0,2.0,1.0,3.0,-1.0,-0.9444444444444445
3d3_L=2.0_S=1.0,2,1,2.0,1.0,3.0,-1.0,2.0,2.0,2.0,-1.0,0.15118578920369086
3d3_L=2.0_S=1.0,2,1,2.0,1.0,3.0,-1.0,2.0,2.0,3.0,-1.0,0.15811388300841894
3d3_L=2.0_S=1.0,2,1,2.0,1.0,3.0,-1.0,2.0,2.0,4.0,-1.0,-0.6943650748294136
3d3_L=2.0_S=1.0,2,1,2.0,1.0,3.0,-1.0,2.0,3.0,2.0,-1.0,0.0
3d3_L=2.0_S=1.0,2,1,2.0,1.0,3.0,-1.0,2.0,3.0,3.0,-1.0,0.0
3d3_L=2.0_S=1.0,2,1,2.0,1.0,3.0,-1.0,2.0,3.0,4.0,-1.0,-0.0
3d3_L=2.0_S=1.0,2,1,2.0,1.0,3.0,-1.0,3.0,1.0,2.0,-1.0,0.03359684204526464
3d3_L=2.0_S=1.0,2,1,2.0,1.0,3.0,-1.0,3.0,1.0,3.0,-1.0,-0.07856742013183861
3d3_L=2.0_S=1.0,2,1,2.0,1.0,3.0,-1.0,3.0,1.0,4.0,-1.0,-0.5976143046671968
3d3_L=2.0_S=1.0,2,1,2.0,1.0,3.0,-1.0,3.0,2.0,2.0,-1.0,0.0
3d3_L=2.0_S=1.0,2,1,2.0,1.0,3.0,-1.0,3.0,2.0,3.0,-1.0,0.0
3d3_L=2.0_S=1.0,2,1,2.0,1.0,3.0,-1.0,3.0,2.0,4.0,-1.0,-0.0
3d3_L=2.0_S=1.0,2,1,2.0,1.0,3.0,-1.0,3.0,3.0,2.0,-1.0,0.0
3d3_L=2.0_S=1.0,2,1,2.0,1.0,3.0,-1.0,3.0,3.0,3.0,-1.0,0.0
3d3_L=2.0_S=1.0,2,1,2.0,1.0,3.0,-1.0,3.0,3.0,4.0,-1.0,-0.0
3d3_L=2.0_S=1.0,2,1,2.0,1.0,3.0,0.0,1.0,1.0,2.0,0.0,-0.7348469228349536
3d3_L=2.0_S=1.0,2,1,2.0,1.0,3.0,0.0,1.0,2.0,2.0,0.0,0.0
3d3_L=2.0_S=1.0,2,1,2.0,1.0,3.0,0.0,1.0,2.0,3.0,0.0,-0.0
3d3_L=2.0_S=1.0,2,1,2.0,1.0,3.0,0.0,1.0,3.0,2.0,0.0,-0.0
3d3_L=2.0_S=1.0,2,1,2.0,1.0,3.0,0.0,1.0,3.0,3.0,0.0,-0.0
3d3_L=2.0_S=1.0,2,1,2.0,1.0,3.0,0.0,1.0,3.0,4.0,0.0,0.0
3d3_L=2.0_S=1.0,2,1,2.0,1.0,3.0,0.0,2.0,1.0,2.0,0.0,0.4216370213557841
3d3_L=2.0_S=1.0,2,1,2.0,1.0,3.0,0.0,2.0,1.0,3.0,0.0,0.0
3d3_L=2.0_S=1.0,2,1,2.0,1.0,3.0,0.0,2.0,2.0,2.0,0.0,0.16035674514745463
3d3_L=2.0_S=1.0,2,1,2.0,1.0,3.0,0.0,2.0,2.0,3.0,0.0,-0.0
3d3_L=2.0_S=1.0,2,1,2.0,1.0,3.0,0.0,2.0,2.0,4.0,0.0,-0.7171371656006362
3d3_L=2.0_S=1.0,2,1,2.0,1.0,3.0,0.0,2.0,3.0,2.0,0.0,0.0
3d3_L=2.0_S=1.0,2,1,2.0,1.0,3.0,0.0,2.0,3.0,3.0,0.0,-0.0
3d3_L=2.0_S=1.0,2,1,2.0,1.0,3.0,0.0,2.0,3.0,4.0,0.0,-0.0
3d3_L=2.0_S=1.0,2,1,2.0,1.0,3.0,0.0,3.0,1.0,2.0,0.0,0.03563483225498992
3d3_L=2.0_S=1.0,2,1,2.0,1.0,3.0,0.0,3.0,1.0,3.0,0.0,0.0
3d3_L=2.0_S=1.0,2,1,2.0,1.0,3.0,0.0,3.0,1.0,4.0,0.0,-0.6172133998483676
3d3_L=2.0_S=1.0,2,1,2.0,1.0,3.0,0.0,3.0,2.0,2.0,0.0,0.0
3d3_L=2.0_S=1.0,2,1,2.0,1.0,3.0,0.0,3.0,2.0,3.0,0.0,-0.0
3d3_L=2.0_S=1.0,2,1,2.0,1.0,3.0,0.0,3.0,2.0,4.0,0.0,-0.0
3d3_L=2.0_S=1.0,2,1,2.0,1.0,3.0,0.0,3.0,3.0,2.0,0.0,0.0
3d3_L=2.0_S=1.0,2,1,2.0,1.0,3.0,0.0,3.0,3.0,3.0,0.0,-0.0
3d3_L=2.0_S=1.0,2,1,2.0,1.0,3.0,0.0,3.0,3.0,4.0,0.0,-0.0
3d3_L=2.0_S=1.0,2,1,2.0,1.0,3.0,1.0,1.0,1.0,2.0,1.0,-0.6928203230275509
3d3_L=2.0_S=1.0,2,1,2.0,1.0,3.0,1.0,1.0,2.0,2.0,1.0,0.0
3d3_L=2.0_S=1.0,2,1,2.0,1.0,3.0,1.0,1.0,2.0,3.0,1.0,-0.0
3d3_L=2.0_S=1.0,2,1,2.0,1.0,3.0,1.0,1.0,3.0,2.0,1.0,-0.0
3d3_L=2.0_S=1.0,2,1,2.0,1.0,3.0,1.0,1.0,3.0,3.0,1.0,-0.0
3d3_L=2.0_S=1.0,2,1,2.0,1.0,3.0,1.0,1.0,3.0,4.0,1.0,0.0
3d3_L=2.0_S=1.0,2,1,2.0,1.0,3.0,1.0,2.0,1.0,2.0,1.0,0.3975231959999627
3d3_L=2.0_S=1.0,2,1,2.0,1.0,3.0,1.0,2.0,1.0,3.0,1.0,0.9444444444444445
3d3_L=2.0_S=1.0,2,1,2.0,1.0,3.0,1.0,2.0,2.0,2.0,1.0,0.15118578920369086
3d3_L=2.0_S=1.0,2,1,2.0,1.0,3.0,1.0,2.0,2.0,3.0,1.0,-0.15811388300841894
3d3_L=2.0_S=1.0,2,1,2.0,1.0,3.0,1.0,2.0,2.0,4.0,1.0,-0.6943650748294136
3d3_L=2.0_S=1.0,2,1,2.0,1.0,3.0,1.0,2.0,3.0,2.0,1.0,0.0
3d3_L=2.0_S=1.0,2,1,2.0,1.0,3.0,1.0,2.0,3.0,3.0,1.0,-0.0
3d3_L=2.0_S=1.0,2,1,2.0,1.0,3.0,1.0,2.0,3.0,4.0,1.0,-0.0
3d3_L=2.0_S=1.0,2,1,2.0,1.0,3.0,1.0,3.0,1.0,2.0,1.0,0.03359684204526464
3d3_L=2.0_S=1.0,2,1,2.0,1.0,3.0,1.0,3.0,1.0,3.0,1.0,0.07856742013183861
3d3_L=2.0_S=1.0,2,1,2.0,1.0,3.0,1.0,3.0,1.0,4.0,1.0,-0.5976143046671968
3d3_L=2.0_S=1.0,2,1,2.0,1.0,3.0,1.0,3.0,2.0,2.0,1.0,0.0
3d3_L=2.0_S=1.0,2,1,2.0,1.0,3.0,1.0,3.0,2.0,3.0,1.0,-0.0
3d3_L=2.0_S=1.0,2,1,2.0,1.0,3.0,1.0,3.0,2.0,4.0,1.0,-0.0
3d3_L=2.0_S=1.0,2,1,2.0,1.0,3.0,1.0,3.0,3.0,2.0,1.0,0.0
3d3_L=2.0_S=1.0,2,1,2.0,1.0,3.0,1.0,3.0,3.0,3.0,1.0,-0.0
3d3_L=2.0_S=1.0,2,1,2.0,1.0,3.0,1.0,3.0,3.0,4.0,1.0,-0.0
3d3_L=2.0_S=1.0,2,1,2.0,1.0,3.0,2.0,1.0,1.0,2.0,2.0,-0.5477225575051662
3d3_L=2.0_S=1.0,2,1,2.0,1.0,3.0,2.0,1.0,2.0,2.0,2.0,0.0
3d3_L=2.0_S=1.0,2,1,2.0,1.0,3.0,2.0,1.0,2.0,3.0,2.0,-0.0
3d3_L=2.0_S=1.0,2,1,2.0,1.0,3.0,2.0,1.0,3.0,2.0,2.0,-0.0
3d3_L=2.0_S=1.0,2,1,2.0,1.0,3.0,2.0,1.0,3.0,3.0,2.0,-0.0
3d3_L=2.0_S=1.0,2,1,2.0,1.0,3.0,2.0,1.0,3.0,4.0,2.0,0.0
3d3_L=2.0_S=1.0,2,1,2.0,1.0,3.0,2.0,2.0,1.0,2.0,2.0,0.3142696805273546
3d3_L=2.0_S=1.0,2,1,2.0,1.0,3.0,2.0,2.0,1.0,3.0,2.0,1.888888888888889
3d3_L=2.0_S=1.0,2,1,2.0,1.0,3.0,2.0,2.0,2.0,2.0,2.0,0.11952286093343936
3d3_L=2.0_S=1.0,2,1,2.0,1.0,3.0,2.0,2.0,2.0,3.0,2.0,-0.3162277660168379
3d3_L=2.0_S=1.0,2,1,2.0,1.0,3.0,2.0,2.0,2.0,4.0,2.0,-0.6210590034081187
3d3_L=2.0_S=1.0,2,1,2.0,1.0,3.0,2.0,2.0,3.0,2.0,2.0,0.0
3d3_L=2.0_S=1.0,2,1,2.0,1.0,3.0,2.0,2.0,3.0,3.0,2.0,-0.0
3d3_L=2.0_S=1.0,2,1,2.0,1.0,3.0,2.0,2.0,3.0,4.0,2.0,-0.0
3d3_L=2.0_S=1.0,2,1,2.0,1.0,3.0,2.0,3.0,1.0,2.0,2.0,0.026560635762986524
3d3_L=2.0_S=1.0,2,1,2.0,1.0,3.0,2.0,3.0,1.0,3.0,2.0,0.15713484026367722
3d3_L=2.0_S=1.0,2,1,2.0,1.0,3.0,2.0,3.0,1.0,4.0,2.0,-0.5345224838248487
3d3_L=2.0_S=1.0,2,1,2.0,1.0,3.0,2.0,3.0,2.0,2.0,2.0,0.0
3d3_L=2.0_S=1.0,2,1,2.0,1.0,3.0,2.0,3.0,2.0,3.0,2.0,-0.0
3d3_L=2.0_S=1.0,2,1,2.0,1.0,3.0,2.0,3.0,2.0,4.0,2.0,-0.0
3d3_L=2.0_S=1.0,2,1,2.0,1.0,3.0,2.0,3.0,3.0,2.0,2.0,0.0
3d3_L=2.0_S=1.0,2,1,2.0,1.0,3.0,2.0,3.0,3.0,3.0,2.0,-0.0
3d3_L=2.0_S=1.0,2,1,2.0,1.0,3.0,2.0,3.0,3.0,4.0,2.0,-0.0
3d3_L=2.0_S=1.0,2,1,2.0,1.0,3.0,3.0,1.0,2.0,3.0,3.0,-0.0
3d3_L=2.0_S=1.0,2,1,2.0,1.0,3.0,3.0,1.0,3.0,3.0,3.0,-0.0
3d3_L=2.0_S=1.0,2,1,2.0,1.0,3.0,3.0,1.0,3.0,4.0,3.0,0.0
3d3_L=2.0_S=1.0,2,1,2.0,1.0,3.0,3.0,2.0,1.0,3.0,3.0,2.8333333333333344
3d3_L=2.0_S=1.0,2,1,2.0,1.0,3.0,3.0,2.0,2.0,3.0,3.0,-0.47434164902525694
3d3_L=2.0_S=1.0,2,1,2.0,1.0,3.0,3.0,2.0,2.0,4.0,3.0,-0.47434164902525694
3d3_L=2.0_S=1.0,2,1,2.0,1.0,3.0,3.0,2.0,3.0,3.0,3.0,-0.0
3d3_L=2.0_S=1.0,2,1,2.0,1.0,3.0,3.0,2.0,3.0,4.0,3.0,-0.0
3d3_L=2.0_S=1.0,2,1,2.0,1.0,3.0,3.0,3.0,1.0,3.0,3.0,0.23570226039551587
3d3_L=2.0_S=1.0,2,1,2.0,1.0,3.0,3.0,3.0,1.0,4.0,3.0,-0.408248290463863
3d3_L=2.0_S=1.0,2,1,2.0,1.0,3.0,3.0,3.0,2.0,3.0,3.0,-0.0
3d3_L=2.0_S=1.0,2,1,2.0,1.0,3.0,3.0,3.0,2.0,4.0,3.0,-0.0
3d3_L=2.0_S=1.0,2,1,2.0,1.0,3.0,3.0,3.0,3.0,3.0,3.0,-0.0
3d3_L=2.0_S=1.0,2,1,2.0,1.0,3.0,3.0,3.0,3.0,4.0,3.0,-0.0
3d3_L=2.0_S=1.0,2,1,2.0,2.0,0.0,-0.0,1.0,1.0,1.0,0.0,0.0
3d3_L=2.0_S=1.0,2,1,2.0,2.0,0.0,-0.0,1.0,2.0,1.0,0.0,0.5477225575051659
3d3_L=2.0_S=1.0,2,1,2.0,2.0,0.0,-0.0,2.0,1.0,1.0,0.0,0.5477225575051659
3d3_L=2.0_S=1.0,2,1,2.0,2.0,0.0,-0.0,2.0,2.0,1.0,0.0,-0.0
3d3_L=2.0_S=1.0,2,1,2.0,2.0,0.0,-0.0,2.0,3.0,1.0,0.0,-0.5577733510227169
3d3_L=2.0_S=1.0,2,1,2.0,2.0,0.0,-0.0,3.0,2.0,1.0,0.0,-0.5577733510227167
3d3_L=2.0_S=1.0,2,1,2.0,2.0,0.0,-0.0,3.0,3.0,1.0,0.0,-0.0
3d3_L=2.0_S=1.0,2,1,2.0,2.0,1.0,-1.0,1.0,1.0,1.0,-1.0,-0.0
3d3_L=2.0_S=1.0,2,1,2.0,2.0,1.0,-1.0,1.0,1.0,2.0,-1.0,0.0
3d3_L=2.0_S=1.0,2,1,2.0,2.0,1.0,-1.0,1.0,2.0,1.0,-1.0,-0.5809475019311123
3d3_L=2.0_S=1.0,2,1,2.0,2.0,1.0,-1.0,1.0,2.0,2.0,-1.0,0.2598076211353316
3d3_L=2.0_S=1.0,2,1,2.0,2.0,1.0,-1.0,1.0,3.0,2.0,-1.0,0.0
3d3_L=2.0_S=1.0,2,1,2.0,2.0,1.0,-1.0,2.0,1.0,1.0,-1.0,0.5809475019311123
3d3_L=2.0_S=1.0,2,1,2.0,2.0,1.0,-1.0,2.0,1.0,2.0,-1.0,0.2598076211353316
3d3_L=2.0_S=1.0,2,1,2.0,2.0,1.0,-1.0,2.0,2.0,1.0,-1.0,-1.1666666666666665
3d3_L=2.0_S=1.0,2,1,2.0,2.0,1.0,-1.0,2.0,2.0,2.0,-1.0,0.0
3d3_L=2.0_S=1.0,2,1,2.0,2.0,1.0,-1.0,2.0,3.0,1.0,-1.0,0.39440531887330776
3d3_L=2.0_S=1.0,2,1,2.0,2.0,1.0,-1.0,2.0,3.0,2.0,-1.0,-0.4320493798938575
3d3_L=2.0_S=1.0,2,1,2.0,2.0,1.0,-1.0,3.0,1.0,2.0,-1.0,0.0
3d3_L=2.0_S=1.0,2,1,2.0,2.0,1.0,-1.0,3.0,2.0,1.0,-1.0,-0.39440531887330765
3d3_L=2.0_S=1.0,2,1,2.0,2.0,1.0,-1.0,3.0,2.0,2.0,-1.0,-0.43204937989385733
3d3_L=2.0_S=1.0,2,1,2.0,2.0,1.0,-1.0,3.0,3.0,1.0,-1.0,-0.0
3d3_L=2.0_S=1.0,2,1,2.0,2.0,1.0,-1.0,3.0,3.0,2.0,-1.0,-0.0
3d3_L=2.0_S=1.0,2,1,2.0,2.0,1.0,0.0,1.0,1.0,0.0,-0.0,0.0
3d3_L=2.0_S=1.0,2,1,2.0,2.0,1.0,0.0,1.0,1.0,1.0,0.0,0.0
3d3_L=2.0_S=1.0,2,1,2.0,2.0,1.0,0.0,1.0,1.0,2.0,0.0,0.0
3d3_L=2.0_S=1.0,2,1,2.0,2.0,1.0,0.0,1.0,2.0,1.0,0.0,0.0
3d3_L=2.0_S=1.0,2,1,2.0,2.0,1.0,0.0,1.0,2.0,2.0,0.0,0.3
3d3_L=2.0_S=1.0,2,1,2.0,2.0,1.0,0.0,1.0,3.0,2.0,0.0,0.0
3d3_L=2.0_S=1.0,2,1,2.0,2.0,1.0,0.0,2.0,1.0,1.0,0.0,-0.0
3d3_L=2.0_S=1.0,2,1,2.0,2.0,1.0,0.0,2.0,1.0,2.0,0.0,0.3
3d3_L=2.0_S=1.0,2,1,2.0,2.0,1.0,0.0,2.0,2.0,0.0,-0.0,-0.0
3d3_L=2.0_S=1.0,2,1,2.0,2.0,1.0,0.0,2.0,2.0,1.0,0.0,0.0
3d3_L=2.0_S=1.0,2,1,2.0,2.0,1.0,0.0,2.0,2.0,2.0,0.0,0.0
3d3_L=2.0_S=1.0,2,1,2.0,2.0,1.0,0.0,2.0,3.0,1.0,0.0,-0.0
3d3_L=2.0_S=1.0,2,1,2.0,2.0,1.0,0.0,2.0,3.0,2.0,0.0,-0.4988876515698589
3d3_L=2.0_S=1.0,2,1,2.0,2.0,1.0,0.0,3.0,1.0,2.0,0.0,0.0
3d3_L=2.0_S=1.0,2,1,2.0,2.0,1.0,0.0,3.0,2.0,1.0,0.0,0.0
3d3_L=2.0_S=1.0,2,1,2.0,2.0,1.0,0.0,3.0,2.0,2.0,0.0,-0.49888765156985876
3d3_L=2.0_S=1.0,2,1,2.0,2.0,1.0,0.0,3.0,3.0,0.0,-0.0,-0.0
3d3_L=2.0_S=1.0,2,1,2.0,2.0,1.0,0.0,3.0,3.0,1.0,0.0,0.0
3d3_L=2.0_S=1.0,2,1,2.0,2.0,1.0,0.0,3.0,3.0,2.0,0.0,-0.0
3d3_L=2.0_S=1.0,2,1,2.0,2.0,1.0,1.0,1.0,1.0,1.0,1.0,0.0
3d3_L=2.0_S=1.0,2,1,2.0,2.0,1.0,1.0,1.0,1.0,2.0,1.0,0.0
3d3_L=2.0_S=1.0,2,1,2.0,2.0,1.0,1.0,1.0,2.0,1.0,1.0,0.5809475019311123
3d3_L=2.0_S=1.0,2,1,2.0,2.0,1.0,1.0,1.0,2.0,2.0,1.0,0.2598076211353316
3d3_L=2.0_S=1.0,2,1,2.0,2.0,1.0,1.0,1.0,3.0,2.0,1.0,0.0
3d3_L=2.0_S=1.0,2,1,2.0,2.0,1.0,1.0,2.0,1.0,1.0,1.0,-0.5809475019311123
3d3_L=2.0_S=1.0,2,1,2.0,2.0,1.0,1.0,2.0,1.0,2.0,1.0,0.2598076211353316
3d3_L=2.0_S=1.0,2,1,2.0,2.0,1.0,1.0,2.0,2.0,1.0,1.0,1.1666666666666665
3d3_L=2.0_S=1.0,2,1,2.0,2.0,1.0,1.0,2.0,2.0,2.0,1.0,0.0
3d3_L=2.0_S=1.0,2,1,2.0,2.0,1.0,1.0,2.0,3.0,1.0,1.0,-0.39440531887330776
3d3_L=2.0_S=1.0,2,1,2.0,2.0,1.0,1.0,2.0,3.0,2.0,1.0,-0.4320493798938575
3d3_L=2.0_S=1.0,2,1,2.0,2.0,1.0,1.0,3.0,1.0,2.0,1.0,0.0
3d3_L=2.0_S=1.0,2,1,2.0,2.0,1.0,1.0,3.0,2.0,1.0,1.0,0.39440531887330765
3d3_L=2.0_S=1.0,2,1,2.0,2.0,1.0,1.0,3.0,2.0,2.0,1.0,-0.43204937989385733
3d3_L=2.0_S=1.0,2,1,2.0,2.0,1.0,1.0,3.0,3.0,1.0,1.0,0.0
3d3_L=2.0_S=1.0,2,1,2.0,2.0,1.0,1.0,3.0,3.0,2.0,1.0,-0.0
3d3_L=2.0_S=1.0,2,1,2.0,2.0,2.0,-2.0,1.0,1.0,2.0,-2.0,0.0
3d3_L=2.0_S=1.0,2,1,2.0,2.0,2.0,-2.0,1.0,2.0,2.0,-2.0,-0.5916079783099615
3d3_L=2.0_S=1.0,2,1,2.0,2.0,2.0,-2.0,1.0,2.0,3.0,-2.0,0.11952286093343936
3d3_L=2.0_S=1.0,2,1,2.0,2.0,2.0,-2.0,1.0,3.0,2.0,-2.0,0.0
3d3_L=2.0_S=1.0,2,1,2.0,2.0,2.0,-2.0,1.0,3.0,3.0,-2.0,-0.0
3d3_L=2.0_S=1.0,2,1,2.0,2.0,2.0,-2.0,2.0,1.0,2.0,-2.0,0.5916079783099615
3d3_L=2.0_S=1.0,2,1,2.0,2.0,2.0,-2.0,2.0,1.0,3.0,-2.0,0.11952286093343936
3d3_L=2.0_S=1.0,2,1,2.0,2.0,2.0,-2.0,2.0,2.0,2.0,-2.0,-2.333333333333333
3d3_L=2.0_S=1.0,2,1,2.0,2.0,2.0,-2.0,2.0,2.0,3.0,-2.0,-0.0
3d3_L=2.0_S=1.0,2,1,2.0,2.0,2.0,-2.0,2.0,3.0,2.0,-2.0,0.42163702135578396
3d3_L=2.0_S=1.0,2,1,2.0,2.0,2.0,-2.0,2.0,3.0,3.0,-2.0,-0.3903600291794133
3d3_L=2.0_S=1.0,2,1,2.0,2.0,2.0,-2.0,3.0,1.0,2.0,-2.0,0.0
3d3_L=2.0_S=1.0,2,1,2.0,2.0,2.0,-2.0,3.0,1.0,3.0,-2.0,-0.0
3d3_L=2.0_S=1.0,2,1,2.0,2.0,2.0,-2.0,3.0,2.0,2.0,-2.0,-0.4216370213557839
3d3_L=2.0_S=1.0,2,1,2.0,2.0,2.0,-2.0,3.0,2.0,3.0,-2.0,-0.39036002917941326
3d3_L=2.0_S=1.0,2,1,2.0,2.0,2.0,-2.0,3.0,3.0,2.0,-2.0,0.0
3d3_L=2.0_S=1.0,2,1,2.0,2.0,2.0,-2.0,3.0,3.0,3.0,-2.0,-0.0
3d3_L=2.0_S=1.0,2,1,2.0,2.0,2.0,-1.0,1.0,1.0,1.0,-1.0,-0.0
3d3_L=2.0_S=1.0,2,1,2.0,2.0,2.0,-1.0,1.0,1.0,2.0,-1.0,0.0
3d3_L=2.0_S=1.0,2,1,2.0,2.0,2.0,-1.0,1.0,2.0,1.0,-1.0,-0.3968626966596886
3d3_L=2.0_S=1.0,2,1,2.0,2.0,2.0,-1.0,1.0,2.0,2.0,-1.0,-0.2958039891549808
3d3_L=2.0_S=1.0,2,1,2.0,2.0,2.0,-1.0,1.0,2.0,3.0,-1.0,0.15118578920369086
3d3_L=2.0_S=1.0,2,1,2.0,2.0,2.0,-1.0,1.0,3.0,2.0,-1.0,0.0
3d3_L=2.0_S=1.0,2,1,2.0,2.0,2.0,-1.0,1.0,3.0,3.0,-1.0,-0.0
3d3_L=2.0_S=1.0,2,1,2.0,2.0,2.0,-1.0,2.0,1.0,1.0,-1.0,-0.3968626966596886
3d3_L=2.0_S=1.0,2,1,2.0,2.0,2.0,-1.0,2.0,1.0,2.0,-1.0,0.2958039891549808
3d3_L=2.0_S=1.0,2,1,2.0,2.0,2.0,-1.0,2.0,1.0,3.0,-1.0,0.15118578920369086
3d3_L=2.0_S=1.0,2,1,2.0,2.0,2.0,-1.0,2.0,2.0,1.0,-1.0,0.0
3d3_L=2.0_S=1.0,2,1,2.0,2.0,2.0,-1.0,2.0,2.0,2.0,-1.0,-1.1666666666666667
3d3_L=2.0_S=1.0,2,1,2.0,2.0,2.0,-1.0,2.0,2.0,3.0,-1.0,-0.0
3d3_L=2.0_S=1.0,2,1,2.0,2.0,2.0,-1.0,2.0,3.0,1.0,-1.0,0.11547005383792518
3d3_L=2.0_S=1.0,2,1,2.0,2.0,2.0,-1.0,2.0,3.0,2.0,-1.0,0.210818510677892
3d3_L=2.0_S=1.0,2,1,2.0,2.0,2.0,-1.0,2.0,3.0,3.0,-1.0,-0.49377071987869414
3d3_L=2.0_S=1.0,2,1,2.0,2.0,2.0,-1.0,3.0,1.0,2.0,-1.0,0.0
3d3_L=2.0_S=1.0,2,1,2.0,2.0,2.0,-1.0,3.0,1.0,3.0,-1.0,-0.0
3d3_L=2.0_S=1.0,2,1,2.0,2.0,2.0,-1.0,3.0,2.0,1.0,-1.0,0.11547005383792515
3d3_L=2.0_S=1.0,2,1,2.0,2.0,2.0,-1.0,3.0,2.0,2.0,-1.0,-0.21081851067789198
3d3_L=2.0_S=1.0,2,1,2.0,2.0,2.0,-1.0,3.0,2.0,3.0,-1.0,-0.49377071987869403
3d3_L=2.0_S=1.0,2,1,2.0,2.0,2.0,-1.0,3.0,3.0,1.0,-1.0,0.0
3d3_L=2.0_S=1.0,2,1,2.0,2.0,2.0,-1.0,3.0,3.0,2.0,-1.0,0.0
3d3_L=2.0_S=1.0,2,1,2.0,2.0,2.0,-1.0,3.0,3.0,3.0,-1.0,-0.0
3d3_L=2.0_S=1.0,2,1,2.0,2.0,2.0,0.0,1.0,1.0,1.0,0.0,-0.0
3d3_L=2.0_S=1.0,2,1,2.0,2.0,2.0,0.0,1.0,1.0,2.0,0.0,0.0
3d3_L=2.0_S=1.0,2,1,2.0,2.0,2.0,0.0,1.0,2.0,1.0,0.0,-0.45825756949558394
3d3_L=2.0_S=1.0,2,1,2.0,2.0,2.0,0.0,1.0,2.0,2.0,0.0,-0.0
3d3_L=2.0_S=1.0,2,1,2.0,2.0,2.0,0.0,1.0,2.0,3.0,0.0,0.16035674514745463
3d3_L=2.0_S=1.0,2,1,2.0,2.0,2.0,0.0,1.0,3.0,2.0,0.0,0.0
3d3_L=2.0_S=1.0,2,1,2.0,2.0,2.0,0.0,1.0,3.0,3.0,0.0,-0.0
3d3_L=2.0_S=1.0,2,1,2.0,2.0,2.0,0.0,2.0,1.0,1.0,0.0,-0.45825756949558394
3d3_L=2.0_S=1.0,2,1,2.0,2.0,2.0,0.0,2.0,1.0,2.0,0.0,0.0
3d3_L=2.0_S=1.0,2,1,2.0,2.0,2.0,0.0,2.0,1.0,3.0,0.0,0.16035674514745463
3d3_L=2.0_S=1.0,2,1,2.0,2.0,2.0,0.0,2.0,2.0,1.0,0.0,0.0
3d3_L=2.0_S=1.0,2,1,2.0,2.0,2.0,0.0,2.0,2.0,2.0,0.0,-0.0
3d3_L=2.0_S=1.0,2,1,2.0,2.0,2.0,0.0,2.0,2.0,3.0,0.0,-0.0
3d3_L=2.0_S=1.0,2,1,2.0,2.0,2.0,0.0,2.0,3.0,1.0,0.0,0.13333333333333333
3d3_L=2.0_S=1.0,2,1,2.0,2.0,2.0,0.0,2.0,3.0,2.0,0.0,0.0
3d3_L=2.0_S=1.0,2,1,2.0,2.0,2.0,0.0,2.0,3.0,3.0,0.0,-0.5237229365663818
3d3_L=2.0_S=1.0,2,1,2.0,2.0,2.0,0.0,3.0,1.0,2.0,0.0,0.0
3d3_L=2.0_S=1.0,2,1,2.0,2.0,2.0,0.0,3.0,1.0,3.0,0.0,-0.0
3d3_L=2.0_S=1.0,2,1,2.0,2.0,2.0,0.0,3.0,2.0,1.0,0.0,0.1333333333333333
3d3_L=2.0_S=1.0,2,1,2.0,2.0,2.0,0.0,3.0,2.0,2.0,0.0,-0.0
3d3_L=2.0_S=1.0,2,1,2.0,2.0,2.0,0.0,3.0,2.0,3.0,0.0,-0.5237229365663817
3d3_L=2.0_S=1.0,2,1,2.0,2.0,2.0,0.0,3.0,3.0,1.0,0.0,0.0
3d3_L=2.0_S=1.0,2,1,2.0,2.0,2.0,0.0,3.0,3.0,2.0,0.0,0.0
3d3_L=2.0_S=1.0,2,1,2.0,2.0,2.0,0.0,3.0,3.0,3.0,0.0,-0.0
3d3_L=2.0_S=1.0,2,1,2.0,2.0,2.0,1.0,1.0,1.0,1.0,1.0,-0.0
3d3_L=2.0_S=1.0,2,1,2.0,2.0,2.0,1.0,1.0,1.0,2.0,1.0,-0.0
3d3_L=2.0_S=1.0,2,1,2.0,2.0,2.0,1.0,1.0,2.0,1.0,1.0,-0.3968626966596886
3d3_L=2.0_S=1.0,2,1,2.0,2.0,2.0,1.0,1.0,2.0,2.0,1.0,0.2958039891549808
3d3_L=2.0_S=1.0,2,1,2.0,2.0,2.0,1.0,1.0,2.0,3.0,1.0,0.15118578920369086
3d3_L=2.0_S=1.0,2,1,2.0,2.0,2.0,1.0,1.0,3.0,2.0,1.0,-0.0
3d3_L=2.0_S=1.0,2,1,2.0,2.0,2.0,1.0,1.0,3.0,3.0,1.0,-0.0
3d3_L=2.0_S=1.0,2,1,2.0,2.0,2.0,1.0,2.0,1.0,1.0,1.0,-0.3968626966596886
3d3_L=2.0_S=1.0,2,1,2.0,2.0,2.0,1.0,2.0,1.0,2.0,1.0,-0.2958039891549808
3d3_L=2.0_S=1.0,2,1,2.0,2.0,2.0,1.0,2.0,1.0,3.0,1.0,0.15118578920369086
3d3_L=2.0_S=1.0,2,1,2.0,2.0,2.0,1.0,2.0,2.0,1.0,1.0,0.0
3d3_L=2.0_S=1.0,2,1,2.0,2.0,2.0,1.0,2.0,2.0,2.0,1.0,1.1666666666666667
3d3_L=2.0_S=1.0,2,1,2.0,2.0,2.0,1.0,2.0,2.0,3.0,1.0,-0.0
3d3_L=2.0_S=1.0,2,1,2.0,2.0,2.0,1.0,2.0,3.0,1.0,1.0,0.11547005383792518
3d3_L=2.0_S=1.0,2,1,2.0,2.0,2.0,1.0,2.0,3.0,2.0,1.0,-0.210818510677892
3d3_L=2.0_S=1.0,2,1,2.0,2.0,2.0,1.0,2.0,3.0,3.0,1.0,-0.49377071987869414
3d3_L=2.0_S=1.0,2,1,2.0,2.0,2.0,1.0,3.0,1.0,2.0,1.0,-0.0
3d3_L=2.0_S=1.0,2,1,2.0,2.0,2.0,1.0,3.0,1.0,3.0,1.0,-0.0
3d3_L=2.0_S=1.0,2,1,2.0,2.0,2.0,1.0,3.0,2.0,1.0,1.0,0.11547005383792515
3d3_L=2.0_S=1.0,2,1,2.0,2.0,2.0,1.0,3.0,2.0,2.0,1.0,0.21081851067789198
3d3_L=2.0_S=1.0,2,1,2.0,2.0,2.0,1.0,3.0,2.0,3.0,1.0,-0.49377071987869403
3d3_L=2.0_S=1.0,2,1,2.0,2.0,2.0,1.0,3.0,3.0,1.0,1.0,0.0
3d3_L=2.0_S=1.0,2,1,2.0,2.0,2.0,1.0,3.0,3.0,2.0,1.0,-0.0
3d3_L=2.0_S=1.0,2,1,2.0,2.0,2.0,1.0,3.0,3.0,3.0,1.0,-0.0
3d3_L=2.0_S=1.0,2,1,2.0,2.0,2.0,2.0,1.0,1.0,2.0,2.0,-0.0
3d3_L=2.0_S=1.0,2,1,2.0,2.0,2.0,2.0,1.0,2.0,2.0,2.0,0.5916079783099615
3d3_L=2.0_S=1.0,2,1,2.0,2.0,2.0,2.0,1.0,2.0,3.0,2.0,0.11952286093343936
3d3_L=2.0_S=1.0,2,1,2.0,2.0,2.0,2.0,1.0,3.0,2.0,2.0,-0.0
3d3_L=2.0_S=1.0,2,1,2.0,2.0,2.0,2.0,1.0,3.0,3.0,2.0,-0.0
3d3_L=2.0_S=1.0,2,1,2.0,2.0,2.0,2.0,2.0,1.0,2.0,2.0,-0.5916079783099615
3d3_L=2.0_S=1.0,2,1,2.0,2.0,2.0,2.0,2.0,1.0,3.0,2.0,0.11952286093343936
3d3_L=2.0_S=1.0,2,1,2.0,2.0,2.0,2.0,2.0,2.0,2.0,2.0,2.333333333333333
3d3_L=2.0_S=1.0,2,1,2.0,2.0,2.0,2.0,2.0,2.0,3.0,2.0,-0.0
3d3_L=2.0_S=1.0,2,1,2.0,2.0,2.0,2.0,2.0,3.0,2.0,2.0,-0.42163702135578396
3d3_L=2.0_S=1.0,2,1,2.0,2.0,2.0,2.0,2.0,3.0,3.0,2.0,-0.3903600291794133
3d3_L=2.0_S=1.0,2,1,2.0,2.0,2.0,2.0,3.0,1.0,2.0,2.0,-0.0
3d3_L=2.0_S=1.0,2,1,2.0,2.0,2.0,2.0,3.0,1.0,3.0,2.0,-0.0
3d3_L=2.0_S=1.0,2,1,2.0,2.0,2.0,2.0,3.0,2.0,2.0,2.0,0.4216370213557839
3d3_L=2.0_S=1.0,2,1,2.0,2.0,2.0,2.0,3.0,2.0,3.0,2.0,-0.39036002917941326
3d3_L=2.0_S=1.0,2,1,2.0,2.0,2.0,2.0,3.0,3.0,2.0,2.0,-0.0
3d3_L=2.0_S=1.0,2,1,2.0,2.0,2.0,2.0,3.0,3.0,3.0,2.0,-0.0
3d3_L=2.0_S=1.0,2,1,2.0,2.0,3.0,-3.0,1.0,2.0,3.0,-3.0,-0.47434164902525694
3d3_L=2.0_S=1.0,2,1,2.0,2.0,3.0,-3.0,1.0,3.0,3.0,-3.0,-0.0
3d3_L=2.0_S=1.0,2,1,2.0,2.0,3.0,-3.0,1.0,3.0,4.0,-3.0,-0.0
3d3_L=2.0_S=1.0,2,1,2.0,2.0,3.0,-3.0,2.0,1.0,3.0,-3.0,0.47434164902525694
3d3_L=2.0_S=1.0,2,1,2.0,2.0,3.0,-3.0,2.0,2.0,3.0,-3.0,-3.5000000000000004
3d3_L=2.0_S=1.0,2,1,2.0,2.0,3.0,-3.0,2.0,2.0,4.0,-3.0,0.0
3d3_L=2.0_S=1.0,2,1,2.0,2.0,3.0,-3.0,2.0,3.0,3.0,-3.0,0.38729833462074176
3d3_L=2.0_S=1.0,2,1,2.0,2.0,3.0,-3.0,2.0,3.0,4.0,-3.0,-0.372677996249965
3d3_L=2.0_S=1.0,2,1,2.0,2.0,3.0,-3.0,3.0,1.0,3.0,-3.0,-0.0
3d3_L=2.0_S=1.0,2,1,2.0,2.0,3.0,-3.0,3.0,1.0,4.0,-3.0,-0.0
3d3_L=2.0_S=1.0,2,1,2.0,2.0,3.0,-3.0,3.0,2.0,3.0,-3.0,-0.3872983346207417
3d3_L=2.0_S=1.0,2,1,2.0,2.0,3.0,-3.0,3.0,2.0,4.0,-3.0,-0.37267799624996495
3d3_L=2.0_S=1.0,2,1,2.0,2.0,3.0,-3.0,3.0,3.0,3.0,-3.0,-0.0
3d3_L=2.0_S=1.0,2,1,2.0,2.0,3.0,-3.0,3.0,3.0,4.0,-3.0,-0.0
3d3_L=2.0_S=1.0,2,1,2.0,2.0,3.0,-2.0,1.0,1.0,2.0,-2.0,-0.0
3d3_L=2.0_S=1.0,2,1,2.0,2.0,3.0,-2.0,1.0,2.0,2.0,-2.0,-0.4472135954999579
3d3_L=2.0_S=1.0,2,1,2.0,2.0,3.0,-2.0,1.0,2.0,3.0,-2.0,-0.3162277660168379
3d3_L=2.0_S=1.0,2,1,2.0,2.0,3.0,-2.0,1.0,3.0,2.0,-2.0,-0.0
3d3_L=2.0_S=1.0,2,1,2.0,2.0,3.0,-2.0,1.0,3.0,3.0,-2.0,-0.0
3d3_L=2.0_S=1.0,2,1,2.0,2.0,3.0,-2.0,1.0,3.0,4.0,-2.0,-0.0
3d3_L=2.0_S=1.0,2,1,2.0,2.0,3.0,-2.0,2.0,1.0,2.0,-2.0,-0.4472135954999579
3d3_L=2.0_S=1.0,2,1,2.0,2.0,3.0,-2.0,2.0,1.0,3.0,-2.0,0.3162277660168379
3d3_L=2.0_S=1.0,2,1,2.0,2.0,3.0,-2.0,2.0,2.0,2.0,-2.0,-0.0
3d3_L=2.0_S=1.0,2,1,2.0,2.0,3.0,-2.0,2.0,2.0,3.0,-2.0,-2.333333333333333
3d3_L=2.0_S=1.0,2,1,2.0,2.0,3.0,-2.0,2.0,2.0,4.0,-2.0,0.0
3d3_L=2.0_S=1.0,2,1,2.0,2.0,3.0,-2.0,2.0,3.0,2.0,-2.0,0.07968190728895957
3d3_L=2.0_S=1.0,2,1,2.0,2.0,3.0,-2.0,2.0,3.0,3.0,-2.0,0.25819888974716115
3d3_L=2.0_S=1.0,2,1,2.0,2.0,3.0,-2.0,2.0,3.0,4.0,-2.0,-0.48795003647426655
3d3_L=2.0_S=1.0,2,1,2.0,2.0,3.0,-2.0,3.0,1.0,2.0,-2.0,-0.0
3d3_L=2.0_S=1.0,2,1,2.0,2.0,3.0,-2.0,3.0,1.0,3.0,-2.0,-0.0
3d3_L=2.0_S=1.0,2,1,2.0,2.0,3.0,-2.0,3.0,1.0,4.0,-2.0,-0.0
3d3_L=2.0_S=1.0,2,1,2.0,2.0,3.0,-2.0,3.0,2.0,2.0,-2.0,0.07968190728895956
3d3_L=2.0_S=1.0,2,1,2.0,2.0,3.0,-2.0,3.0,2.0,3.0,-2.0,-0.2581988897471611
3d3_L=2.0_S=1.0,2,1,2.0,2.0,3.0,-2.0,3.0,2.0,4.0,-2.0,-0.48795003647426644
3d3_L=2.0_S=1.0,2,1,2.0,2.0,3.0,-2.0,3.0,3.0,2.0,-2.0,0.0
3d3_L=2.0_S=1.0,2,1,2.0,2.0,3.0,-2.0,3.0,3.0,3.0,-2.0,-0.0
3d3_L=2.0_S=1.0,2,1,2.0,2.0,3.0,-2.0,3.0,3.0,4.0,-2.0,-0.0
3d3_L=2.0_S=1.0,2,1,2.0,2.0,3.0,-1.0,1.0,1.0,2.0,-1.0,-0.0
3d3_L=2.0_S=1.0,2,1,2.0,2.0,3.0,-1.0,1.0,2.0,2.0,-1.0,-0.5656854249492379
3d3_L=2.0_S=1.0,2,1,2.0,2.0,3.0,-1.0,1.0,2.0,3.0,-1.0,-0.15811388300841894
3d3_L=2.0_S=1.0,2,1,2.0,2.0,3.0,-1.0,1.0,3.0,2.0,-1.0,-0.0
3d3_L=2.0_S=1.0,2,1,2.0,2.0,3.0,-1.0,1.0,3.0,3.0,-1.0,-0.0
3d3_L=2.0_S=1.0,2,1,2.0,2.0,3.0,-1.0,1.0,3.0,4.0,-1.0,-0.0
3d3_L=2.0_S=1.0,2,1,2.0,2.0,3.0,-1.0,2.0,1.0,2.0,-1.0,-0.5656854249492379
3d3_L=2.0_S=1.0,2,1,2.0,2.0,3.0,-1.0,2.0,1.0,3.0,-1.0,0.15811388300841894
3d3_L=2.0_S=1.0,2,1,2.0,2.0,3.0,-1.0,2.0,2.0,2.0,-1.0,-0.0
3d3_L=2.0_S=1.0,2,1,2.0,2.0,3.0,-1.0,2.0,2.0,3.0,-1.0,-1.1666666666666665
3d3_L=2.0_S=1.0,2,1,2.0,2.0,3.0,-1.0,2.0,2.0,4.0,-1.0,0.0
3d3_L=2.0_S=1.0,2,1,2.0,2.0,3.0,-1.0,2.0,3.0,2.0,-1.0,0.10079052613579392
3d3_L=2.0_S=1.0,2,1,2.0,2.0,3.0,-1.0,2.0,3.0,3.0,-1.0,0.12909944487358058
3d3_L=2.0_S=1.0,2,1,2.0,2.0,3.0,-1.0,2.0,3.0,4.0,-1.0,-0.5455447255899809
3d3_L=2.0_S=1.0,2,1,2.0,2.0,3.0,-1.0,3.0,1.0,2.0,-1.0,-0.0
3d3_L=2.0_S=1.0,2,1,2.0,2.0,3.0,-1.0,3.0,1.0,3.0,-1.0,-0.0
3d3_L=2.0_S=1.0,2,1,2.0,2.0,3.0,-1.0,3.0,1.0,4.0,-1.0,-0.0
3d3_L=2.0_S=1.0,2,1,2.0,2.0,3.0,-1.0,3.0,2.0,2.0,-1.0,0.1007905261357939
3d3_L=2.0_S=1.0,2,1,2.0,2.0,3.0,-1.0,3.0,2.0,3.0,-1.0,-0.12909944487358055
3d3_L=2.0_S=1.0,2,1,2.0,2.0,3.0,-1.0,3.0,2.0,4.0,-1.0,-0.5455447255899808
3d3_L=2.0_S=1.0,2,1,2.0,2.0,3.0,-1.0,3.0,3.0,2.0,-1.0,0.0
3d3_L=2.0_S=1.0,2,1,2.0,2.0,3.0,-1.0,3.0,3.0,3.0,-1.0,-0.0
3d3_L=2.0_S=1.0,2,1,2.0,2.0,3.0,-1.0,3.0,3.0,4.0,-1.0,-0.0
3d3_L=2.0_S=1.0,2,1,2.0,2.0,3.0,0.0,1.0,1.0,2.0,0.0,-0.0
3d3_L=2.0_S=1.0,2,1,2.0,2.0,3.0,0.0,1.0,2.0,2.0,0.0,-0.6000000000000001
3d3_L=2.0_S=1.0,2,1,2.0,2.0,3.0,0.0,1.0,2.0,3.0,0.0,0.0
3d3_L=2.0_S=1.0,2,1,2.0,2.0,3.0,0.0,1.0,3.0,2.0,0.0,-0.0
3d3_L=2.0_S=1.0,2,1,2.0,2.0,3.0,0.0,1.0,3.0,3.0,0.0,0.0
3d3_L=2.0_S=1.0,2,1,2.0,2.0,3.0,0.0,1.0,3.0,4.0,0.0,-0.0
3d3_L=2.0_S=1.0,2,1,2.0,2.0,3.0,0.0,2.0,1.0,2.0,0.0,-0.6000000000000001
3d3_L=2.0_S=1.0,2,1,2.0,2.0,3.0,0.0,2.0,1.0,3.0,0.0,-0.0
3d3_L=2.0_S=1.0,2,1,2.0,2.0,3.0,0.0,2.0,2.0,2.0,0.0,-0.0
3d3_L=2.0_S=1.0,2,1,2.0,2.0,3.0,0.0,2.0,2.0,3.0,0.0,0.0
3d3_L=2.0_S=1.0,2,1,2.0,2.0,3.0,0.0,2.0,2.0,4.0,0.0,0.0
3d3_L=2.0_S=1.0,2,1,2.0,2.0,3.0,0.0,2.0,3.0,2.0,0.0,0.10690449676496977
3d3_L=2.0_S=1.0,2,1,2.0,2.0,3.0,0.0,2.0,3.0,3.0,0.0,-0.0
3d3_L=2.0_S=1.0,2,1,2.0,2.0,3.0,0.0,2.0,3.0,4.0,0.0,-0.5634361698190111
3d3_L=2.0_S=1.0,2,1,2.0,2.0,3.0,0.0,3.0,1.0,2.0,0.0,-0.0
3d3_L=2.0_S=1.0,2,1,2.0,2.0,3.0,0.0,3.0,1.0,3.0,0.0,0.0
3d3_L=2.0_S=1.0,2,1,2.0,2.0,3.0,0.0,3.0,1.0,4.0,0.0,-0.0
3d3_L=2.0_S=1.0,2,1,2.0,2.0,3.0,0.0,3.0,2.0,2.0,0.0,0.10690449676496974
3d3_L=2.0_S=1.0,2,1,2.0,2.0,3.0,0.0,3.0,2.0,3.0,0.0,0.0
3d3_L=2.0_S=1.0,2,1,2.0,2.0,3.0,0.0,3.0,2.0,4.0,0.0,-0.563436169819011
3d3_L=2.0_S=1.0,2,1,2.0,2.0,3.0,0.0,3.0,3.0,2.0,0.0,0.0
3d3_L=2.0_S=1.0,2,1,2.0,2.0,3.0,0.0,3.0,3.0,3.0,0.0,0.0
3d3_L=2.0_S=1.0,2,1,2.0,2.0,3.0,0.0,3.0,3.0,4.0,0.0,-0.0
3d3_L=2.0_S=1.0,2,1,2.0,2.0,3.0,1.0,1.0,1.0,2.0,1.0,-0.0
3d3_L=2.0_S=1.0,2,1,2.0,2.0,3.0,1.0,1.0,2.0,2.0,1.0,-0.5656854249492379
3d3_L=2.0_S=1.0,2,1,2.0,2.0,3.0,1.0,1.0,2.0,3.0,1.0,0.15811388300841894
3d3_L=2.0_S=1.0,2,1,2.0,2.0,3.0,1.0,1.0,3.0,2.0,1.0,-0.0
3d3_L=2.0_S=1.0,2,1,2.0,2.0,3.0,1.0,1.0,3.0,3.0,1.0,0.0
3d3_L=2.0_S=1.0,2,1,2.0,2.0,3.0,1.0,1.0,3.0,4.0,1.0,-0.0
3d3_L=2.0_S=1.0,2,1,2.0,2.0,3.0,1.0,2.0,1.0,2.0,1.0,-0.5656854249492379
3d3_L=2.0_S=1.0,2,1,2.0,2.0,3.0,1.0,2.0,1.0,3.0,1.0,-0.15811388300841894
3d3_L=2.0_S=1.0,2,1,2.0,2.0,3.0,1.0,2.0,2.0,2.0,1.0,-0.0
3d3_L=2.0_S=1.0,2,1,2.0,2.0,3.0,1.0,2.0,2.0,3.0,1.0,1.1666666666666665
3d3_L=2.0_S=1.0,2,1,2.0,2.0,3.0,1.0,2.0,2.0,4.0,1.0,0.0
3d3_L=2.0_S=1.0,2,1,2.0,2.0,3.0,1.0,2.0,3.0,2.0,1.0,0.10079052613579392
3d3_L=2.0_S=1.0,2,1,2.0,2.0,3.0,1.0,2.0,3.0,3.0,1.0,-0.12909944487358058
3d3_L=2.0_S=1.0,2,1,2.0,2.0,3.0,1.0,2.0,3.0,4.0,1.0,-0.5455447255899809
3d3_L=2.0_S=1.0,2,1,2.0,2.0,3.0,1.0,3.0,1.0,2.0,1.0,-0.0
3d3_L=2.0_S=1.0,2,1,2.0,2.0,3.0,1.0,3.0,1.0,3.0,1.0,0.0
3d3_L=2.0_S=1.0,2,1,2.0,2.0,3.0,1.0,3.0,1.0,4.0,1.0,-0.0
3d3_L=2.0_S=1.0,2,1,2.0,2.0,3.0,1.0,3.0,2.0,2.0,1.0,0.1007905261357939
3d3_L=2.0_S=1.0,2,1,2.0,2.0,3.0,1.0,3.0,2.0,3.0,1.0,0.12909944487358055
3d3_L=2.0_S=1.0,2,1,2.0,2.0,3.0,1.0,3.0,2.0,4.0,1.0,-0.5455447255899808
3d3_L=2.0_S=1.0,2,1,2.0,2.0,3.0,1.0,3.0,3.0,2.0,1.0,0.0
3d3_L=2.0_S=1.0,2,1,2.0,2.0,3.0,1.0,3.0,3.0,3.0,1.0,0.0
3d3_L=2.0_S=1.0,2,1,2.0,2.0,3.0,1.0,3.0,3.0,4.0,1.0,-0.0
3d3_L=2.0_S=1.0,2,1,2.0,2.0,3.0,2.0,1.0,1.0,2.0,2.0,-0.0
3d3_L=2.0_S=1.0,2,1,2.0,2.0,3.0,2.0,1.0,2.0,2.0,2.0,-0.4472135954999579
3d3_L=2.0_S=1.0,2,1,2.0,2.0,3.0,2.0,1.0,2.0,3.0,2.0,0.3162277660168379
3d3_L=2.0_S=1.0,2,1,2.0,2.0,3.0,2.0,1.0,3.0,2.0,2.0,-0.0
3d3_L=2.0_S=1.0,2,1,2.0,2.0,3.0,2.0,1.0,3.0,3.0,2.0,0.0
3d3_L=2.0_S=1.0,2,1,2.0,2.0,3.0,2.0,1.0,3.0,4.0,2.0,-0.0
3d3_L=2.0_S=1.0,2,1,2.0,2.0,3.0,2.0,2.0,1.0,2.0,2.0,-0.4472135954999579
3d3_L=2.0_S=1.0,2,1,2.0,2.0,3.0,2.0,2.0,1.0,3.0,2.0,-0.3162277660168379
3d3_L=2.0_S=1.0,2,1,2.0,2.0,3.0,2.0,2.0,2.0,2.0,2.0,-0.0
3d3_L=2.0_S=1.0,2,1,2.0,2.0,3.0,2.0,2.0,2.0,3.0,2.0,2.333333333333333
3d3_L=2.0_S=1.0,2,1,2.0,2.0,3.0,2.0,2.0,2.0,4.0,2.0,0.0
3d3_L=2.0_S=1.0,2,1,2.0,2.0,3.0,2.0,2.0,3.0,2.0,2.0,0.07968190728895957
3d3_L=2.0_S=1.0,2,1,2.0,2.0,3.0,2.0,2.0,3.0,3.0,2.0,-0.25819888974716115
3d3_L=2.0_S=1.0,2,1,2.0,2.0,3.0,2.0,2.0,3.0,4.0,2.0,-0.48795003647426655
3d3_L=2.0_S=1.0,2,1,2.0,2.0,3.0,2.0,3.0,1.0,2.0,2.0,-0.0
3d3_L=2.0_S=1.0,2,1,2.0,2.0,3.0,2.0,3.0,1.0,3.0,2.0,0.0
3d3_L=2.0_S=1.0,2,1,2.0,2.0,3.0,2.0,3.0,1.0,4.0,2.0,-0.0
3d3_L=2.0_S=1.0,2,1,2.0,2.0,3.0,2.0,3.0,2.0,2.0,2.0,0.07968190728895956
3d3_L=2.0_S=1.0,2,1,2.0,2.0,3.0,2.0,3.0,2.0,3.0,2.0,0.2581988897471611
3d3_L=2.0_S=1.0,2,1,2.0,2.0,3.0,2.0,3.0,2.0,4.0,2.0,-0.48795003647426644
3d3_L=2.0_S=1.0,2,1,2.0,2.0,3.0,2.0,3.0,3.0,2.0,2.0,0.0
3d3_L=2.0_S=1.0,2,1,2.0,2.0,3.0,2.0,3.0,3.0,3.0,2.0,0.0
3d3_L=2.0_S=1.0,2,1,2.0,2.0,3.0,2.0,3.0,3.0,4.0,2.0,-0.0
3d3_L=2.0_S=1.0,2,1,2.0,2.0,3.0,3.0,1.0,2.0,3.0,3.0,0.47434164902525694
3d3_L=2.0_S=1.0,2,1,2.0,2.0,3.0,3.0,1.0,3.0,3.0,3.0,0.0
3d3_L=2.0_S=1.0,2,1,2.0,2.0,3.0,3.0,1.0,3.0,4.0,3.0,-0.0
3d3_L=2.0_S=1.0,2,1,2.0,2.0,3.0,3.0,2.0,1.0,3.0,3.0,-0.47434164902525694
3d3_L=2.0_S=1.0,2,1,2.0,2.0,3.0,3.0,2.0,2.0,3.0,3.0,3.5000000000000004
3d3_L=2.0_S=1.0,2,1,2.0,2.0,3.0,3.0,2.0,2.0,4.0,3.0,0.0
3d3_L=2.0_S=1.0,2,1,2.0,2.0,3.0,3.0,2.0,3.0,3.0,3.0,-0.38729833462074176
3d3_L=2.0_S=1.0,2,1,2.0,2.0,3.0,3.0,2.0,3.0,4.0,3.0,-0.372677996249965
3d3_L=2.0_S=1.0,2,1,2.0,2.0,3.0,3.0,3.0,1.0,3.0,3.0,0.0
3d3_L=2.0_S=1.0,2,1,2.0,2.0,3.0,3.0,3.0,1.0,4.0,3.0,-0.0
3d3_L=2.0_S=1.0,2,1,2.0,2.0,3.0,3.0,3.0,2.0,3.0,3.0,0.3872983346207417
3d3_L=2.0_S=1.0,2,1,2.0,2.0,3.0,3.0,3.0,2.0,4.0,3.0,-0.37267799624996495
3d3_L=2.0_S=1.0,2,1,2.0,2.0,3.0,3.0,3.0,3.0,3.0,3.0,0.0
3d3_L=2.0_S=1.0,2,1,2.0,2.0,3.0,3.0,3.0,3.0,4.0,3.0,-0.0
3d3_L=2.0_S=1.0,2,1,2.0,2.0,4.0,-4.0,1.0,3.0,4.0,-4.0,0.0
3d3_L=2.0_S=1.0,2,1,2.0,2.0,4.0,-4.0,2.0,2.0,4.0,-4.0,-4.666666666666667
3d3_L=2.0_S=1.0,2,1,2.0,2.0,4.0,-4.0,2.0,3.0,4.0,-4.0,0.298142396999972
3d3_L=2.0_S=1.0,2,1,2.0,2.0,4.0,-4.0,2.0,3.0,5.0,-4.0,-0.3651483716701108
3d3_L=2.0_S=1.0,2,1,2.0,2.0,4.0,-4.0,3.0,1.0,4.0,-4.0,0.0
3d3_L=2.0_S=1.0,2,1,2.0,2.0,4.0,-4.0,3.0,2.0,4.0,-4.0,-0.29814239699997197
3d3_L=2.0_S=1.0,2,1,2.0,2.0,4.0,-4.0,3.0,2.0,5.0,-4.0,-0.36514837167011077
3d3_L=2.0_S=1.0,2,1,2.0,2.0,4.0,-4.0,3.0,3.0,4.0,-4.0,0.0
3d3_L=2.0_S=1.0,2,1,2.0,2.0,4.0,-4.0,3.0,3.0,5.0,-4.0,-0.0
3d3_L=2.0_S=1.0,2,1,2.0,2.0,4.0,-3.0,1.0,2.0,3.0,-3.0,-0.47434164902525705
3d3_L=2.0_S=1.0,2,1,2.0,2.0,4.0,-3.0,1.0,3.0,3.0,-3.0,0.0
3d3_L=2.0_S=1.0,2,1,2.0,2.0,4.0,-3.0,1.0,3.0,4.0,-3.0,0.0
3d3_L=2.0_S=1.0,2,1,2.0,2.0,4.0,-3.0,2.0,1.0,3.0,-3.0,-0.47434164902525705
3d3_L=2.0_S=1.0,2,1,2.0,2.0,4.0,-3.0,2.0,2.0,3.0,-3.0,0.0
3d3_L=2.0_S=1.0,2,1,2.0,2.0,4.0,-3.0,2.0,2.0,4.0,-3.0,-3.5000000000000004
3d3_L=2.0_S=1.0,2,1,2.0,2.0,4.0,-3.0,2.0,3.0,3.0,-3.0,0.043033148291193535
3d3_L=2.0_S=1.0,2,1,2.0,2.0,4.0,-3.0,2.0,3.0,4.0,-3.0,0.22360679774997905
3d3_L=2.0_S=1.0,2,1,2.0,2.0,4.0,-3.0,2.0,3.0,5.0,-3.0,-0.4868644955601478
3d3_L=2.0_S=1.0,2,1,2.0,2.0,4.0,-3.0,3.0,1.0,3.0,-3.0,0.0
3d3_L=2.0_S=1.0,2,1,2.0,2.0,4.0,-3.0,3.0,1.0,4.0,-3.0,0.0
3d3_L=2.0_S=1.0,2,1,2.0,2.0,4.0,-3.0,3.0,2.0,3.0,-3.0,0.04303314829119353
3d3_L=2.0_S=1.0,2,1,2.0,2.0,4.0,-3.0,3.0,2.0,4.0,-3.0,-0.223606797749979
3d3_L=2.0_S=1.0,2,1,2.0,2.0,4.0,-3.0,3.0,2.0,5.0,-3.0,-0.4868644955601477
3d3_L=2.0_S=1.0,2,1,2.0,2.0,4.0,-3.0,3.0,3.0,3.0,-3.0,0.0
3d3_L=2.0_S=1.0,2,1,2.0,2.0,4.0,-3.0,3.0,3.0,4.0,-3.0,0.0
3d3_L=2.0_S=1.0,2,1,2.0,2.0,4.0,-3.0,3.0,3.0,5.0,-3.0,-0.0
3d3_L=2.0_S=1.0,2,1,2.0,2.0,4.0,-2.0,1.0,2.0,3.0,-2.0,-0.6210590034081188
3d3_L=2.0_S=1.0,2,1,2.0,2.0,4.0,-2.0,1.0,3.0,3.0,-2.0,0.0
3d3_L=2.0_S=1.0,2,1,2.0,2.0,4.0,-2.0,1.0,3.0,4.0,-2.0,0.0
3d3_L=2.0_S=1.0,2,1,2.0,2.0,4.0,-2.0,2.0,1.0,3.0,-2.0,-0.6210590034081188
3d3_L=2.0_S=1.0,2,1,2.0,2.0,4.0,-2.0,2.0,2.0,3.0,-2.0,0.0
3d3_L=2.0_S=1.0,2,1,2.0,2.0,4.0,-2.0,2.0,2.0,4.0,-2.0,-2.333333333333333
3d3_L=2.0_S=1.0,2,1,2.0,2.0,4.0,-2.0,2.0,3.0,3.0,-2.0,0.056343616981901115
3d3_L=2.0_S=1.0,2,1,2.0,2.0,4.0,-2.0,2.0,3.0,4.0,-2.0,0.14907119849998599
3d3_L=2.0_S=1.0,2,1,2.0,2.0,4.0,-2.0,2.0,3.0,5.0,-2.0,-0.5577733510227172
3d3_L=2.0_S=1.0,2,1,2.0,2.0,4.0,-2.0,3.0,1.0,3.0,-2.0,0.0
3d3_L=2.0_S=1.0,2,1,2.0,2.0,4.0,-2.0,3.0,1.0,4.0,-2.0,0.0
3d3_L=2.0_S=1.0,2,1,2.0,2.0,4.0,-2.0,3.0,2.0,3.0,-2.0,0.0563436169819011
3d3_L=2.0_S=1.0,2,1,2.0,2.0,4.0,-2.0,3.0,2.0,4.0,-2.0,-0.14907119849998596
3d3_L=2.0_S=1.0,2,1,2.0,2.0,4.0,-2.0,3.0,2.0,5.0,-2.0,-0.5577733510227171
3d3_L=2.0_S=1.0,2,1,2.0,2.0,4.0,-2.0,3.0,3.0,3.0,-2.0,0.0
3d3_L=2.0_S=1.0,2,1,2.0,2.0,4.0,-2.0,3.0,3.0,4.0,-2.0,0.0
3d3_L=2.0_S=1.0,2,1,2.0,2.0,4.0,-2.0,3.0,3.0,5.0,-2.0,-0.0
3d3_L=2.0_S=1.0,2,1,2.0,2.0,4.0,-1.0,1.0,2.0,3.0,-1.0,-0.6943650748294137
3d3_L=2.0_S=1.0,2,1,2.0,2.0,4.0,-1.0,1.0,3.0,3.0,-1.0,0.0
3d3_L=2.0_S=1.0,2,1,2.0,2.0,4.0,-1.0,1.0,3.0,4.0,-1.0,0.0
3d3_L=2.0_S=1.0,2,1,2.0,2.0,4.0,-1.0,2.0,1.0,3.0,-1.0,-0.6943650748294137
3d3_L=2.0_S=1.0,2,1,2.0,2.0,4.0,-1.0,2.0,2.0,3.0,-1.0,0.0
3d3_L=2.0_S=1.0,2,1,2.0,2.0,4.0,-1.0,2.0,2.0,4.0,-1.0,-1.1666666666666665
3d3_L=2.0_S=1.0,2,1,2.0,2.0,4.0,-1.0,2.0,3.0,3.0,-1.0,0.06299407883487122
3d3_L=2.0_S=1.0,2,1,2.0,2.0,4.0,-1.0,2.0,3.0,4.0,-1.0,0.07453559924999299
3d3_L=2.0_S=1.0,2,1,2.0,2.0,4.0,-1.0,2.0,3.0,5.0,-1.0,-0.5962847939999442
3d3_L=2.0_S=1.0,2,1,2.0,2.0,4.0,-1.0,3.0,1.0,3.0,-1.0,0.0
3d3_L=2.0_S=1.0,2,1,2.0,2.0,4.0,-1.0,3.0,1.0,4.0,-1.0,0.0
3d3_L=2.0_S=1.0,2,1,2.0,2.0,4.0,-1.0,3.0,2.0,3.0,-1.0,0.06299407883487121
3d3_L=2.0_S=1.0,2,1,2.0,2.0,4.0,-1.0,3.0,2.0,4.0,-1.0,-0.07453559924999298
3d3_L=2.0_S=1.0,2,1,2.0,2.0,4.0,-1.0,3.0,2.0,5.0,-1.0,-0.596284793999944
3d3_L=2.0_S=1.0,2,1,2.0,2.0,4.0,-1.0,3.0,3.0,3.0,-1.0,0.0
3d3_L=2.0_S=1.0,2,1,2.0,2.0,4.0,-1.0,3.0,3.0,4.0,-1.0,0.0
3d3_L=2.0_S=1.0,2,1,2.0,2.0,4.0,-1.0,3.0,3.0,5.0,-1.0,-0.0
3d3_L=2.0_S=1.0,2,1,2.0,2.0,4.0,0.0,1.0,2.0,3.0,0.0,-0.7171371656006363
3d3_L=2.0_S=1.0,2,1,2.0,2.0,4.0,0.0,1.0,3.0,3.0,0.0,0.0
3d3_L=2.0_S=1.0,2,1,2.0,2.0,4.0,0.0,1.0,3.0,4.0,0.0,0.0
3d3_L=2.0_S=1.0,2,1,2.0,2.0,4.0,0.0,2.0,1.0,3.0,0.0,-0.7171371656006363
3d3_L=2.0_S=1.0,2,1,2.0,2.0,4.0,0.0,2.0,2.0,3.0,0.0,0.0
3d3_L=2.0_S=1.0,2,1,2.0,2.0,4.0,0.0,2.0,2.0,4.0,0.0,-0.0
3d3_L=2.0_S=1.0,2,1,2.0,2.0,4.0,0.0,2.0,3.0,3.0,0.0,0.06506000486323557
3d3_L=2.0_S=1.0,2,1,2.0,2.0,4.0,0.0,2.0,3.0,4.0,0.0,0.0
3d3_L=2.0_S=1.0,2,1,2.0,2.0,4.0,0.0,2.0,3.0,5.0,0.0,-0.6085806194501846
3d3_L=2.0_S=1.0,2,1,2.0,2.0,4.0,0.0,3.0,1.0,3.0,0.0,0.0
3d3_L=2.0_S=1.0,2,1,2.0,2.0,4.0,0.0,3.0,1.0,4.0,0.0,0.0
3d3_L=2.0_S=1.0,2,1,2.0,2.0,4.0,0.0,3.0,2.0,3.0,0.0,0.06506000486323556
3d3_L=2.0_S=1.0,2,1,2.0,2.0,4.0,0.0,3.0,2.0,4.0,0.0,-0.0
3d3_L=2.0_S=1.0,2,1,2.0,2.0,4.0,0.0,3.0,2.0,5.0,0.0,-0.6085806194501845
3d3_L=2.0_S=1.0,2,1,2.0,2.0,4.0,0.0,3.0,3.0,3.0,0.0,0.0
3d3_L=2.0_S=1.0,2,1,2.0,2.0,4.0,0.0,3.0,3.0,4.0,0.0,0.0
3d3_L=2.0_S=1.0,2,1,2.0,2.0,4.0,0.0,3.0,3.0,5.0,0.0,-0.0
3d3_L=2.0_S=1.0,2,1,2.0,2.0,4.0,1.0,1.0,2.0,3.0,1.0,-0.6943650748294137
3d3_L=2.0_S=1.0,2,1,2.0,2.0,4.0,1.0,1.0,3.0,3.0,1.0,0.0
3d3_L=2.0_S=1.0,2,1,2.0,2.0,4.0,1.0,1.0,3.0,4.0,1.0,-0.0
3d3_L=2.0_S=1.0,2,1,2.0,2.0,4.0,1.0,2.0,1.0,3.0,1.0,-0.6943650748294137
3d3_L=2.0_S=1.0,2,1,2.0,2.0,4.0,1.0,2.0,2.0,3.0,1.0,0.0
3d3_L=2.0_S=1.0,2,1,2.0,2.0,4.0,1.0,2.0,2.0,4.0,1.0,1.1666666666666665
3d3_L=2.0_S=1.0,2,1,2.0,2.0,4.0,1.0,2.0,3.0,3.0,1.0,0.06299407883487122
3d3_L=2.0_S=1.0,2,1,2.0,2.0,4.0,1.0,2.0,3.0,4.0,1.0,-0.07453559924999299
3d3_L=2.0_S=1.0,2,1,2.0,2.0,4.0,1.0,2.0,3.0,5.0,1.0,-0.5962847939999442
3d3_L=2.0_S=1.0,2,1,2.0,2.0,4.0,1.0,3.0,1.0,3.0,1.0,0.0
3d3_L=2.0_S=1.0,2,1,2.0,2.0,4.0,1.0,3.0,1.0,4.0,1.0,-0.0
3d3_L=2.0_S=1.0,2,1,2.0,2.0,4.0,1.0,3.0,2.0,3.0,1.0,0.06299407883487121
3d3_L=2.0_S=1.0,2,1,2.0,2.0,4.0,1.0,3.0,2.0,4.0,1.0,0.07453559924999298
3d3_L=2.0_S=1.0,2,1,2.0,2.0,4.0,1.0,3.0,2.0,5.0,1.0,-0.596284793999944
3d3_L=2.0_S=1.0,2,1,2.0,2.0,4.0,1.0,3.0,3.0,3.0,1.0,0.0
3d3_L=2.0_S=1.0,2,1,2.0,2.0,4.0,1.0,3.0,3.0,4.0,1.0,-0.0
3d3_L=2.0_S=1.0,2,1,2.0,2.0,4.0,1.0,3.0,3.0,5.0,1.0,-0.0
3d3_L=2.0_S=1.0,2,1,2.0,2.0,4.0,2.0,1.0,2.0,3.0,2.0,-0.6210590034081188
3d3_L=2.0_S=1.0,2,1,2.0,2.0,4.0,2.0,1.0,3.0,3.0,2.0,0.0
3d3_L=2.0_S=1.0,2,1,2.0,2.0,4.0,2.0,1.0,3.0,4.0,2.0,-0.0
3d3_L=2.0_S=1.0,2,1,2.0,2.0,4.0,2.0,2.0,1.0,3.0,2.0,-0.6210590034081188
3d3_L=2.0_S=1.0,2,1,2.0,2.0,4.0,2.0,2.0,2.0,3.0,2.0,0.0
3d3_L=2.0_S=1.0,2,1,2.0,2.0,4.0,2.0,2.0,2.0,4.0,2.0,2.333333333333333
3d3_L=2.0_S=1.0,2,1,2.0,2.0,4.0,2.0,2.0,3.0,3.0,2.0,0.056343616981901115
3d3_L=2.0_S=1.0,2,1,2.0,2.0,4.0,2.0,2.0,3.0,4.0,2.0,-0.14907119849998599
3d3_L=2.0_S=1.0,2,1,2.0,2.0,4.0,2.0,2.0,3.0,5.0,2.0,-0.5577733510227172
3d3_L=2.0_S=1.0,2,1,2.0,2.0,4.0,2.0,3.0,1.0,3.0,2.0,0.0
3d3_L=2.0_S=1.0,2,1,2.0,2.0,4.0,2.0,3.0,1.0,4.0,2.0,-0.0
3d3_L=2.0_S=1.0,2,1,2.0,2.0,4.0,2.0,3.0,2.0,3.0,2.0,0.0563436169819011
3d3_L=2.0_S=1.0,2,1,2.0,2.0,4.0,2.0,3.0,2.0,4.0,2.0,0.14907119849998596
3d3_L=2.0_S=1.0,2,1,2.0,2.0,4.0,2.0,3.0,2.0,5.0,2.0,-0.5577733510227171
3d3_L=2.0_S=1.0,2,1,2.0,2.0,4.0,2.0,3.0,3.0,3.0,2.0,0.0
3d3_L=2.0_S=1.0,2,1,2.0,2.0,4.0,2.0,3.0,3.0,4.0,2.0,-0.0
3d3_L=2.0_S=1.0,2,1,2.0,2.0,4.0,2.0,3.0,3.0,5.0,2.0,-0.0
3d3_L=2.0_S=1.0,2,1,2.0,2.0,4.0,3.0,1.0,2.0,3.0,3.0,-0.47434164902525705
3d3_L=2.0_S=1.0,2,1,2.0,2.0,4.0,3.0,1.0,3.0,3.0,3.0,0.0
3d3_L=2.0_S=1.0,2,1,2.0,2.0,4.0,3.0,1.0,3.0,4.0,3.0,-0.0
3d3_L=2.0_S=1.0,2,1,2.0,2.0,4.0,3.0,2.0,1.0,3.0,3.0,-0.47434164902525705
3d3_L=2.0_S=1.0,2,1,2.0,2.0,4.0,3.0,2.0,2.0,3.0,3.0,0.0
3d3_L=2.0_S=1.0,2,1,2.0,2.0,4.0,3.0,2.0,2.0,4.0,3.0,3.5000000000000004
3d3_L=2.0_S=1.0,2,1,2.0,2.0,4.0,3.0,2.0,3.0,3.0,3.0,0.043033148291193535
3d3_L=2.0_S=1.0,2,1,2.0,2.0,4.0,3.0,2.0,3.0,4.0,3.0,-0.22360679774997905
3d3_L=2.0_S=1.0,2,1,2.0,2.0,4.0,3.0,2.0,3.0,5.0,3.0,-0.4868644955601478
3d3_L=2.0_S=1.0,2,1,2.0,2.0,4.0,3.0,3.0,1.0,3.0,3.0,0.0
3d3_L=2.0_S=1.0,2,1,2.0,2.0,4.0,3.0,3.0,1.0,4.0,3.0,-0.0
3d3_L=2.0_S=1.0,2,1,2.0,2.0,4.0,3.0,3.0,2.0,3.0,3.0,0.04303314829119353
3d3_L=2.0_S=1.0,2,1,2.0,2.0,4.0,3.0,3.0,2.0,4.0,3.0,0.223606797749979
3d3_L=2.0_S=1.0,2,1,2.0,2.0,4.0,3.0,3.0,2.0,5.0,3.0,-0.4868644955601477
3d3_L=2.0_S=1.0,2,1,2.0,2.0,4.0,3.0,3.0,3.0,3.0,3.0,0.0
3d3_L=2.0_S=1.0,2,1,2.0,2.0,4.0,3.0,3.0,3.0,4.0,3.0,-0.0
3d3_L=2.0_S=1.0,2,1,2.0,2.0,4.0,3.0,3.0,3.0,5.0,3.0,-0.0
3d3_L=2.0_S=1.0,2,1,2.0,2.0,4.0,4.0,1.0,3.0,4.0,4.0,-0.0
3d3_L=2.0_S=1.0,2,1,2.0,2.0,4.0,4.0,2.0,2.0,4.0,4.0,4.666666666666667
3d3_L=2.0_S=1.0,2,1,2.0,2.0,4.0,4.0,2.0,3.0,4.0,4.0,-0.298142396999972
3d3_L=2.0_S=1.0,2,1,2.0,2.0,4.0,4.0,2.0,3.0,5.0,4.0,-0.3651483716701108
3d3_L=2.0_S=1.0,2,1,2.0,2.0,4.0,4.0,3.0,1.0,4.0,4.0,-0.0
3d3_L=2.0_S=1.0,2,1,2.0,2.0,4.0,4.0,3.0,2.0,4.0,4.0,0.29814239699997197
3d3_L=2.0_S=1.0,2,1,2.0,2.0,4.0,4.0,3.0,2.0,5.0,4.0,-0.36514837167011077
3d3_L=2.0_S=1.0,2,1,2.0,2.0,4.0,4.0,3.0,3.0,4.0,4.0,-0.0
3d3_L=2.0_S=1.0,2,1,2.0,2.0,4.0,4.0,3.0,3.0,5.0,4.0,-0.0
3d3_L=2.0_S=1.0,2,1,2.0,3.0,1.0,-1.0,1.0,1.0,1.0,-1.0,0.0
3d3_L=2.0_S=1.0,2,1,2.0,3.0,1.0,-1.0,1.0,1.0,2.0,-1.0,0.0
3d3_L=2.0_S=1.0,2,1,2.0,3.0,1.0,-1.0,1.0,2.0,1.0,-1.0,0.0
3d3_L=2.0_S=1.0,2,1,2.0,3.0,1.0,-1.0,1.0,2.0,2.0,-1.0,0.0
3d3_L=2.0_S=1.0,2,1,2.0,3.0,1.0,-1.0,1.0,3.0,2.0,-1.0,0.5196152422706632
3d3_L=2.0_S=1.0,2,1,2.0,3.0,1.0,-1.0,2.0,1.0,1.0,-1.0,0.0
3d3_L=2.0_S=1.0,2,1,2.0,3.0,1.0,-1.0,2.0,1.0,2.0,-1.0,0.0
3d3_L=2.0_S=1.0,2,1,2.0,3.0,1.0,-1.0,2.0,2.0,1.0,-1.0,0.39440531887330765
3d3_L=2.0_S=1.0,2,1,2.0,3.0,1.0,-1.0,2.0,2.0,2.0,-1.0,0.11547005383792515
3d3_L=2.0_S=1.0,2,1,2.0,3.0,1.0,-1.0,2.0,3.0,1.0,-1.0,-1.4999999999999998
3d3_L=2.0_S=1.0,2,1,2.0,3.0,1.0,-1.0,2.0,3.0,2.0,-1.0,-0.18257418583505536
3d3_L=2.0_S=1.0,2,1,2.0,3.0,1.0,-1.0,3.0,1.0,2.0,-1.0,-0.0
3d3_L=2.0_S=1.0,2,1,2.0,3.0,1.0,-1.0,3.0,2.0,1.0,-1.0,0.0
3d3_L=2.0_S=1.0,2,1,2.0,3.0,1.0,-1.0,3.0,2.0,2.0,-1.0,-0.0
3d3_L=2.0_S=1.0,2,1,2.0,3.0,1.0,-1.0,3.0,3.0,1.0,-1.0,-0.4714045207910317
3d3_L=2.0_S=1.0,2,1,2.0,3.0,1.0,-1.0,3.0,3.0,2.0,-1.0,-0.282842712474619
3d3_L=2.0_S=1.0,2,1,2.0,3.0,1.0,0.0,1.0,1.0,0.0,-0.0,-0.0
3d3_L=2.0_S=1.0,2,1,2.0,3.0,1.0,0.0,1.0,1.0,1.0,0.0,-0.0
3d3_L=2.0_S=1.0,2,1,2.0,3.0,1.0,0.0,1.0,1.0,2.0,0.0,0.0
3d3_L=2.0_S=1.0,2,1,2.0,3.0,1.0,0.0,1.0,2.0,1.0,0.0,-0.0
3d3_L=2.0_S=1.0,2,1,2.0,3.0,1.0,0.0,1.0,2.0,2.0,0.0,0.0
3d3_L=2.0_S=1.0,2,1,2.0,3.0,1.0,0.0,1.0,3.0,2.0,0.0,0.6
3d3_L=2.0_S=1.0,2,1,2.0,3.0,1.0,0.0,2.0,1.0,1.0,0.0,-0.0
3d3_L=2.0_S=1.0,2,1,2.0,3.0,1.0,0.0,2.0,1.0,2.0,0.0,0.0
3d3_L=2.0_S=1.0,2,1,2.0,3.0,1.0,0.0,2.0,2.0,0.0,-0.0,-0.5577733510227167
3d3_L=2.0_S=1.0,2,1,2.0,3.0,1.0,0.0,2.0,2.0,1.0,0.0,-0.0
3d3_L=2.0_S=1.0,2,1,2.0,3.0,1.0,0.0,2.0,2.0,2.0,0.0,0.1333333333333333
3d3_L=2.0_S=1.0,2,1,2.0,3.0,1.0,0.0,2.0,3.0,1.0,0.0,0.0
3d3_L=2.0_S=1.0,2,1,2.0,3.0,1.0,0.0,2.0,3.0,2.0,0.0,-0.2108185106778919
3d3_L=2.0_S=1.0,2,1,2.0,3.0,1.0,0.0,3.0,1.0,2.0,0.0,-0.0
3d3_L=2.0_S=1.0,2,1,2.0,3.0,1.0,0.0,3.0,2.0,1.0,0.0,-0.0
3d3_L=2.0_S=1.0,2,1,2.0,3.0,1.0,0.0,3.0,2.0,2.0,0.0,-0.0
3d3_L=2.0_S=1.0,2,1,2.0,3.0,1.0,0.0,3.0,3.0,0.0,-0.0,0.47140452079103157
3d3_L=2.0_S=1.0,2,1,2.0,3.0,1.0,0.0,3.0,3.0,1.0,0.0,0.0
3d3_L=2.0_S=1.0,2,1,2.0,3.0,1.0,0.0,3.0,3.0,2.0,0.0,-0.3265986323710903
3d3_L=2.0_S=1.0,2,1,2.0,3.0,1.0,1.0,1.0,1.0,1.0,1.0,-0.0
3d3_L=2.0_S=1.0,2,1,2.0,3.0,1.0,1.0,1.0,1.0,2.0,1.0,0.0
3d3_L=2.0_S=1.0,2,1,2.0,3.0,1.0,1.0,1.0,2.0,1.0,1.0,-0.0
3d3_L=2.0_S=1.0,2,1,2.0,3.0,1.0,1.0,1.0,2.0,2.0,1.0,0.0
3d3_L=2.0_S=1.0,2,1,2.0,3.0,1.0,1.0,1.0,3.0,2.0,1.0,0.5196152422706632
3d3_L=2.0_S=1.0,2,1,2.0,3.0,1.0,1.0,2.0,1.0,1.0,1.0,-0.0
3d3_L=2.0_S=1.0,2,1,2.0,3.0,1.0,1.0,2.0,1.0,2.0,1.0,0.0
3d3_L=2.0_S=1.0,2,1,2.0,3.0,1.0,1.0,2.0,2.0,1.0,1.0,-0.39440531887330765
3d3_L=2.0_S=1.0,2,1,2.0,3.0,1.0,1.0,2.0,2.0,2.0,1.0,0.11547005383792515
3d3_L=2.0_S=1.0,2,1,2.0,3.0,1.0,1.0,2.0,3.0,1.0,1.0,1.4999999999999998
3d3_L=2.0_S=1.0,2,1,2.0,3.0,1.0,1.0,2.0,3.0,2.0,1.0,-0.18257418583505536
3d3_L=2.0_S=1.0,2,1,2.0,3.0,1.0,1.0,3.0,1.0,2.0,1.0,-0.0
3d3_L=2.0_S=1.0,2,1,2.0,3.0,1.0,1.0,3.0,2.0,1.0,1.0,-0.0
3d3_L=2.0_S=1.0,2,1,2.0,3.0,1.0,1.0,3.0,2.0,2.0,1.0,-0.0
3d3_L=2.0_S=1.0,2,1,2.0,3.0,1.0,1.0,3.0,3.0,1.0,1.0,0.4714045207910317
3d3_L=2.0_S=1.0,2,1,2.0,3.0,1.0,1.0,3.0,3.0,2.0,1.0,-0.282842712474619
3d3_L=2.0_S=1.0,2,1,2.0,3.0,2.0,-2.0,1.0,1.0,2.0,-2.0,-0.0
3d3_L=2.0_S=1.0,2,1,2.0,3.0,2.0,-2.0,1.0,2.0,2.0,-2.0,-0.0
3d3_L=2.0_S=1.0,2,1,2.0,3.0,2.0,-2.0,1.0,2.0,3.0,-2.0,0.0
3d3_L=2.0_S=1.0,2,1,2.0,3.0,2.0,-2.0,1.0,3.0,2.0,-2.0,-0.6324555320336758
3d3_L=2.0_S=1.0,2,1,2.0,3.0,2.0,-2.0,1.0,3.0,3.0,-2.0,0.26726124191242434
3d3_L=2.0_S=1.0,2,1,2.0,3.0,2.0,-2.0,2.0,1.0,2.0,-2.0,-0.0
3d3_L=2.0_S=1.0,2,1,2.0,3.0,2.0,-2.0,2.0,1.0,3.0,-2.0,0.0
3d3_L=2.0_S=1.0,2,1,2.0,3.0,2.0,-2.0,2.0,2.0,2.0,-2.0,0.4216370213557839
3d3_L=2.0_S=1.0,2,1,2.0,3.0,2.0,-2.0,2.0,2.0,3.0,-2.0,0.07968190728895956
3d3_L=2.0_S=1.0,2,1,2.0,3.0,2.0,-2.0,2.0,3.0,2.0,-2.0,-2.666666666666666
3d3_L=2.0_S=1.0,2,1,2.0,3.0,2.0,-2.0,2.0,3.0,3.0,-2.0,-0.15430334996209186
3d3_L=2.0_S=1.0,2,1,2.0,3.0,2.0,-2.0,3.0,1.0,2.0,-2.0,-0.0
3d3_L=2.0_S=1.0,2,1,2.0,3.0,2.0,-2.0,3.0,1.0,3.0,-2.0,-0.0
3d3_L=2.0_S=1.0,2,1,2.0,3.0,2.0,-2.0,3.0,2.0,2.0,-2.0,-0.0
3d3_L=2.0_S=1.0,2,1,2.0,3.0,2.0,-2.0,3.0,2.0,3.0,-2.0,0.0
3d3_L=2.0_S=1.0,2,1,2.0,3.0,2.0,-2.0,3.0,3.0,2.0,-2.0,-0.5163977794943222
3d3_L=2.0_S=1.0,2,1,2.0,3.0,2.0,-2.0,3.0,3.0,3.0,-2.0,-0.3086066999241838
3d3_L=2.0_S=1.0,2,1,2.0,3.0,2.0,-1.0,1.0,1.0,1.0,-1.0,0.0
3d3_L=2.0_S=1.0,2,1,2.0,3.0,2.0,-1.0,1.0,1.0,2.0,-1.0,-0.0
3d3_L=2.0_S=1.0,2,1,2.0,3.0,2.0,-1.0,1.0,2.0,1.0,-1.0,-0.0
3d3_L=2.0_S=1.0,2,1,2.0,3.0,2.0,-1.0,1.0,2.0,2.0,-1.0,-0.0
3d3_L=2.0_S=1.0,2,1,2.0,3.0,2.0,-1.0,1.0,2.0,3.0,-1.0,0.0
3d3_L=2.0_S=1.0,2,1,2.0,3.0,2.0,-1.0,1.0,3.0,2.0,-1.0,-0.31622776601683794
3d3_L=2.0_S=1.0,2,1,2.0,3.0,2.0,-1.0,1.0,3.0,3.0,-1.0,0.33806170189140655
3d3_L=2.0_S=1.0,2,1,2.0,3.0,2.0,-1.0,2.0,1.0,1.0,-1.0,0.0
3d3_L=2.0_S=1.0,2,1,2.0,3.0,2.0,-1.0,2.0,1.0,2.0,-1.0,-0.0
3d3_L=2.0_S=1.0,2,1,2.0,3.0,2.0,-1.0,2.0,1.0,3.0,-1.0,0.0
3d3_L=2.0_S=1.0,2,1,2.0,3.0,2.0,-1.0,2.0,2.0,1.0,-1.0,-0.43204937989385733
3d3_L=2.0_S=1.0,2,1,2.0,3.0,2.0,-1.0,2.0,2.0,2.0,-1.0,0.21081851067789198
3d3_L=2.0_S=1.0,2,1,2.0,3.0,2.0,-1.0,2.0,2.0,3.0,-1.0,0.1007905261357939
3d3_L=2.0_S=1.0,2,1,2.0,3.0,2.0,-1.0,2.0,3.0,1.0,-1.0,-0.18257418583505564
3d3_L=2.0_S=1.0,2,1,2.0,3.0,2.0,-1.0,2.0,3.0,2.0,-1.0,-1.3333333333333333
3d3_L=2.0_S=1.0,2,1,2.0,3.0,2.0,-1.0,2.0,3.0,3.0,-1.0,-0.19518001458970657
3d3_L=2.0_S=1.0,2,1,2.0,3.0,2.0,-1.0,3.0,1.0,2.0,-1.0,-0.0
3d3_L=2.0_S=1.0,2,1,2.0,3.0,2.0,-1.0,3.0,1.0,3.0,-1.0,-0.0
3d3_L=2.0_S=1.0,2,1,2.0,3.0,2.0,-1.0,3.0,2.0,1.0,-1.0,-0.0
3d3_L=2.0_S=1.0,2,1,2.0,3.0,2.0,-1.0,3.0,2.0,2.0,-1.0,-0.0
3d3_L=2.0_S=1.0,2,1,2.0,3.0,2.0,-1.0,3.0,2.0,3.0,-1.0,0.0
3d3_L=2.0_S=1.0,2,1,2.0,3.0,2.0,-1.0,3.0,3.0,1.0,-1.0,0.2581988897471611
3d3_L=2.0_S=1.0,2,1,2.0,3.0,2.0,-1.0,3.0,3.0,2.0,-1.0,-0.25819888974716115
3d3_L=2.0_S=1.0,2,1,2.0,3.0,2.0,-1.0,3.0,3.0,3.0,-1.0,-0.3903600291794132
3d3_L=2.0_S=1.0,2,1,2.0,3.0,2.0,0.0,1.0,1.0,1.0,0.0,0.0
3d3_L=2.0_S=1.0,2,1,2.0,3.0,2.0,0.0,1.0,1.0,2.0,0.0,-0.0
3d3_L=2.0_S=1.0,2,1,2.0,3.0,2.0,0.0,1.0,2.0,1.0,0.0,-0.0
3d3_L=2.0_S=1.0,2,1,2.0,3.0,2.0,0.0,1.0,2.0,2.0,0.0,-0.0
3d3_L=2.0_S=1.0,2,1,2.0,3.0,2.0,0.0,1.0,2.0,3.0,0.0,0.0
3d3_L=2.0_S=1.0,2,1,2.0,3.0,2.0,0.0,1.0,3.0,2.0,0.0,-0.0
3d3_L=2.0_S=1.0,2,1,2.0,3.0,2.0,0.0,1.0,3.0,3.0,0.0,0.3585685828003181
3d3_L=2.0_S=1.0,2,1,2.0,3.0,2.0,0.0,2.0,1.0,1.0,0.0,0.0
3d3_L=2.0_S=1.0,2,1,2.0,3.0,2.0,0.0,2.0,1.0,2.0,0.0,-0.0
3d3_L=2.0_S=1.0,2,1,2.0,3.0,2.0,0.0,2.0,1.0,3.0,0.0,0.0
3d3_L=2.0_S=1.0,2,1,2.0,3.0,2.0,0.0,2.0,2.0,1.0,0.0,-0.49888765156985876
3d3_L=2.0_S=1.0,2,1,2.0,3.0,2.0,0.0,2.0,2.0,2.0,0.0,0.0
3d3_L=2.0_S=1.0,2,1,2.0,3.0,2.0,0.0,2.0,2.0,3.0,0.0,0.10690449676496974
3d3_L=2.0_S=1.0,2,1,2.0,3.0,2.0,0.0,2.0,3.0,1.0,0.0,-0.21081851067789223
3d3_L=2.0_S=1.0,2,1,2.0,3.0,2.0,0.0,2.0,3.0,2.0,0.0,-0.0
3d3_L=2.0_S=1.0,2,1,2.0,3.0,2.0,0.0,2.0,3.0,3.0,0.0,-0.20701966780270623
3d3_L=2.0_S=1.0,2,1,2.0,3.0,2.0,0.0,3.0,1.0,2.0,0.0,-0.0
3d3_L=2.0_S=1.0,2,1,2.0,3.0,2.0,0.0,3.0,1.0,3.0,0.0,-0.0
3d3_L=2.0_S=1.0,2,1,2.0,3.0,2.0,0.0,3.0,2.0,1.0,0.0,-0.0
3d3_L=2.0_S=1.0,2,1,2.0,3.0,2.0,0.0,3.0,2.0,2.0,0.0,-0.0
3d3_L=2.0_S=1.0,2,1,2.0,3.0,2.0,0.0,3.0,2.0,3.0,0.0,0.0
3d3_L=2.0_S=1.0,2,1,2.0,3.0,2.0,0.0,3.0,3.0,1.0,0.0,0.2981423969999719
3d3_L=2.0_S=1.0,2,1,2.0,3.0,2.0,0.0,3.0,3.0,2.0,0.0,-0.0
3d3_L=2.0_S=1.0,2,1,2.0,3.0,2.0,0.0,3.0,3.0,3.0,0.0,-0.41403933560541256
3d3_L=2.0_S=1.0,2,1,2.0,3.0,2.0,1.0,1.0,1.0,1.0,1.0,0.0
3d3_L=2.0_S=1.0,2,1,2.0,3.0,2.0,1.0,1.0,1.0,2.0,1.0,0.0
3d3_L=2.0_S=1.0,2,1,2.0,3.0,2.0,1.0,1.0,2.0,1.0,1.0,-0.0
3d3_L=2.0_S=1.0,2,1,2.0,3.0,2.0,1.0,1.0,2.0,2.0,1.0,0.0
3d3_L=2.0_S=1.0,2,1,2.0,3.0,2.0,1.0,1.0,2.0,3.0,1.0,0.0
3d3_L=2.0_S=1.0,2,1,2.0,3.0,2.0,1.0,1.0,3.0,2.0,1.0,0.31622776601683794
3d3_L=2.0_S=1.0,2,1,2.0,3.0,2.0,1.0,1.0,3.0,3.0,1.0,0.33806170189140655
3d3_L=2.0_S=1.0,2,1,2.0,3.0,2.0,1.0,2.0,1.0,1.0,1.0,0.0
3d3_L=2.0_S=1.0,2,1,2.0,3.0,2.0,1.0,2.0,1.0,2.0,1.0,0.0
3d3_L=2.0_S=1.0,2,1,2.0,3.0,2.0,1.0,2.0,1.0,3.0,1.0,0.0
3d3_L=2.0_S=1.0,2,1,2.0,3.0,2.0,1.0,2.0,2.0,1.0,1.0,-0.43204937989385733
3d3_L=2.0_S=1.0,2,1,2.0,3.0,2.0,1.0,2.0,2.0,2.0,1.0,-0.21081851067789198
3d3_L=2.0_S=1.0,2,1,2.0,3.0,2.0,1.0,2.0,2.0,3.0,1.0,0.1007905261357939
3d3_L=2.0_S=1.0,2,1,2.0,3.0,2.0,1.0,2.0,3.0,1.0,1.0,-0.18257418583505564
3d3_L=2.0_S=1.0,2,1,2.0,3.0,2.0,1.0,2.0,3.0,2.0,1.0,1.3333333333333333
3d3_L=2.0_S=1.0,2,1,2.0,3.0,2.0,1.0,2.0,3.0,3.0,1.0,-0.19518001458970657
3d3_L=2.0_S=1.0,2,1,2.0,3.0,2.0,1.0,3.0,1.0,2.0,1.0,0.0
3d3_L=2.0_S=1.0,2,1,2.0,3.0,2.0,1.0,3.0,1.0,3.0,1.0,-0.0
3d3_L=2.0_S=1.0,2,1,2.0,3.0,2.0,1.0,3.0,2.0,1.0,1.0,-0.0
3d3_L=2.0_S=1.0,2,1,2.0,3.0,2.0,1.0,3.0,2.0,2.0,1.0,0.0
3d3_L=2.0_S=1.0,2,1,2.0,3.0,2.0,1.0,3.0,2.0,3.0,1.0,0.0
3d3_L=2.0_S=1.0,2,1,2.0,3.0,2.0,1.0,3.0,3.0,1.0,1.0,0.2581988897471611
3d3_L=2.0_S=1.0,2,1,2.0,3.0,2.0,1.0,3.0,3.0,2.0,1.0,0.25819888974716115
3d3_L=2.0_S=1.0,2,1,2.0,3.0,2.0,1.0,3.0,3.0,3.0,1.0,-0.3903600291794132
3d3_L=2.0_S=1.0,2,1,2.0,3.0,2.0,2.0,1.0,1.0,2.0,2.0,0.0
3d3_L=2.0_S=1.0,2,1,2.0,3.0,2.0,2.0,1.0,2.0,2.0,2.0,0.0
3d3_L=2.0_S=1.0,2,1,2.0,3.0,2.0,2.0,1.0,2.0,3.0,2.0,0.0
3d3_L=2.0_S=1.0,2,1,2.0,3.0,2.0,2.0,1.0,3.0,2.0,2.0,0.6324555320336758
3d3_L=2.0_S=1.0,2,1,2.0,3.0,2.0,2.0,1.0,3.0,3.0,2.0,0.26726124191242434
3d3_L=2.0_S=1.0,2,1,2.0,3.0,2.0,2.0,2.0,1.0,2.0,2.0,0.0
3d3_L=2.0_S=1.0,2,1,2.0,3.0,2.0,2.0,2.0,1.0,3.0,2.0,0.0
3d3_L=2.0_S=1.0,2,1,2.0,3.0,2.0,2.0,2.0,2.0,2.0,2.0,-0.4216370213557839
3d3_L=2.0_S=1.0,2,1,2.0,3.0,2.0,2.0,2.0,2.0,3.0,2.0,0.07968190728895956
3d3_L=2.0_S=1.0,2,1,2.0,3.0,2.0,2.0,2.0,3.0,2.0,2.0,2.666666666666666
3d3_L=2.0_S=1.0,2,1,2.0,3.0,2.0,2.0,2.0,3.0,3.0,2.0,-0.15430334996209186
3d3_L=2.0_S=1.0,2,1,2.0,3.0,2.0,2.0,3.0,1.0,2.0,2.0,0.0
3d3_L=2.0_S=1.0,2,1,2.0,3.0,2.0,2.0,3.0,1.0,3.0,2.0,-0.0
3d3_L=2.0_S=1.0,2,1,2.0,3.0,2.0,2.0,3.0,2.0,2.0,2.0,0.0
3d3_L=2.0_S=1.0,2,1,2.0,3.0,2.0,2.0,3.0,2.0,3.0,2.0,0.0
3d3_L=2.0_S=1.0,2,1,2.0,3.0,2.0,2.0,3.0,3.0,2.0,2.0,0.5163977794943222
3d3_L=2.0_S=1.0,2,1,2.0,3.0,2.0,2.0,3.0,3.0,3.0,2.0,-0.3086066999241838
3d3_L=2.0_S=1.0,2,1,2.0,3.0,3.0,-3.0,1.0,2.0,3.0,-3.0,0.0
3d3_L=2.0_S=1.0,2,1,2.0,3.0,3.0,-3.0,1.0,3.0,3.0,-3.0,-0.649519052838329
3d3_L=2.0_S=1.0,2,1,2.0,3.0,3.0,-3.0,1.0,3.0,4.0,-3.0,0.125
3d3_L=2.0_S=1.0,2,1,2.0,3.0,3.0,-3.0,2.0,1.0,3.0,-3.0,0.0
3d3_L=2.0_S=1.0,2,1,2.0,3.0,3.0,-3.0,2.0,2.0,3.0,-3.0,0.3872983346207417
3d3_L=2.0_S=1.0,2,1,2.0,3.0,3.0,-3.0,2.0,2.0,4.0,-3.0,0.04303314829119353
3d3_L=2.0_S=1.0,2,1,2.0,3.0,3.0,-3.0,2.0,3.0,3.0,-3.0,-3.8750000000000013
3d3_L=2.0_S=1.0,2,1,2.0,3.0,3.0,-3.0,2.0,3.0,4.0,-3.0,-0.12028130608117188
3d3_L=2.0_S=1.0,2,1,2.0,3.0,3.0,-3.0,3.0,1.0,3.0,-3.0,0.0
3d3_L=2.0_S=1.0,2,1,2.0,3.0,3.0,-3.0,3.0,1.0,4.0,-3.0,-0.0
3d3_L=2.0_S=1.0,2,1,2.0,3.0,3.0,-3.0,3.0,2.0,3.0,-3.0,0.0
3d3_L=2.0_S=1.0,2,1,2.0,3.0,3.0,-3.0,3.0,2.0,4.0,-3.0,-0.0
3d3_L=2.0_S=1.0,2,1,2.0,3.0,3.0,-3.0,3.0,3.0,3.0,-3.0,-0.5
3d3_L=2.0_S=1.0,2,1,2.0,3.0,3.0,-3.0,3.0,3.0,4.0,-3.0,-0.3191423692521128
3d3_L=2.0_S=1.0,2,1,2.0,3.0,3.0,-2.0,1.0,1.0,2.0,-2.0,-0.0
3d3_L=2.0_S=1.0,2,1,2.0,3.0,3.0,-2.0,1.0,2.0,2.0,-2.0,-0.0
3d3_L=2.0_S=1.0,2,1,2.0,3.0,3.0,-2.0,1.0,2.0,3.0,-2.0,0.0
3d3_L=2.0_S=1.0,2,1,2.0,3.0,3.0,-2.0,1.0,3.0,2.0,-2.0,-0.29277002188455997
3d3_L=2.0_S=1.0,2,1,2.0,3.0,3.0,-2.0,1.0,3.0,3.0,-2.0,-0.4330127018922192
3d3_L=2.0_S=1.0,2,1,2.0,3.0,3.0,-2.0,1.0,3.0,4.0,-2.0,0.16366341767699424
3d3_L=2.0_S=1.0,2,1,2.0,3.0,3.0,-2.0,2.0,1.0,2.0,-2.0,0.0
3d3_L=2.0_S=1.0,2,1,2.0,3.0,3.0,-2.0,2.0,1.0,3.0,-2.0,0.0
3d3_L=2.0_S=1.0,2,1,2.0,3.0,3.0,-2.0,2.0,2.0,2.0,-2.0,-0.39036002917941326
3d3_L=2.0_S=1.0,2,1,2.0,3.0,3.0,-2.0,2.0,2.0,3.0,-2.0,0.2581988897471611
3d3_L=2.0_S=1.0,2,1,2.0,3.0,3.0,-2.0,2.0,2.0,4.0,-2.0,0.0563436169819011
3d3_L=2.0_S=1.0,2,1,2.0,3.0,3.0,-2.0,2.0,3.0,2.0,-2.0,-0.15430334996209202
3d3_L=2.0_S=1.0,2,1,2.0,3.0,3.0,-2.0,2.0,3.0,3.0,-2.0,-2.5833333333333335
3d3_L=2.0_S=1.0,2,1,2.0,3.0,3.0,-2.0,2.0,3.0,4.0,-2.0,-0.15748519708717776
3d3_L=2.0_S=1.0,2,1,2.0,3.0,3.0,-2.0,3.0,1.0,2.0,-2.0,0.0
3d3_L=2.0_S=1.0,2,1,2.0,3.0,3.0,-2.0,3.0,1.0,3.0,-2.0,0.0
3d3_L=2.0_S=1.0,2,1,2.0,3.0,3.0,-2.0,3.0,1.0,4.0,-2.0,-0.0
3d3_L=2.0_S=1.0,2,1,2.0,3.0,3.0,-2.0,3.0,2.0,2.0,-2.0,0.0
3d3_L=2.0_S=1.0,2,1,2.0,3.0,3.0,-2.0,3.0,2.0,3.0,-2.0,0.0
3d3_L=2.0_S=1.0,2,1,2.0,3.0,3.0,-2.0,3.0,2.0,4.0,-2.0,-0.0
3d3_L=2.0_S=1.0,2,1,2.0,3.0,3.0,-2.0,3.0,3.0,2.0,-2.0,0.15936381457791915
3d3_L=2.0_S=1.0,2,1,2.0,3.0,3.0,-2.0,3.0,3.0,3.0,-2.0,-0.33333333333333326
3d3_L=2.0_S=1.0,2,1,2.0,3.0,3.0,-2.0,3.0,3.0,4.0,-2.0,-0.4178554470186725
3d3_L=2.0_S=1.0,2,1,2.0,3.0,3.0,-1.0,1.0,1.0,2.0,-1.0,-0.0
3d3_L=2.0_S=1.0,2,1,2.0,3.0,3.0,-1.0,1.0,2.0,2.0,-1.0,-0.0
3d3_L=2.0_S=1.0,2,1,2.0,3.0,3.0,-1.0,1.0,2.0,3.0,-1.0,0.0
3d3_L=2.0_S=1.0,2,1,2.0,3.0,3.0,-1.0,1.0,3.0,2.0,-1.0,-0.3703280399090205
3d3_L=2.0_S=1.0,2,1,2.0,3.0,3.0,-1.0,1.0,3.0,3.0,-1.0,-0.2165063509461096
3d3_L=2.0_S=1.0,2,1,2.0,3.0,3.0,-1.0,1.0,3.0,4.0,-1.0,0.18298126367784995
3d3_L=2.0_S=1.0,2,1,2.0,3.0,3.0,-1.0,2.0,1.0,2.0,-1.0,0.0
3d3_L=2.0_S=1.0,2,1,2.0,3.0,3.0,-1.0,2.0,1.0,3.0,-1.0,0.0
3d3_L=2.0_S=1.0,2,1,2.0,3.0,3.0,-1.0,2.0,2.0,2.0,-1.0,-0.49377071987869403
3d3_L=2.0_S=1.0,2,1,2.0,3.0,3.0,-1.0,2.0,2.0,3.0,-1.0,0.12909944487358055
3d3_L=2.0_S=1.0,2,1,2.0,3.0,3.0,-1.0,2.0,2.0,4.0,-1.0,0.06299407883487121
3d3_L=2.0_S=1.0,2,1,2.0,3.0,3.0,-1.0,2.0,3.0,2.0,-1.0,-0.19518001458970674
3d3_L=2.0_S=1.0,2,1,2.0,3.0,3.0,-1.0,2.0,3.0,3.0,-1.0,-1.2916666666666667
3d3_L=2.0_S=1.0,2,1,2.0,3.0,3.0,-1.0,2.0,3.0,4.0,-1.0,-0.1760738030684407
3d3_L=2.0_S=1.0,2,1,2.0,3.0,3.0,-1.0,3.0,1.0,2.0,-1.0,0.0
3d3_L=2.0_S=1.0,2,1,2.0,3.0,3.0,-1.0,3.0,1.0,3.0,-1.0,0.0
3d3_L=2.0_S=1.0,2,1,2.0,3.0,3.0,-1.0,3.0,1.0,4.0,-1.0,-0.0
3d3_L=2.0_S=1.0,2,1,2.0,3.0,3.0,-1.0,3.0,2.0,2.0,-1.0,0.0
3d3_L=2.0_S=1.0,2,1,2.0,3.0,3.0,-1.0,3.0,2.0,3.0,-1.0,0.0
3d3_L=2.0_S=1.0,2,1,2.0,3.0,3.0,-1.0,3.0,2.0,4.0,-1.0,-0.0
3d3_L=2.0_S=1.0,2,1,2.0,3.0,3.0,-1.0,3.0,3.0,2.0,-1.0,0.20158105227158785
3d3_L=2.0_S=1.0,2,1,2.0,3.0,3.0,-1.0,3.0,3.0,3.0,-1.0,-0.16666666666666663
3d3_L=2.0_S=1.0,2,1,2.0,3.0,3.0,-1.0,3.0,3.0,4.0,-1.0,-0.4671765921511568
3d3_L=2.0_S=1.0,2,1,2.0,3.0,3.0,0.0,1.0,1.0,2.0,0.0,-0.0
3d3_L=2.0_S=1.0,2,1,2.0,3.0,3.0,0.0,1.0,2.0,2.0,0.0,-0.0
3d3_L=2.0_S=1.0,2,1,2.0,3.0,3.0,0.0,1.0,2.0,3.0,0.0,-0.0
3d3_L=2.0_S=1.0,2,1,2.0,3.0,3.0,0.0,1.0,3.0,2.0,0.0,-0.3927922024247863
3d3_L=2.0_S=1.0,2,1,2.0,3.0,3.0,0.0,1.0,3.0,3.0,0.0,0.0
3d3_L=2.0_S=1.0,2,1,2.0,3.0,3.0,0.0,1.0,3.0,4.0,0.0,0.18898223650461363
3d3_L=2.0_S=1.0,2,1,2.0,3.0,3.0,0.0,2.0,1.0,2.0,0.0,0.0
3d3_L=2.0_S=1.0,2,1,2.0,3.0,3.0,0.0,2.0,1.0,3.0,0.0,-0.0
3d3_L=2.0_S=1.0,2,1,2.0,3.0,3.0,0.0,2.0,2.0,2.0,0.0,-0.5237229365663817
3d3_L=2.0_S=1.0,2,1,2.0,3.0,3.0,0.0,2.0,2.0,3.0,0.0,-0.0
3d3_L=2.0_S=1.0,2,1,2.0,3.0,3.0,0.0,2.0,2.0,4.0,0.0,0.06506000486323556
3d3_L=2.0_S=1.0,2,1,2.0,3.0,3.0,0.0,2.0,3.0,2.0,0.0,-0.20701966780270642
3d3_L=2.0_S=1.0,2,1,2.0,3.0,3.0,0.0,2.0,3.0,3.0,0.0,0.0
3d3_L=2.0_S=1.0,2,1,2.0,3.0,3.0,0.0,2.0,3.0,4.0,0.0,-0.18184824186332674
3d3_L=2.0_S=1.0,2,1,2.0,3.0,3.0,0.0,3.0,1.0,2.0,0.0,0.0
3d3_L=2.0_S=1.0,2,1,2.0,3.0,3.0,0.0,3.0,1.0,3.0,0.0,-0.0
3d3_L=2.0_S=1.0,2,1,2.0,3.0,3.0,0.0,3.0,1.0,4.0,0.0,-0.0
3d3_L=2.0_S=1.0,2,1,2.0,3.0,3.0,0.0,3.0,2.0,2.0,0.0,0.0
3d3_L=2.0_S=1.0,2,1,2.0,3.0,3.0,0.0,3.0,2.0,3.0,0.0,-0.0
3d3_L=2.0_S=1.0,2,1,2.0,3.0,3.0,0.0,3.0,2.0,4.0,0.0,-0.0
3d3_L=2.0_S=1.0,2,1,2.0,3.0,3.0,0.0,3.0,3.0,2.0,0.0,0.21380899352993954
3d3_L=2.0_S=1.0,2,1,2.0,3.0,3.0,0.0,3.0,3.0,3.0,0.0,0.0
3d3_L=2.0_S=1.0,2,1,2.0,3.0,3.0,0.0,3.0,3.0,4.0,0.0,-0.4824979096371641
3d3_L=2.0_S=1.0,2,1,2.0,3.0,3.0,1.0,1.0,1.0,2.0,1.0,-0.0
3d3_L=2.0_S=1.0,2,1,2.0,3.0,3.0,1.0,1.0,2.0,2.0,1.0,-0.0
3d3_L=2.0_S=1.0,2,1,2.0,3.0,3.0,1.0,1.0,2.0,3.0,1.0,-0.0
3d3_L=2.0_S=1.0,2,1,2.0,3.0,3.0,1.0,1.0,3.0,2.0,1.0,-0.3703280399090205
3d3_L=2.0_S=1.0,2,1,2.0,3.0,3.0,1.0,1.0,3.0,3.0,1.0,0.2165063509461096
3d3_L=2.0_S=1.0,2,1,2.0,3.0,3.0,1.0,1.0,3.0,4.0,1.0,0.18298126367784995
3d3_L=2.0_S=1.0,2,1,2.0,3.0,3.0,1.0,2.0,1.0,2.0,1.0,0.0
3d3_L=2.0_S=1.0,2,1,2.0,3.0,3.0,1.0,2.0,1.0,3.0,1.0,-0.0
3d3_L=2.0_S=1.0,2,1,2.0,3.0,3.0,1.0,2.0,2.0,2.0,1.0,-0.49377071987869403
3d3_L=2.0_S=1.0,2,1,2.0,3.0,3.0,1.0,2.0,2.0,3.0,1.0,-0.12909944487358055
3d3_L=2.0_S=1.0,2,1,2.0,3.0,3.0,1.0,2.0,2.0,4.0,1.0,0.06299407883487121
3d3_L=2.0_S=1.0,2,1,2.0,3.0,3.0,1.0,2.0,3.0,2.0,1.0,-0.19518001458970674
3d3_L=2.0_S=1.0,2,1,2.0,3.0,3.0,1.0,2.0,3.0,3.0,1.0,1.2916666666666667
3d3_L=2.0_S=1.0,2,1,2.0,3.0,3.0,1.0,2.0,3.0,4.0,1.0,-0.1760738030684407
3d3_L=2.0_S=1.0,2,1,2.0,3.0,3.0,1.0,3.0,1.0,2.0,1.0,0.0
3d3_L=2.0_S=1.0,2,1,2.0,3.0,3.0,1.0,3.0,1.0,3.0,1.0,-0.0
3d3_L=2.0_S=1.0,2,1,2.0,3.0,3.0,1.0,3.0,1.0,4.0,1.0,-0.0
3d3_L=2.0_S=1.0,2,1,2.0,3.0,3.0,1.0,3.0,2.0,2.0,1.0,0.0
3d3_L=2.0_S=1.0,2,1,2.0,3.0,3.0,1.0,3.0,2.0,3.0,1.0,-0.0
3d3_L=2.0_S=1.0,2,1,2.0,3.0,3.0,1.0,3.0,2.0,4.0,1.0,-0.0
3d3_L=2.0_S=1.0,2,1,2.0,3.0,3.0,1.0,3.0,3.0,2.0,1.0,0.20158105227158785
3d3_L=2.0_S=1.0,2,1,2.0,3.0,3.0,1.0,3.0,3.0,3.0,1.0,0.16666666666666663
3d3_L=2.0_S=1.0,2,1,2.0,3.0,3.0,1.0,3.0,3.0,4.0,1.0,-0.4671765921511568
3d3_L=2.0_S=1.0,2,1,2.0,3.0,3.0,2.0,1.0,1.0,2.0,2.0,-0.0
3d3_L=2.0_S=1.0,2,1,2.0,3.0,3.0,2.0,1.0,2.0,2.0,2.0,-0.0
3d3_L=2.0_S=1.0,2,1,2.0,3.0,3.0,2.0,1.0,2.0,3.0,2.0,-0.0
3d3_L=2.0_S=1.0,2,1,2.0,3.0,3.0,2.0,1.0,3.0,2.0,2.0,-0.29277002188455997
3d3_L=2.0_S=1.0,2,1,2.0,3.0,3.0,2.0,1.0,3.0,3.0,2.0,0.4330127018922192
3d3_L=2.0_S=1.0,2,1,2.0,3.0,3.0,2.0,1.0,3.0,4.0,2.0,0.16366341767699424
3d3_L=2.0_S=1.0,2,1,2.0,3.0,3.0,2.0,2.0,1.0,2.0,2.0,0.0
3d3_L=2.0_S=1.0,2,1,2.0,3.0,3.0,2.0,2.0,1.0,3.0,2.0,-0.0
3d3_L=2.0_S=1.0,2,1,2.0,3.0,3.0,2.0,2.0,2.0,2.0,2.0,-0.39036002917941326
3d3_L=2.0_S=1.0,2,1,2.0,3.0,3.0,2.0,2.0,2.0,3.0,2.0,-0.2581988897471611
3d3_L=2.0_S=1.0,2,1,2.0,3.0,3.0,2.0,2.0,2.0,4.0,2.0,0.0563436169819011
3d3_L=2.0_S=1.0,2,1,2.0,3.0,3.0,2.0,2.0,3.0,2.0,2.0,-0.15430334996209202
3d3_L=2.0_S=1.0,2,1,2.0,3.0,3.0,2.0,2.0,3.0,3.0,2.0,2.5833333333333335
3d3_L=2.0_S=1.0,2,1,2.0,3.0,3.0,2.0,2.0,3.0,4.0,2.0,-0.15748519708717776
3d3_L=2.0_S=1.0,2,1,2.0,3.0,3.0,2.0,3.0,1.0,2.0,2.0,0.0
3d3_L=2.0_S=1.0,2,1,2.0,3.0,3.0,2.0,3.0,1.0,3.0,2.0,-0.0
3d3_L=2.0_S=1.0,2,1,2.0,3.0,3.0,2.0,3.0,1.0,4.0,2.0,-0.0
3d3_L=2.0_S=1.0,2,1,2.0,3.0,3.0,2.0,3.0,2.0,2.0,2.0,0.0
3d3_L=2.0_S=1.0,2,1,2.0,3.0,3.0,2.0,3.0,2.0,3.0,2.0,-0.0
3d3_L=2.0_S=1.0,2,1,2.0,3.0,3.0,2.0,3.0,2.0,4.0,2.0,-0.0
3d3_L=2.0_S=1.0,2,1,2.0,3.0,3.0,2.0,3.0,3.0,2.0,2.0,0.15936381457791915
3d3_L=2.0_S=1.0,2,1,2.0,3.0,3.0,2.0,3.0,3.0,3.0,2.0,0.33333333333333326
3d3_L=2.0_S=1.0,2,1,2.0,3.0,3.0,2.0,3.0,3.0,4.0,2.0,-0.4178554470186725
3d3_L=2.0_S=1.0,2,1,2.0,3.0,3.0,3.0,1.0,2.0,3.0,3.0,-0.0
3d3_L=2.0_S=1.0,2,1,2.0,3.0,3.0,3.0,1.0,3.0,3.0,3.0,0.649519052838329
3d3_L=2.0_S=1.0,2,1,2.0,3.0,3.0,3.0,1.0,3.0,4.0,3.0,0.125
3d3_L=2.0_S=1.0,2,1,2.0,3.0,3.0,3.0,2.0,1.0,3.0,3.0,-0.0
3d3_L=2.0_S=1.0,2,1,2.0,3.0,3.0,3.0,2.0,2.0,3.0,3.0,-0.3872983346207417
3d3_L=2.0_S=1.0,2,1,2.0,3.0,3.0,3.0,2.0,2.0,4.0,3.0,0.04303314829119353
3d3_L=2.0_S=1.0,2,1,2.0,3.0,3.0,3.0,2.0,3.0,3.0,3.0,3.8750000000000013
3d3_L=2.0_S=1.0,2,1,2.0,3.0,3.0,3.0,2.0,3.0,4.0,3.0,-0.12028130608117188
3d3_L=2.0_S=1.0,2,1,2.0,3.0,3.0,3.0,3.0,1.0,3.0,3.0,-0.0
3d3_L=2.0_S=1.0,2,1,2.0,3.0,3.0,3.0,3.0,1.0,4.0,3.0,-0.0
3d3_L=2.0_S=1.0,2,1,2.0,3.0,3.0,3.0,3.0,2.0,3.0,3.0,-0.0
3d3_L=2.0_S=1.0,2,1,2.0,3.0,3.0,3.0,3.0,2.0,4.0,3.0,-0.0
3d3_L=2.0_S=1.0,2,1,2.0,3.0,3.0,3.0,3.0,3.0,3.0,3.0,0.5
3d3_L=2.0_S=1.0,2,1,2.0,3.0,3.0,3.0,3.0,3.0,4.0,3.0,-0.3191423692521128
3d3_L=2.0_S=1.0,2,1,2.0,3.0,4.0,-4.0,1.0,3.0,4.0,-4.0,-0.5196152422706631
3d3_L=2.0_S=1.0,2,1,2.0,3.0,4.0,-4.0,2.0,2.0,4.0,-4.0,0.29814239699997197
3d3_L=2.0_S=1.0,2,1,2.0,3.0,4.0,-4.0,2.0,3.0,4.0,-4.0,-5.1000000000000005
3d3_L=2.0_S=1.0,2,1,2.0,3.0,4.0,-4.0,2.0,3.0,5.0,-4.0,-0.08164965809277262
3d3_L=2.0_S=1.0,2,1,2.0,3.0,4.0,-4.0,3.0,1.0,4.0,-4.0,-0.0
3d3_L=2.0_S=1.0,2,1,2.0,3.0,4.0,-4.0,3.0,2.0,4.0,-4.0,-0.0
3d3_L=2.0_S=1.0,2,1,2.0,3.0,4.0,-4.0,3.0,2.0,5.0,-4.0,-0.0
3d3_L=2.0_S=1.0,2,1,2.0,3.0,4.0,-4.0,3.0,3.0,4.0,-4.0,-0.44221663871405326
3d3_L=2.0_S=1.0,2,1,2.0,3.0,4.0,-4.0,3.0,3.0,5.0,-4.0,-0.3265986323710904
3d3_L=2.0_S=1.0,2,1,2.0,3.0,4.0,-3.0,1.0,2.0,3.0,-3.0,-0.0
3d3_L=2.0_S=1.0,2,1,2.0,3.0,4.0,-3.0,1.0,3.0,3.0,-3.0,-0.375
3d3_L=2.0_S=1.0,2,1,2.0,3.0,4.0,-3.0,1.0,3.0,4.0,-3.0,-0.38971143170299744
3d3_L=2.0_S=1.0,2,1,2.0,3.0,4.0,-3.0,2.0,1.0,3.0,-3.0,0.0
3d3_L=2.0_S=1.0,2,1,2.0,3.0,4.0,-3.0,2.0,2.0,3.0,-3.0,-0.37267799624996495
3d3_L=2.0_S=1.0,2,1,2.0,3.0,4.0,-3.0,2.0,2.0,4.0,-3.0,0.223606797749979
3d3_L=2.0_S=1.0,2,1,2.0,3.0,4.0,-3.0,2.0,3.0,3.0,-3.0,-0.12028130608117188
3d3_L=2.0_S=1.0,2,1,2.0,3.0,4.0,-3.0,2.0,3.0,4.0,-3.0,-3.825000000000001
3d3_L=2.0_S=1.0,2,1,2.0,3.0,4.0,-3.0,2.0,3.0,5.0,-3.0,-0.1088662107903635
3d3_L=2.0_S=1.0,2,1,2.0,3.0,4.0,-3.0,3.0,1.0,3.0,-3.0,0.0
3d3_L=2.0_S=1.0,2,1,2.0,3.0,4.0,-3.0,3.0,1.0,4.0,-3.0,-0.0
3d3_L=2.0_S=1.0,2,1,2.0,3.0,4.0,-3.0,3.0,2.0,3.0,-3.0,-0.0
3d3_L=2.0_S=1.0,2,1,2.0,3.0,4.0,-3.0,3.0,2.0,4.0,-3.0,-0.0
3d3_L=2.0_S=1.0,2,1,2.0,3.0,4.0,-3.0,3.0,2.0,5.0,-3.0,-0.0
3d3_L=2.0_S=1.0,2,1,2.0,3.0,4.0,-3.0,3.0,3.0,3.0,-3.0,0.09622504486493764
3d3_L=2.0_S=1.0,2,1,2.0,3.0,4.0,-3.0,3.0,3.0,4.0,-3.0,-0.33166247903554
3d3_L=2.0_S=1.0,2,1,2.0,3.0,4.0,-3.0,3.0,3.0,5.0,-3.0,-0.4354648431614539
3d3_L=2.0_S=1.0,2,1,2.0,3.0,4.0,-2.0,1.0,2.0,3.0,-2.0,-0.0
3d3_L=2.0_S=1.0,2,1,2.0,3.0,4.0,-2.0,1.0,3.0,3.0,-2.0,-0.49099025303098276
3d3_L=2.0_S=1.0,2,1,2.0,3.0,4.0,-2.0,1.0,3.0,4.0,-2.0,-0.2598076211353315
3d3_L=2.0_S=1.0,2,1,2.0,3.0,4.0,-2.0,2.0,1.0,3.0,-2.0,0.0
3d3_L=2.0_S=1.0,2,1,2.0,3.0,4.0,-2.0,2.0,2.0,3.0,-2.0,-0.48795003647426644
3d3_L=2.0_S=1.0,2,1,2.0,3.0,4.0,-2.0,2.0,2.0,4.0,-2.0,0.14907119849998596
3d3_L=2.0_S=1.0,2,1,2.0,3.0,4.0,-2.0,2.0,3.0,3.0,-2.0,-0.15748519708717776
3d3_L=2.0_S=1.0,2,1,2.0,3.0,4.0,-2.0,2.0,3.0,4.0,-2.0,-2.55
3d3_L=2.0_S=1.0,2,1,2.0,3.0,4.0,-2.0,2.0,3.0,5.0,-2.0,-0.12472191289246476
3d3_L=2.0_S=1.0,2,1,2.0,3.0,4.0,-2.0,3.0,1.0,3.0,-2.0,0.0
3d3_L=2.0_S=1.0,2,1,2.0,3.0,4.0,-2.0,3.0,1.0,4.0,-2.0,-0.0
3d3_L=2.0_S=1.0,2,1,2.0,3.0,4.0,-2.0,3.0,2.0,3.0,-2.0,-0.0
3d3_L=2.0_S=1.0,2,1,2.0,3.0,4.0,-2.0,3.0,2.0,4.0,-2.0,-0.0
3d3_L=2.0_S=1.0,2,1,2.0,3.0,4.0,-2.0,3.0,2.0,5.0,-2.0,-0.0
3d3_L=2.0_S=1.0,2,1,2.0,3.0,4.0,-2.0,3.0,3.0,3.0,-2.0,0.1259881576697424
3d3_L=2.0_S=1.0,2,1,2.0,3.0,4.0,-2.0,3.0,3.0,4.0,-2.0,-0.2211083193570266
3d3_L=2.0_S=1.0,2,1,2.0,3.0,4.0,-2.0,3.0,3.0,5.0,-2.0,-0.4988876515698588
3d3_L=2.0_S=1.0,2,1,2.0,3.0,4.0,-1.0,1.0,2.0,3.0,-1.0,-0.0
3d3_L=2.0_S=1.0,2,1,2.0,3.0,4.0,-1.0,1.0,3.0,3.0,-1.0,-0.5489437910335498
3d3_L=2.0_S=1.0,2,1,2.0,3.0,4.0,-1.0,1.0,3.0,4.0,-1.0,-0.12990381056766576
3d3_L=2.0_S=1.0,2,1,2.0,3.0,4.0,-1.0,2.0,1.0,3.0,-1.0,0.0
3d3_L=2.0_S=1.0,2,1,2.0,3.0,4.0,-1.0,2.0,2.0,3.0,-1.0,-0.5455447255899808
3d3_L=2.0_S=1.0,2,1,2.0,3.0,4.0,-1.0,2.0,2.0,4.0,-1.0,0.07453559924999298
3d3_L=2.0_S=1.0,2,1,2.0,3.0,4.0,-1.0,2.0,3.0,3.0,-1.0,-0.1760738030684407
3d3_L=2.0_S=1.0,2,1,2.0,3.0,4.0,-1.0,2.0,3.0,4.0,-1.0,-1.275
3d3_L=2.0_S=1.0,2,1,2.0,3.0,4.0,-1.0,2.0,3.0,5.0,-1.0,-0.1333333333333334
3d3_L=2.0_S=1.0,2,1,2.0,3.0,4.0,-1.0,3.0,1.0,3.0,-1.0,0.0
3d3_L=2.0_S=1.0,2,1,2.0,3.0,4.0,-1.0,3.0,1.0,4.0,-1.0,-0.0
3d3_L=2.0_S=1.0,2,1,2.0,3.0,4.0,-1.0,3.0,2.0,3.0,-1.0,-0.0
3d3_L=2.0_S=1.0,2,1,2.0,3.0,4.0,-1.0,3.0,2.0,4.0,-1.0,-0.0
3d3_L=2.0_S=1.0,2,1,2.0,3.0,4.0,-1.0,3.0,2.0,5.0,-1.0,-0.0
3d3_L=2.0_S=1.0,2,1,2.0,3.0,4.0,-1.0,3.0,3.0,3.0,-1.0,0.14085904245475275
3d3_L=2.0_S=1.0,2,1,2.0,3.0,4.0,-1.0,3.0,3.0,4.0,-1.0,-0.1105541596785133
3d3_L=2.0_S=1.0,2,1,2.0,3.0,4.0,-1.0,3.0,3.0,5.0,-1.0,-0.5333333333333333
3d3_L=2.0_S=1.0,2,1,2.0,3.0,4.0,0.0,1.0,2.0,3.0,0.0,-0.0
3d3_L=2.0_S=1.0,2,1,2.0,3.0,4.0,0.0,1.0,3.0,3.0,0.0,-0.5669467095138409
3d3_L=2.0_S=1.0,2,1,2.0,3.0,4.0,0.0,1.0,3.0,4.0,0.0,-0.0
3d3_L=2.0_S=1.0,2,1,2.0,3.0,4.0,0.0,2.0,1.0,3.0,0.0,0.0
3d3_L=2.0_S=1.0,2,1,2.0,3.0,4.0,0.0,2.0,2.0,3.0,0.0,-0.563436169819011
3d3_L=2.0_S=1.0,2,1,2.0,3.0,4.0,0.0,2.0,2.0,4.0,0.0,0.0
3d3_L=2.0_S=1.0,2,1,2.0,3.0,4.0,0.0,2.0,3.0,3.0,0.0,-0.18184824186332674
3d3_L=2.0_S=1.0,2,1,2.0,3.0,4.0,0.0,2.0,3.0,4.0,0.0,-0.0
3d3_L=2.0_S=1.0,2,1,2.0,3.0,4.0,0.0,2.0,3.0,5.0,0.0,-0.13608276348795434
3d3_L=2.0_S=1.0,2,1,2.0,3.0,4.0,0.0,3.0,1.0,3.0,0.0,0.0
3d3_L=2.0_S=1.0,2,1,2.0,3.0,4.0,0.0,3.0,1.0,4.0,0.0,-0.0
3d3_L=2.0_S=1.0,2,1,2.0,3.0,4.0,0.0,3.0,2.0,3.0,0.0,-0.0
3d3_L=2.0_S=1.0,2,1,2.0,3.0,4.0,0.0,3.0,2.0,4.0,0.0,-0.0
3d3_L=2.0_S=1.0,2,1,2.0,3.0,4.0,0.0,3.0,2.0,5.0,0.0,-0.0
3d3_L=2.0_S=1.0,2,1,2.0,3.0,4.0,0.0,3.0,3.0,3.0,0.0,0.1454785934906616
3d3_L=2.0_S=1.0,2,1,2.0,3.0,4.0,0.0,3.0,3.0,4.0,0.0,-0.0
3d3_L=2.0_S=1.0,2,1,2.0,3.0,4.0,0.0,3.0,3.0,5.0,0.0,-0.5443310539518172
3d3_L=2.0_S=1.0,2,1,2.0,3.0,4.0,1.0,1.0,2.0,3.0,1.0,-0.0
3d3_L=2.0_S=1.0,2,1,2.0,3.0,4.0,1.0,1.0,3.0,3.0,1.0,-0.5489437910335498
3d3_L=2.0_S=1.0,2,1,2.0,3.0,4.0,1.0,1.0,3.0,4.0,1.0,0.12990381056766576
3d3_L=2.0_S=1.0,2,1,2.0,3.0,4.0,1.0,2.0,1.0,3.0,1.0,0.0
3d3_L=2.0_S=1.0,2,1,2.0,3.0,4.0,1.0,2.0,2.0,3.0,1.0,-0.5455447255899808
3d3_L=2.0_S=1.0,2,1,2.0,3.0,4.0,1.0,2.0,2.0,4.0,1.0,-0.07453559924999298
3d3_L=2.0_S=1.0,2,1,2.0,3.0,4.0,1.0,2.0,3.0,3.0,1.0,-0.1760738030684407
3d3_L=2.0_S=1.0,2,1,2.0,3.0,4.0,1.0,2.0,3.0,4.0,1.0,1.275
3d3_L=2.0_S=1.0,2,1,2.0,3.0,4.0,1.0,2.0,3.0,5.0,1.0,-0.1333333333333334
3d3_L=2.0_S=1.0,2,1,2.0,3.0,4.0,1.0,3.0,1.0,3.0,1.0,0.0
3d3_L=2.0_S=1.0,2,1,2.0,3.0,4.0,1.0,3.0,1.0,4.0,1.0,0.0
3d3_L=2.0_S=1.0,2,1,2.0,3.0,4.0,1.0,3.0,2.0,3.0,1.0,-0.0
3d3_L=2.0_S=1.0,2,1,2.0,3.0,4.0,1.0,3.0,2.0,4.0,1.0,0.0
3d3_L=2.0_S=1.0,2,1,2.0,3.0,4.0,1.0,3.0,2.0,5.0,1.0,-0.0
3d3_L=2.0_S=1.0,2,1,2.0,3.0,4.0,1.0,3.0,3.0,3.0,1.0,0.14085904245475275
3d3_L=2.0_S=1.0,2,1,2.0,3.0,4.0,1.0,3.0,3.0,4.0,1.0,0.1105541596785133
3d3_L=2.0_S=1.0,2,1,2.0,3.0,4.0,1.0,3.0,3.0,5.0,1.0,-0.5333333333333333
3d3_L=2.0_S=1.0,2,1,2.0,3.0,4.0,2.0,1.0,2.0,3.0,2.0,-0.0
3d3_L=2.0_S=1.0,2,1,2.0,3.0,4.0,2.0,1.0,3.0,3.0,2.0,-0.49099025303098276
3d3_L=2.0_S=1.0,2,1,2.0,3.0,4.0,2.0,1.0,3.0,4.0,2.0,0.2598076211353315
3d3_L=2.0_S=1.0,2,1,2.0,3.0,4.0,2.0,2.0,1.0,3.0,2.0,0.0
3d3_L=2.0_S=1.0,2,1,2.0,3.0,4.0,2.0,2.0,2.0,3.0,2.0,-0.48795003647426644
3d3_L=2.0_S=1.0,2,1,2.0,3.0,4.0,2.0,2.0,2.0,4.0,2.0,-0.14907119849998596
3d3_L=2.0_S=1.0,2,1,2.0,3.0,4.0,2.0,2.0,3.0,3.0,2.0,-0.15748519708717776
3d3_L=2.0_S=1.0,2,1,2.0,3.0,4.0,2.0,2.0,3.0,4.0,2.0,2.55
3d3_L=2.0_S=1.0,2,1,2.0,3.0,4.0,2.0,2.0,3.0,5.0,2.0,-0.12472191289246476
3d3_L=2.0_S=1.0,2,1,2.0,3.0,4.0,2.0,3.0,1.0,3.0,2.0,0.0
3d3_L=2.0_S=1.0,2,1,2.0,3.0,4.0,2.0,3.0,1.0,4.0,2.0,0.0
3d3_L=2.0_S=1.0,2,1,2.0,3.0,4.0,2.0,3.0,2.0,3.0,2.0,-0.0
3d3_L=2.0_S=1.0,2,1,2.0,3.0,4.0,2.0,3.0,2.0,4.0,2.0,0.0
3d3_L=2.0_S=1.0,2,1,2.0,3.0,4.0,2.0,3.0,2.0,5.0,2.0,-0.0
3d3_L=2.0_S=1.0,2,1,2.0,3.0,4.0,2.0,3.0,3.0,3.0,2.0,0.1259881576697424
3d3_L=2.0_S=1.0,2,1,2.0,3.0,4.0,2.0,3.0,3.0,4.0,2.0,0.2211083193570266
3d3_L=2.0_S=1.0,2,1,2.0,3.0,4.0,2.0,3.0,3.0,5.0,2.0,-0.4988876515698588
3d3_L=2.0_S=1.0,2,1,2.0,3.0,4.0,3.0,1.0,2.0,3.0,3.0,-0.0
3d3_L=2.0_S=1.0,2,1,2.0,3.0,4.0,3.0,1.0,3.0,3.0,3.0,-0.375
3d3_L=2.0_S=1.0,2,1,2.0,3.0,4.0,3.0,1.0,3.0,4.0,3.0,0.38971143170299744
3d3_L=2.0_S=1.0,2,1,2.0,3.0,4.0,3.0,2.0,1.0,3.0,3.0,0.0
3d3_L=2.0_S=1.0,2,1,2.0,3.0,4.0,3.0,2.0,2.0,3.0,3.0,-0.37267799624996495
3d3_L=2.0_S=1.0,2,1,2.0,3.0,4.0,3.0,2.0,2.0,4.0,3.0,-0.223606797749979
3d3_L=2.0_S=1.0,2,1,2.0,3.0,4.0,3.0,2.0,3.0,3.0,3.0,-0.12028130608117188
3d3_L=2.0_S=1.0,2,1,2.0,3.0,4.0,3.0,2.0,3.0,4.0,3.0,3.825000000000001
3d3_L=2.0_S=1.0,2,1,2.0,3.0,4.0,3.0,2.0,3.0,5.0,3.0,-0.1088662107903635
3d3_L=2.0_S=1.0,2,1,2.0,3.0,4.0,3.0,3.0,1.0,3.0,3.0,0.0
3d3_L=2.0_S=1.0,2,1,2.0,3.0,4.0,3.0,3.0,1.0,4.0,3.0,0.0
3d3_L=2.0_S=1.0,2,1,2.0,3.0,4.0,3.0,3.0,2.0,3.0,3.0,-0.0
3d3_L=2.0_S=1.0,2,1,2.0,3.0,4.0,3.0,3.0,2.0,4.0,3.0,0.0
3d3_L=2.0_S=1.0,2,1,2.0,3.0,4.0,3.0,3.0,2.0,5.0,3.0,-0.0
3d3_L=2.0_S=1.0,2,1,2.0,3.0,4.0,3.0,3.0,3.0,3.0,3.0,0.09622504486493764
3d3_L=2.0_S=1.0,2,1,2.0,3.0,4.0,3.0,3.0,3.0,4.0,3.0,0.33166247903554
3d3_L=2.0_S=1.0,2,1,2.0,3.0,4.0,3.0,3.0,3.0,5.0,3.0,-0.4354648431614539
3d3_L=2.0_S=1.0,2,1,2.0,3.0,4.0,4.0,1.0,3.0,4.0,4.0,0.5196152422706631
3d3_L=2.0_S=1.0,2,1,2.0,3.0,4.0,4.0,2.0,2.0,4.0,4.0,-0.29814239699997197
3d3_L=2.0_S=1.0,2,1,2.0,3.0,4.0,4.0,2.0,3.0,4.0,4.0,5.1000000000000005
3d3_L=2.0_S=1.0,2,1,2.0,3.0,4.0,4.0,2.0,3.0,5.0,4.0,-0.08164965809277262
3d3_L=2.0_S=1.0,2,1,2.0,3.0,4.0,4.0,3.0,1.0,4.0,4.0,0.0
3d3_L=2.0_S=1.0,2,1,2.0,3.0,4.0,4.0,3.0,2.0,4.0,4.0,0.0
3d3_L=2.0_S=1.0,2,1,2.0,3.0,4.0,4.0,3.0,2.0,5.0,4.0,-0.0
3d3_L=2.0_S=1.0,2,1,2.0,3.0,4.0,4.0,3.0,3.0,4.0,4.0,0.44221663871405326
3d3_L=2.0_S=1.0,2,1,2.0,3.0,4.0,4.0,3.0,3.0,5.0,4.0,-0.3265986323710904
3d3_L=2.0_S=1.0,2,1,2.0,3.0,5.0,-5.0,2.0,3.0,5.0,-5.0,-6.333333333333333
3d3_L=2.0_S=1.0,2,1,2.0,3.0,5.0,-5.0,3.0,2.0,5.0,-5.0,0.0
3d3_L=2.0_S=1.0,2,1,2.0,3.0,5.0,-5.0,3.0,3.0,5.0,-5.0,-0.3333333333333333
3d3_L=2.0_S=1.0,2,1,2.0,3.0,5.0,-5.0,3.0,3.0,6.0,-5.0,-0.3333333333333333
3d3_L=2.0_S=1.0,2,1,2.0,3.0,5.0,-4.0,1.0,3.0,4.0,-4.0,-0.4242640687119285
3d3_L=2.0_S=1.0,2,1,2.0,3.0,5.0,-4.0,2.0,2.0,4.0,-4.0,-0.36514837167011077
3d3_L=2.0_S=1.0,2,1,2.0,3.0,5.0,-4.0,2.0,3.0,4.0,-4.0,-0.08164965809277262
3d3_L=2.0_S=1.0,2,1,2.0,3.0,5.0,-4.0,2.0,3.0,5.0,-4.0,-5.066666666666666
3d3_L=2.0_S=1.0,2,1,2.0,3.0,5.0,-4.0,3.0,1.0,4.0,-4.0,0.0
3d3_L=2.0_S=1.0,2,1,2.0,3.0,5.0,-4.0,3.0,2.0,4.0,-4.0,0.0
3d3_L=2.0_S=1.0,2,1,2.0,3.0,5.0,-4.0,3.0,2.0,5.0,-4.0,0.0
3d3_L=2.0_S=1.0,2,1,2.0,3.0,5.0,-4.0,3.0,3.0,4.0,-4.0,0.04923659639173309
3d3_L=2.0_S=1.0,2,1,2.0,3.0,5.0,-4.0,3.0,3.0,5.0,-4.0,-0.2666666666666666
3d3_L=2.0_S=1.0,2,1,2.0,3.0,5.0,-4.0,3.0,3.0,6.0,-4.0,-0.44946657497549475
3d3_L=2.0_S=1.0,2,1,2.0,3.0,5.0,-3.0,1.0,3.0,4.0,-3.0,-0.5656854249492381
3d3_L=2.0_S=1.0,2,1,2.0,3.0,5.0,-3.0,2.0,2.0,4.0,-3.0,-0.4868644955601477
3d3_L=2.0_S=1.0,2,1,2.0,3.0,5.0,-3.0,2.0,3.0,4.0,-3.0,-0.1088662107903635
3d3_L=2.0_S=1.0,2,1,2.0,3.0,5.0,-3.0,2.0,3.0,5.0,-3.0,-3.8
3d3_L=2.0_S=1.0,2,1,2.0,3.0,5.0,-3.0,3.0,1.0,4.0,-3.0,0.0
3d3_L=2.0_S=1.0,2,1,2.0,3.0,5.0,-3.0,3.0,2.0,4.0,-3.0,0.0
3d3_L=2.0_S=1.0,2,1,2.0,3.0,5.0,-3.0,3.0,2.0,5.0,-3.0,0.0
3d3_L=2.0_S=1.0,2,1,2.0,3.0,5.0,-3.0,3.0,3.0,4.0,-3.0,0.06564879518897747
3d3_L=2.0_S=1.0,2,1,2.0,3.0,5.0,-3.0,3.0,3.0,5.0,-3.0,-0.19999999999999998
3d3_L=2.0_S=1.0,2,1,2.0,3.0,5.0,-3.0,3.0,3.0,6.0,-3.0,-0.5222329678670935
3d3_L=2.0_S=1.0,2,1,2.0,3.0,5.0,-2.0,1.0,3.0,4.0,-2.0,-0.6480740698407861
3d3_L=2.0_S=1.0,2,1,2.0,3.0,5.0,-2.0,2.0,2.0,4.0,-2.0,-0.5577733510227171
3d3_L=2.0_S=1.0,2,1,2.0,3.0,5.0,-2.0,2.0,3.0,4.0,-2.0,-0.12472191289246476
3d3_L=2.0_S=1.0,2,1,2.0,3.0,5.0,-2.0,2.0,3.0,5.0,-2.0,-2.5333333333333337
3d3_L=2.0_S=1.0,2,1,2.0,3.0,5.0,-2.0,3.0,1.0,4.0,-2.0,0.0
3d3_L=2.0_S=1.0,2,1,2.0,3.0,5.0,-2.0,3.0,2.0,4.0,-2.0,0.0
3d3_L=2.0_S=1.0,2,1,2.0,3.0,5.0,-2.0,3.0,2.0,5.0,-2.0,0.0
3d3_L=2.0_S=1.0,2,1,2.0,3.0,5.0,-2.0,3.0,3.0,4.0,-2.0,0.0752101433090355
3d3_L=2.0_S=1.0,2,1,2.0,3.0,5.0,-2.0,3.0,3.0,5.0,-2.0,-0.13333333333333333
3d3_L=2.0_S=1.0,2,1,2.0,3.0,5.0,-2.0,3.0,3.0,6.0,-2.0,-0.5685352436149612
3d3_L=2.0_S=1.0,2,1,2.0,3.0,5.0,-1.0,1.0,3.0,4.0,-1.0,-0.692820323027551
3d3_L=2.0_S=1.0,2,1,2.0,3.0,5.0,-1.0,2.0,2.0,4.0,-1.0,-0.596284793999944
3d3_L=2.0_S=1.0,2,1,2.0,3.0,5.0,-1.0,2.0,3.0,4.0,-1.0,-0.1333333333333334
3d3_L=2.0_S=1.0,2,1,2.0,3.0,5.0,-1.0,2.0,3.0,5.0,-1.0,-1.2666666666666666
3d3_L=2.0_S=1.0,2,1,2.0,3.0,5.0,-1.0,3.0,1.0,4.0,-1.0,0.0
3d3_L=2.0_S=1.0,2,1,2.0,3.0,5.0,-1.0,3.0,2.0,4.0,-1.0,0.0
3d3_L=2.0_S=1.0,2,1,2.0,3.0,5.0,-1.0,3.0,2.0,5.0,-1.0,0.0
3d3_L=2.0_S=1.0,2,1,2.0,3.0,5.0,-1.0,3.0,3.0,4.0,-1.0,0.08040302522073697
3d3_L=2.0_S=1.0,2,1,2.0,3.0,5.0,-1.0,3.0,3.0,5.0,-1.0,-0.06666666666666665
3d3_L=2.0_S=1.0,2,1,2.0,3.0,5.0,-1.0,3.0,3.0,6.0,-1.0,-0.5945883900105632
3d3_L=2.0_S=1.0,2,1,2.0,3.0,5.0,0.0,1.0,3.0,4.0,0.0,-0.7071067811865475
3d3_L=2.0_S=1.0,2,1,2.0,3.0,5.0,0.0,2.0,2.0,4.0,0.0,-0.6085806194501845
3d3_L=2.0_S=1.0,2,1,2.0,3.0,5.0,0.0,2.0,3.0,4.0,0.0,-0.13608276348795434
3d3_L=2.0_S=1.0,2,1,2.0,3.0,5.0,0.0,2.0,3.0,5.0,0.0,0.0
3d3_L=2.0_S=1.0,2,1,2.0,3.0,5.0,0.0,3.0,1.0,4.0,0.0,0.0
3d3_L=2.0_S=1.0,2,1,2.0,3.0,5.0,0.0,3.0,2.0,4.0,0.0,0.0
3d3_L=2.0_S=1.0,2,1,2.0,3.0,5.0,0.0,3.0,2.0,5.0,0.0,-0.0
3d3_L=2.0_S=1.0,2,1,2.0,3.0,5.0,0.0,3.0,3.0,4.0,0.0,0.08206099398622181
3d3_L=2.0_S=1.0,2,1,2.0,3.0,5.0,0.0,3.0,3.0,5.0,0.0,0.0
3d3_L=2.0_S=1.0,2,1,2.0,3.0,5.0,0.0,3.0,3.0,6.0,0.0,-0.6030226891555274
3d3_L=2.0_S=1.0,2,1,2.0,3.0,5.0,1.0,1.0,3.0,4.0,1.0,-0.692820323027551
3d3_L=2.0_S=1.0,2,1,2.0,3.0,5.0,1.0,2.0,2.0,4.0,1.0,-0.596284793999944
3d3_L=2.0_S=1.0,2,1,2.0,3.0,5.0,1.0,2.0,3.0,4.0,1.0,-0.1333333333333334
3d3_L=2.0_S=1.0,2,1,2.0,3.0,5.0,1.0,2.0,3.0,5.0,1.0,1.2666666666666666
3d3_L=2.0_S=1.0,2,1,2.0,3.0,5.0,1.0,3.0,1.0,4.0,1.0,0.0
3d3_L=2.0_S=1.0,2,1,2.0,3.0,5.0,1.0,3.0,2.0,4.0,1.0,0.0
3d3_L=2.0_S=1.0,2,1,2.0,3.0,5.0,1.0,3.0,2.0,5.0,1.0,-0.0
3d3_L=2.0_S=1.0,2,1,2.0,3.0,5.0,1.0,3.0,3.0,4.0,1.0,0.08040302522073697
3d3_L=2.0_S=1.0,2,1,2.0,3.0,5.0,1.0,3.0,3.0,5.0,1.0,0.06666666666666665
3d3_L=2.0_S=1.0,2,1,2.0,3.0,5.0,1.0,3.0,3.0,6.0,1.0,-0.5945883900105632
3d3_L=2.0_S=1.0,2,1,2.0,3.0,5.0,2.0,1.0,3.0,4.0,2.0,-0.6480740698407861
3d3_L=2.0_S=1.0,2,1,2.0,3.0,5.0,2.0,2.0,2.0,4.0,2.0,-0.5577733510227171
3d3_L=2.0_S=1.0,2,1,2.0,3.0,5.0,2.0,2.0,3.0,4.0,2.0,-0.12472191289246476
3d3_L=2.0_S=1.0,2,1,2.0,3.0,5.0,2.0,2.0,3.0,5.0,2.0,2.5333333333333337
3d3_L=2.0_S=1.0,2,1,2.0,3.0,5.0,2.0,3.0,1.0,4.0,2.0,0.0
3d3_L=2.0_S=1.0,2,1,2.0,3.0,5.0,2.0,3.0,2.0,4.0,2.0,0.0
3d3_L=2.0_S=1.0,2,1,2.0,3.0,5.0,2.0,3.0,2.0,5.0,2.0,-0.0
3d3_L=2.0_S=1.0,2,1,2.0,3.0,5.0,2.0,3.0,3.0,4.0,2.0,0.0752101433090355
3d3_L=2.0_S=1.0,2,1,2.0,3.0,5.0,2.0,3.0,3.0,5.0,2.0,0.13333333333333333
3d3_L=2.0_S=1.0,2,1,2.0,3.0,5.0,2.0,3.0,3.0,6.0,2.0,-0.5685352436149612
3d3_L=2.0_S=1.0,2,1,2.0,3.0,5.0,3.0,1.0,3.0,4.0,3.0,-0.5656854249492381
3d3_L=2.0_S=1.0,2,1,2.0,3.0,5.0,3.0,2.0,2.0,4.0,3.0,-0.4868644955601477
3d3_L=2.0_S=1.0,2,1,2.0,3.0,5.0,3.0,2.0,3.0,4.0,3.0,-0.1088662107903635
3d3_L=2.0_S=1.0,2,1,2.0,3.0,5.0,3.0,2.0,3.0,5.0,3.0,3.8
3d3_L=2.0_S=1.0,2,1,2.0,3.0,5.0,3.0,3.0,1.0,4.0,3.0,0.0
3d3_L=2.0_S=1.0,2,1,2.0,3.0,5.0,3.0,3.0,2.0,4.0,3.0,0.0
3d3_L=2.0_S=1.0,2,1,2.0,3.0,5.0,3.0,3.0,2.0,5.0,3.0,-0.0
3d3_L=2.0_S=1.0,2,1,2.0,3.0,5.0,3.0,3.0,3.0,4.0,3.0,0.06564879518897747
3d3_L=2.0_S=1.0,2,1,2.0,3.0,5.0,3.0,3.0,3.0,5.0,3.0,0.19999999999999998
3d3_L=2.0_S=1.0,2,1,2.0,3.0,5.0,3.0,3.0,3.0,6.0,3.0,-0.5222329678670935
3d3_L=2.0_S=1.0,2,1,2.0,3.0,5.0,4.0,1.0,3.0,4.0,4.0,-0.4242640687119285
3d3_L=2.0_S=1.0,2,1,2.0,3.0,5.0,4.0,2.0,2.0,4.0,4.0,-0.36514837167011077
3d3_L=2.0_S=1.0,2,1,2.0,3.0,5.0,4.0,2.0,3.0,4.0,4.0,-0.08164965809277262
3d3_L=2.0_S=1.0,2,1,2.0,3.0,5.0,4.0,2.0,3.0,5.0,4.0,5.066666666666666
3d3_L=2.0_S=1.0,2,1,2.0,3.0,5.0,4.0,3.0,1.0,4.0,4.0,0.0
3d3_L=2.0_S=1.0,2,1,2.0,3.0,5.0,4.0,3.0,2.0,4.0,4.0,0.0
3d3_L=2.0_S=1.0,2,1,2.0,3.0,5.0,4.0,3.0,2.0,5.0,4.0,-0.0
3d3_L=2.0_S=1.0,2,1,2.0,3.0,5.0,4.0,3.0,3.0,4.0,4.0,0.04923659639173309
3d3_L=2.0_S=1.0,2,1,2.0,3.0,5.0,4.0,3.0,3.0,5.0,4.0,0.2666666666666666
3d3_L=2.0_S=1.0,2,1,2.0,3.0,5.0,4.0,3.0,3.0,6.0,4.0,-0.44946657497549475
3d3_L=2.0_S=1.0,2,1,2.0,3.0,5.0,5.0,2.0,3.0,5.0,5.0,6.333333333333333
3d3_L=2.0_S=1.0,2,1,2.0,3.0,5.0,5.0,3.0,2.0,5.0,5.0,-0.0
3d3_L=2.0_S=1.0,2,1,2.0,3.0,5.0,5.0,3.0,3.0,5.0,5.0,0.3333333333333333
3d3_L=2.0_S=1.0,2,1,2.0,3.0,5.0,5.0,3.0,3.0,6.0,5.0,-0.3333333333333333
3d3_L=2.0_S=1.0,2,1,3.0,1.0,2.0,-2.0,1.0,1.0,2.0,-2.0,0.0
3d3_L=2.0_S=1.0,2,1,3.0,1.0,2.0,-2.0,1.0,2.0,2.0,-2.0,0.0
3d3_L=2.0_S=1.0,2,1,3.0,1.0,2.0,-2.0,1.0,2.0,3.0,-2.0,-0.0
3d3_L=2.0_S=1.0,2,1,3.0,1.0,2.0,-2.0,1.0,3.0,2.0,-2.0,0.0
3d3_L=2.0_S=1.0,2,1,3.0,1.0,2.0,-2.0,1.0,3.0,3.0,-2.0,-0.0
3d3_L=2.0_S=1.0,2,1,3.0,1.0,2.0,-2.0,2.0,1.0,2.0,-2.0,-0.2629368792488718
3d3_L=2.0_S=1.0,2,1,3.0,1.0,2.0,-2.0,2.0,1.0,3.0,-2.0,0.02656063576298653
3d3_L=2.0_S=1.0,2,1,3.0,1.0,2.0,-2.0,2.0,2.0,2.0,-2.0,0.0
3d3_L=2.0_S=1.0,2,1,3.0,1.0,2.0,-2.0,2.0,2.0,3.0,-2.0,-0.0
3d3_L=2.0_S=1.0,2,1,3.0,1.0,2.0,-2.0,2.0,3.0,2.0,-2.0,0.0
3d3_L=2.0_S=1.0,2,1,3.0,1.0,2.0,-2.0,2.0,3.0,3.0,-2.0,0.0
3d3_L=2.0_S=1.0,2,1,3.0,1.0,2.0,-2.0,3.0,1.0,2.0,-2.0,-3.222222222222222
3d3_L=2.0_S=1.0,2,1,3.0,1.0,2.0,-2.0,3.0,1.0,3.0,-2.0,0.46953014151584266
3d3_L=2.0_S=1.0,2,1,3.0,1.0,2.0,-2.0,3.0,2.0,2.0,-2.0,0.6324555320336758
3d3_L=2.0_S=1.0,2,1,3.0,1.0,2.0,-2.0,3.0,2.0,3.0,-2.0,-0.2927700218845599
3d3_L=2.0_S=1.0,2,1,3.0,1.0,2.0,-2.0,3.0,3.0,2.0,-2.0,0.0
3d3_L=2.0_S=1.0,2,1,3.0,1.0,2.0,-2.0,3.0,3.0,3.0,-2.0,0.0
3d3_L=2.0_S=1.0,2,1,3.0,1.0,2.0,-1.0,1.0,1.0,1.0,-1.0,0.0
3d3_L=2.0_S=1.0,2,1,3.0,1.0,2.0,-1.0,1.0,1.0,2.0,-1.0,0.0
3d3_L=2.0_S=1.0,2,1,3.0,1.0,2.0,-1.0,1.0,2.0,1.0,-1.0,0.0
3d3_L=2.0_S=1.0,2,1,3.0,1.0,2.0,-1.0,1.0,2.0,2.0,-1.0,0.0
3d3_L=2.0_S=1.0,2,1,3.0,1.0,2.0,-1.0,1.0,2.0,3.0,-1.0,-0.0
3d3_L=2.0_S=1.0,2,1,3.0,1.0,2.0,-1.0,1.0,3.0,2.0,-1.0,0.0
3d3_L=2.0_S=1.0,2,1,3.0,1.0,2.0,-1.0,1.0,3.0,3.0,-1.0,-0.0
3d3_L=2.0_S=1.0,2,1,3.0,1.0,2.0,-1.0,2.0,1.0,1.0,-1.0,-0.5291502622129182
3d3_L=2.0_S=1.0,2,1,3.0,1.0,2.0,-1.0,2.0,1.0,2.0,-1.0,-0.1314684396244359
3d3_L=2.0_S=1.0,2,1,3.0,1.0,2.0,-1.0,2.0,1.0,3.0,-1.0,0.03359684204526464
3d3_L=2.0_S=1.0,2,1,3.0,1.0,2.0,-1.0,2.0,2.0,1.0,-1.0,0.0
3d3_L=2.0_S=1.0,2,1,3.0,1.0,2.0,-1.0,2.0,2.0,2.0,-1.0,0.0
3d3_L=2.0_S=1.0,2,1,3.0,1.0,2.0,-1.0,2.0,2.0,3.0,-1.0,-0.0
3d3_L=2.0_S=1.0,2,1,3.0,1.0,2.0,-1.0,2.0,3.0,1.0,-1.0,-0.0
3d3_L=2.0_S=1.0,2,1,3.0,1.0,2.0,-1.0,2.0,3.0,2.0,-1.0,0.0
3d3_L=2.0_S=1.0,2,1,3.0,1.0,2.0,-1.0,2.0,3.0,3.0,-1.0,0.0
3d3_L=2.0_S=1.0,2,1,3.0,1.0,2.0,-1.0,3.0,1.0,2.0,-1.0,-1.6111111111111112
3d3_L=2.0_S=1.0,2,1,3.0,1.0,2.0,-1.0,3.0,1.0,3.0,-1.0,0.5939138709164987
3d3_L=2.0_S=1.0,2,1,3.0,1.0,2.0,-1.0,3.0,2.0,1.0,-1.0,0.5196152422706632
3d3_L=2.0_S=1.0,2,1,3.0,1.0,2.0,-1.0,3.0,2.0,2.0,-1.0,0.31622776601683794
3d3_L=2.0_S=1.0,2,1,3.0,1.0,2.0,-1.0,3.0,2.0,3.0,-1.0,-0.3703280399090205
3d3_L=2.0_S=1.0,2,1,3.0,1.0,2.0,-1.0,3.0,3.0,1.0,-1.0,0.0
3d3_L=2.0_S=1.0,2,1,3.0,1.0,2.0,-1.0,3.0,3.0,2.0,-1.0,0.0
3d3_L=2.0_S=1.0,2,1,3.0,1.0,2.0,-1.0,3.0,3.0,3.0,-1.0,0.0
3d3_L=2.0_S=1.0,2,1,3.0,1.0,2.0,0.0,1.0,1.0,1.0,0.0,0.0
3d3_L=2.0_S=1.0,2,1,3.0,1.0,2.0,0.0,1.0,1.0,2.0,0.0,0.0
3d3_L=2.0_S=1.0,2,1,3.0,1.0,2.0,0.0,1.0,2.0,1.0,0.0,0.0
3d3_L=2.0_S=1.0,2,1,3.0,1.0,2.0,0.0,1.0,2.0,2.0,0.0,0.0
3d3_L=2.0_S=1.0,2,1,3.0,1.0,2.0,0.0,1.0,2.0,3.0,0.0,-0.0
3d3_L=2.0_S=1.0,2,1,3.0,1.0,2.0,0.0,1.0,3.0,2.0,0.0,0.0
3d3_L=2.0_S=1.0,2,1,3.0,1.0,2.0,0.0,1.0,3.0,3.0,0.0,-0.0
3d3_L=2.0_S=1.0,2,1,3.0,1.0,2.0,0.0,2.0,1.0,1.0,0.0,-0.6110100926607787
3d3_L=2.0_S=1.0,2,1,3.0,1.0,2.0,0.0,2.0,1.0,2.0,0.0,-0.0
3d3_L=2.0_S=1.0,2,1,3.0,1.0,2.0,0.0,2.0,1.0,3.0,0.0,0.03563483225498992
3d3_L=2.0_S=1.0,2,1,3.0,1.0,2.0,0.0,2.0,2.0,1.0,0.0,0.0
3d3_L=2.0_S=1.0,2,1,3.0,1.0,2.0,0.0,2.0,2.0,2.0,0.0,0.0
3d3_L=2.0_S=1.0,2,1,3.0,1.0,2.0,0.0,2.0,2.0,3.0,0.0,-0.0
3d3_L=2.0_S=1.0,2,1,3.0,1.0,2.0,0.0,2.0,3.0,1.0,0.0,-0.0
3d3_L=2.0_S=1.0,2,1,3.0,1.0,2.0,0.0,2.0,3.0,2.0,0.0,0.0
3d3_L=2.0_S=1.0,2,1,3.0,1.0,2.0,0.0,2.0,3.0,3.0,0.0,0.0
3d3_L=2.0_S=1.0,2,1,3.0,1.0,2.0,0.0,3.0,1.0,2.0,0.0,-0.0
3d3_L=2.0_S=1.0,2,1,3.0,1.0,2.0,0.0,3.0,1.0,3.0,0.0,0.6299407883487123
3d3_L=2.0_S=1.0,2,1,3.0,1.0,2.0,0.0,3.0,2.0,1.0,0.0,0.6
3d3_L=2.0_S=1.0,2,1,3.0,1.0,2.0,0.0,3.0,2.0,2.0,0.0,0.0
3d3_L=2.0_S=1.0,2,1,3.0,1.0,2.0,0.0,3.0,2.0,3.0,0.0,-0.3927922024247863
3d3_L=2.0_S=1.0,2,1,3.0,1.0,2.0,0.0,3.0,3.0,1.0,0.0,0.0
3d3_L=2.0_S=1.0,2,1,3.0,1.0,2.0,0.0,3.0,3.0,2.0,0.0,0.0
3d3_L=2.0_S=1.0,2,1,3.0,1.0,2.0,0.0,3.0,3.0,3.0,0.0,0.0
3d3_L=2.0_S=1.0,2,1,3.0,1.0,2.0,1.0,1.0,1.0,1.0,1.0,0.0
3d3_L=2.0_S=1.0,2,1,3.0,1.0,2.0,1.0,1.0,1.0,2.0,1.0,-0.0
3d3_L=2.0_S=1.0,2,1,3.0,1.0,2.0,1.0,1.0,2.0,1.0,1.0,0.0
3d3_L=2.0_S=1.0,2,1,3.0,1.0,2.0,1.0,1.0,2.0,2.0,1.0,-0.0
3d3_L=2.0_S=1.0,2,1,3.0,1.0,2.0,1.0,1.0,2.0,3.0,1.0,-0.0
3d3_L=2.0_S=1.0,2,1,3.0,1.0,2.0,1.0,1.0,3.0,2.0,1.0,-0.0
3d3_L=2.0_S=1.0,2,1,3.0,1.0,2.0,1.0,1.0,3.0,3.0,1.0,-0.0
3d3_L=2.0_S=1.0,2,1,3.0,1.0,2.0,1.0,2.0,1.0,1.0,1.0,-0.5291502622129182
3d3_L=2.0_S=1.0,2,1,3.0,1.0,2.0,1.0,2.0,1.0,2.0,1.0,0.1314684396244359
3d3_L=2.0_S=1.0,2,1,3.0,1.0,2.0,1.0,2.0,1.0,3.0,1.0,0.03359684204526464
3d3_L=2.0_S=1.0,2,1,3.0,1.0,2.0,1.0,2.0,2.0,1.0,1.0,0.0
3d3_L=2.0_S=1.0,2,1,3.0,1.0,2.0,1.0,2.0,2.0,2.0,1.0,-0.0
3d3_L=2.0_S=1.0,2,1,3.0,1.0,2.0,1.0,2.0,2.0,3.0,1.0,-0.0
3d3_L=2.0_S=1.0,2,1,3.0,1.0,2.0,1.0,2.0,3.0,1.0,1.0,-0.0
3d3_L=2.0_S=1.0,2,1,3.0,1.0,2.0,1.0,2.0,3.0,2.0,1.0,-0.0
3d3_L=2.0_S=1.0,2,1,3.0,1.0,2.0,1.0,2.0,3.0,3.0,1.0,0.0
3d3_L=2.0_S=1.0,2,1,3.0,1.0,2.0,1.0,3.0,1.0,2.0,1.0,1.6111111111111112
3d3_L=2.0_S=1.0,2,1,3.0,1.0,2.0,1.0,3.0,1.0,3.0,1.0,0.5939138709164987
3d3_L=2.0_S=1.0,2,1,3.0,1.0,2.0,1.0,3.0,2.0,1.0,1.0,0.5196152422706632
3d3_L=2.0_S=1.0,2,1,3.0,1.0,2.0,1.0,3.0,2.0,2.0,1.0,-0.31622776601683794
3d3_L=2.0_S=1.0,2,1,3.0,1.0,2.0,1.0,3.0,2.0,3.0,1.0,-0.3703280399090205
3d3_L=2.0_S=1.0,2,1,3.0,1.0,2.0,1.0,3.0,3.0,1.0,1.0,0.0
3d3_L=2.0_S=1.0,2,1,3.0,1.0,2.0,1.0,3.0,3.0,2.0,1.0,-0.0
3d3_L=2.0_S=1.0,2,1,3.0,1.0,2.0,1.0,3.0,3.0,3.0,1.0,0.0
3d3_L=2.0_S=1.0,2,1,3.0,1.0,2.0,2.0,1.0,1.0,2.0,2.0,-0.0
3d3_L=2.0_S=1.0,2,1,3.0,1.0,2.0,2.0,1.0,2.0,2.0,2.0,-0.0
3d3_L=2.0_S=1.0,2,1,3.0,1.0,2.0,2.0,1.0,2.0,3.0,2.0,-0.0
3d3_L=2.0_S=1.0,2,1,3.0,1.0,2.0,2.0,1.0,3.0,2.0,2.0,-0.0
3d3_L=2.0_S=1.0,2,1,3.0,1.0,2.0,2.0,1.0,3.0,3.0,2.0,-0.0
3d3_L=2.0_S=1.0,2,1,3.0,1.0,2.0,2.0,2.0,1.0,2.0,2.0,0.2629368792488718
3d3_L=2.0_S=1.0,2,1,3.0,1.0,2.0,2.0,2.0,1.0,3.0,2.0,0.02656063576298653
3d3_L=2.0_S=1.0,2,1,3.0,1.0,2.0,2.0,2.0,2.0,2.0,2.0,-0.0
3d3_L=2.0_S=1.0,2,1,3.0,1.0,2.0,2.0,2.0,2.0,3.0,2.0,-0.0
3d3_L=2.0_S=1.0,2,1,3.0,1.0,2.0,2.0,2.0,3.0,2.0,2.0,-0.0
3d3_L=2.0_S=1.0,2,1,3.0,1.0,2.0,2.0,2.0,3.0,3.0,2.0,0.0
3d3_L=2.0_S=1.0,2,1,3.0,1.0,2.0,2.0,3.0,1.0,2.0,2.0,3.222222222222222
3d3_L=2.0_S=1.0,2,1,3.0,1.0,2.0,2.0,3.0,1.0,3.0,2.0,0.46953014151584266
3d3_L=2.0_S=1.0,2,1,3.0,1.0,2.0,2.0,3.0,2.0,2.0,2.0,-0.6324555320336758
3d3_L=2.0_S=1.0,2,1,3.0,1.0,2.0,2.0,3.0,2.0,3.0,2.0,-0.2927700218845599
3d3_L=2.0_S=1.0,2,1,3.0,1.0,2.0,2.0,3.0,3.0,2.0,2.0,-0.0
3d3_L=2.0_S=1.0,2,1,3.0,1.0,2.0,2.0,3.0,3.0,3.0,2.0,0.0
3d3_L=2.0_S=1.0,2,1,3.0,1.0,3.0,-3.0,1.0,2.0,3.0,-3.0,-0.0
3d3_L=2.0_S=1.0,2,1,3.0,1.0,3.0,-3.0,1.0,3.0,3.0,-3.0,-0.0
3d3_L=2.0_S=1.0,2,1,3.0,1.0,3.0,-3.0,1.0,3.0,4.0,-3.0,0.0
3d3_L=2.0_S=1.0,2,1,3.0,1.0,3.0,-3.0,2.0,1.0,3.0,-3.0,-0.23570226039551587
3d3_L=2.0_S=1.0,2,1,3.0,1.0,3.0,-3.0,2.0,2.0,3.0,-3.0,-0.0
3d3_L=2.0_S=1.0,2,1,3.0,1.0,3.0,-3.0,2.0,2.0,4.0,-3.0,-0.0
3d3_L=2.0_S=1.0,2,1,3.0,1.0,3.0,-3.0,2.0,3.0,3.0,-3.0,-0.0
3d3_L=2.0_S=1.0,2,1,3.0,1.0,3.0,-3.0,2.0,3.0,4.0,-3.0,-0.0
3d3_L=2.0_S=1.0,2,1,3.0,1.0,3.0,-3.0,3.0,1.0,3.0,-3.0,-3.7916666666666674
3d3_L=2.0_S=1.0,2,1,3.0,1.0,3.0,-3.0,3.0,1.0,4.0,-3.0,0.36084391824351625
3d3_L=2.0_S=1.0,2,1,3.0,1.0,3.0,-3.0,3.0,2.0,3.0,-3.0,0.649519052838329
3d3_L=2.0_S=1.0,2,1,3.0,1.0,3.0,-3.0,3.0,2.0,4.0,-3.0,-0.375
3d3_L=2.0_S=1.0,2,1,3.0,1.0,3.0,-3.0,3.0,3.0,3.0,-3.0,-0.0
3d3_L=2.0_S=1.0,2,1,3.0,1.0,3.0,-3.0,3.0,3.0,4.0,-3.0,0.0
3d3_L=2.0_S=1.0,2,1,3.0,1.0,3.0,-2.0,1.0,1.0,2.0,-2.0,-0.0
3d3_L=2.0_S=1.0,2,1,3.0,1.0,3.0,-2.0,1.0,2.0,2.0,-2.0,-0.0
3d3_L=2.0_S=1.0,2,1,3.0,1.0,3.0,-2.0,1.0,2.0,3.0,-2.0,-0.0
3d3_L=2.0_S=1.0,2,1,3.0,1.0,3.0,-2.0,1.0,3.0,2.0,-2.0,-0.0
3d3_L=2.0_S=1.0,2,1,3.0,1.0,3.0,-2.0,1.0,3.0,3.0,-2.0,-0.0
3d3_L=2.0_S=1.0,2,1,3.0,1.0,3.0,-2.0,1.0,3.0,4.0,-2.0,0.0
3d3_L=2.0_S=1.0,2,1,3.0,1.0,3.0,-2.0,2.0,1.0,2.0,-2.0,-0.4444444444444446
3d3_L=2.0_S=1.0,2,1,3.0,1.0,3.0,-2.0,2.0,1.0,3.0,-2.0,-0.15713484026367722
3d3_L=2.0_S=1.0,2,1,3.0,1.0,3.0,-2.0,2.0,2.0,2.0,-2.0,-0.0
3d3_L=2.0_S=1.0,2,1,3.0,1.0,3.0,-2.0,2.0,2.0,3.0,-2.0,-0.0
3d3_L=2.0_S=1.0,2,1,3.0,1.0,3.0,-2.0,2.0,2.0,4.0,-2.0,-0.0
3d3_L=2.0_S=1.0,2,1,3.0,1.0,3.0,-2.0,2.0,3.0,2.0,-2.0,-0.0
3d3_L=2.0_S=1.0,2,1,3.0,1.0,3.0,-2.0,2.0,3.0,3.0,-2.0,-0.0
3d3_L=2.0_S=1.0,2,1,3.0,1.0,3.0,-2.0,2.0,3.0,4.0,-2.0,-0.0
3d3_L=2.0_S=1.0,2,1,3.0,1.0,3.0,-2.0,3.0,1.0,2.0,-2.0,0.46953014151584266
3d3_L=2.0_S=1.0,2,1,3.0,1.0,3.0,-2.0,3.0,1.0,3.0,-2.0,-2.5277777777777777
3d3_L=2.0_S=1.0,2,1,3.0,1.0,3.0,-2.0,3.0,1.0,4.0,-2.0,0.4724555912615341
3d3_L=2.0_S=1.0,2,1,3.0,1.0,3.0,-2.0,3.0,2.0,2.0,-2.0,0.26726124191242434
3d3_L=2.0_S=1.0,2,1,3.0,1.0,3.0,-2.0,3.0,2.0,3.0,-2.0,0.4330127018922192
3d3_L=2.0_S=1.0,2,1,3.0,1.0,3.0,-2.0,3.0,2.0,4.0,-2.0,-0.49099025303098276
3d3_L=2.0_S=1.0,2,1,3.0,1.0,3.0,-2.0,3.0,3.0,2.0,-2.0,0.0
3d3_L=2.0_S=1.0,2,1,3.0,1.0,3.0,-2.0,3.0,3.0,3.0,-2.0,-0.0
3d3_L=2.0_S=1.0,2,1,3.0,1.0,3.0,-2.0,3.0,3.0,4.0,-2.0,0.0
3d3_L=2.0_S=1.0,2,1,3.0,1.0,3.0,-1.0,1.0,1.0,2.0,-1.0,-0.0
3d3_L=2.0_S=1.0,2,1,3.0,1.0,3.0,-1.0,1.0,2.0,2.0,-1.0,-0.0
3d3_L=2.0_S=1.0,2,1,3.0,1.0,3.0,-1.0,1.0,2.0,3.0,-1.0,-0.0
3d3_L=2.0_S=1.0,2,1,3.0,1.0,3.0,-1.0,1.0,3.0,2.0,-1.0,-0.0
3d3_L=2.0_S=1.0,2,1,3.0,1.0,3.0,-1.0,1.0,3.0,3.0,-1.0,-0.0
3d3_L=2.0_S=1.0,2,1,3.0,1.0,3.0,-1.0,1.0,3.0,4.0,-1.0,0.0
3d3_L=2.0_S=1.0,2,1,3.0,1.0,3.0,-1.0,2.0,1.0,2.0,-1.0,-0.5621826951410454
3d3_L=2.0_S=1.0,2,1,3.0,1.0,3.0,-1.0,2.0,1.0,3.0,-1.0,-0.07856742013183861
3d3_L=2.0_S=1.0,2,1,3.0,1.0,3.0,-1.0,2.0,2.0,2.0,-1.0,-0.0
3d3_L=2.0_S=1.0,2,1,3.0,1.0,3.0,-1.0,2.0,2.0,3.0,-1.0,-0.0
3d3_L=2.0_S=1.0,2,1,3.0,1.0,3.0,-1.0,2.0,2.0,4.0,-1.0,-0.0
3d3_L=2.0_S=1.0,2,1,3.0,1.0,3.0,-1.0,2.0,3.0,2.0,-1.0,-0.0
3d3_L=2.0_S=1.0,2,1,3.0,1.0,3.0,-1.0,2.0,3.0,3.0,-1.0,-0.0
3d3_L=2.0_S=1.0,2,1,3.0,1.0,3.0,-1.0,2.0,3.0,4.0,-1.0,-0.0
3d3_L=2.0_S=1.0,2,1,3.0,1.0,3.0,-1.0,3.0,1.0,2.0,-1.0,0.5939138709164987
3d3_L=2.0_S=1.0,2,1,3.0,1.0,3.0,-1.0,3.0,1.0,3.0,-1.0,-1.2638888888888888
3d3_L=2.0_S=1.0,2,1,3.0,1.0,3.0,-1.0,3.0,1.0,4.0,-1.0,0.5282214092053229
3d3_L=2.0_S=1.0,2,1,3.0,1.0,3.0,-1.0,3.0,2.0,2.0,-1.0,0.33806170189140655
3d3_L=2.0_S=1.0,2,1,3.0,1.0,3.0,-1.0,3.0,2.0,3.0,-1.0,0.2165063509461096
3d3_L=2.0_S=1.0,2,1,3.0,1.0,3.0,-1.0,3.0,2.0,4.0,-1.0,-0.5489437910335498
3d3_L=2.0_S=1.0,2,1,3.0,1.0,3.0,-1.0,3.0,3.0,2.0,-1.0,0.0
3d3_L=2.0_S=1.0,2,1,3.0,1.0,3.0,-1.0,3.0,3.0,3.0,-1.0,-0.0
3d3_L=2.0_S=1.0,2,1,3.0,1.0,3.0,-1.0,3.0,3.0,4.0,-1.0,0.0
3d3_L=2.0_S=1.0,2,1,3.0,1.0,3.0,0.0,1.0,1.0,2.0,0.0,-0.0
3d3_L=2.0_S=1.0,2,1,3.0,1.0,3.0,0.0,1.0,2.0,2.0,0.0,-0.0
3d3_L=2.0_S=1.0,2,1,3.0,1.0,3.0,0.0,1.0,2.0,3.0,0.0,0.0
3d3_L=2.0_S=1.0,2,1,3.0,1.0,3.0,0.0,1.0,3.0,2.0,0.0,-0.0
3d3_L=2.0_S=1.0,2,1,3.0,1.0,3.0,0.0,1.0,3.0,3.0,0.0,0.0
3d3_L=2.0_S=1.0,2,1,3.0,1.0,3.0,0.0,1.0,3.0,4.0,0.0,0.0
3d3_L=2.0_S=1.0,2,1,3.0,1.0,3.0,0.0,2.0,1.0,2.0,0.0,-0.5962847939999442
3d3_L=2.0_S=1.0,2,1,3.0,1.0,3.0,0.0,2.0,1.0,3.0,0.0,0.0
3d3_L=2.0_S=1.0,2,1,3.0,1.0,3.0,0.0,2.0,2.0,2.0,0.0,-0.0
3d3_L=2.0_S=1.0,2,1,3.0,1.0,3.0,0.0,2.0,2.0,3.0,0.0,0.0
3d3_L=2.0_S=1.0,2,1,3.0,1.0,3.0,0.0,2.0,2.0,4.0,0.0,-0.0
3d3_L=2.0_S=1.0,2,1,3.0,1.0,3.0,0.0,2.0,3.0,2.0,0.0,-0.0
3d3_L=2.0_S=1.0,2,1,3.0,1.0,3.0,0.0,2.0,3.0,3.0,0.0,0.0
3d3_L=2.0_S=1.0,2,1,3.0,1.0,3.0,0.0,2.0,3.0,4.0,0.0,-0.0
3d3_L=2.0_S=1.0,2,1,3.0,1.0,3.0,0.0,3.0,1.0,2.0,0.0,0.6299407883487123
3d3_L=2.0_S=1.0,2,1,3.0,1.0,3.0,0.0,3.0,1.0,3.0,0.0,0.0
3d3_L=2.0_S=1.0,2,1,3.0,1.0,3.0,0.0,3.0,1.0,4.0,0.0,0.5455447255899811
3d3_L=2.0_S=1.0,2,1,3.0,1.0,3.0,0.0,3.0,2.0,2.0,0.0,0.3585685828003181
3d3_L=2.0_S=1.0,2,1,3.0,1.0,3.0,0.0,3.0,2.0,3.0,0.0,-0.0
3d3_L=2.0_S=1.0,2,1,3.0,1.0,3.0,0.0,3.0,2.0,4.0,0.0,-0.5669467095138409
3d3_L=2.0_S=1.0,2,1,3.0,1.0,3.0,0.0,3.0,3.0,2.0,0.0,0.0
3d3_L=2.0_S=1.0,2,1,3.0,1.0,3.0,0.0,3.0,3.0,3.0,0.0,0.0
3d3_L=2.0_S=1.0,2,1,3.0,1.0,3.0,0.0,3.0,3.0,4.0,0.0,0.0
3d3_L=2.0_S=1.0,2,1,3.0,1.0,3.0,1.0,1.0,1.0,2.0,1.0,-0.0
3d3_L=2.0_S=1.0,2,1,3.0,1.0,3.0,1.0,1.0,2.0,2.0,1.0,-0.0
3d3_L=2.0_S=1.0,2,1,3.0,1.0,3.0,1.0,1.0,2.0,3.0,1.0,0.0
3d3_L=2.0_S=1.0,2,1,3.0,1.0,3.0,1.0,1.0,3.0,2.0,1.0,-0.0
3d3_L=2.0_S=1.0,2,1,3.0,1.0,3.0,1.0,1.0,3.0,3.0,1.0,0.0
3d3_L=2.0_S=1.0,2,1,3.0,1.0,3.0,1.0,1.0,3.0,4.0,1.0,0.0
3d3_L=2.0_S=1.0,2,1,3.0,1.0,3.0,1.0,2.0,1.0,2.0,1.0,-0.5621826951410454
3d3_L=2.0_S=1.0,2,1,3.0,1.0,3.0,1.0,2.0,1.0,3.0,1.0,0.07856742013183861
3d3_L=2.0_S=1.0,2,1,3.0,1.0,3.0,1.0,2.0,2.0,2.0,1.0,-0.0
3d3_L=2.0_S=1.0,2,1,3.0,1.0,3.0,1.0,2.0,2.0,3.0,1.0,0.0
3d3_L=2.0_S=1.0,2,1,3.0,1.0,3.0,1.0,2.0,2.0,4.0,1.0,-0.0
3d3_L=2.0_S=1.0,2,1,3.0,1.0,3.0,1.0,2.0,3.0,2.0,1.0,-0.0
3d3_L=2.0_S=1.0,2,1,3.0,1.0,3.0,1.0,2.0,3.0,3.0,1.0,0.0
3d3_L=2.0_S=1.0,2,1,3.0,1.0,3.0,1.0,2.0,3.0,4.0,1.0,-0.0
3d3_L=2.0_S=1.0,2,1,3.0,1.0,3.0,1.0,3.0,1.0,2.0,1.0,0.5939138709164987
3d3_L=2.0_S=1.0,2,1,3.0,1.0,3.0,1.0,3.0,1.0,3.0,1.0,1.2638888888888888
3d3_L=2.0_S=1.0,2,1,3.0,1.0,3.0,1.0,3.0,1.0,4.0,1.0,0.5282214092053229
3d3_L=2.0_S=1.0,2,1,3.0,1.0,3.0,1.0,3.0,2.0,2.0,1.0,0.33806170189140655
3d3_L=2.0_S=1.0,2,1,3.0,1.0,3.0,1.0,3.0,2.0,3.0,1.0,-0.2165063509461096
3d3_L=2.0_S=1.0,2,1,3.0,1.0,3.0,1.0,3.0,2.0,4.0,1.0,-0.5489437910335498
3d3_L=2.0_S=1.0,2,1,3.0,1.0,3.0,1.0,3.0,3.0,2.0,1.0,0.0
3d3_L=2.0_S=1.0,2,1,3.0,1.0,3.0,1.0,3.0,3.0,3.0,1.0,0.0
3d3_L=2.0_S=1.0,2,1,3.0,1.0,3.0,1.0,3.0,3.0,4.0,1.0,0.0
3d3_L=2.0_S=1.0,2,1,3.0,1.0,3.0,2.0,1.0,1.0,2.0,2.0,-0.0
3d3_L=2.0_S=1.0,2,1,3.0,1.0,3.0,2.0,1.0,2.0,2.0,2.0,-0.0
3d3_L=2.0_S=1.0,2,1,3.0,1.0,3.0,2.0,1.0,2.0,3.0,2.0,0.0
3d3_L=2.0_S=1.0,2,1,3.0,1.0,3.0,2.0,1.0,3.0,2.0,2.0,-0.0
3d3_L=2.0_S=1.0,2,1,3.0,1.0,3.0,2.0,1.0,3.0,3.0,2.0,0.0
3d3_L=2.0_S=1.0,2,1,3.0,1.0,3.0,2.0,1.0,3.0,4.0,2.0,0.0
3d3_L=2.0_S=1.0,2,1,3.0,1.0,3.0,2.0,2.0,1.0,2.0,2.0,-0.4444444444444446
3d3_L=2.0_S=1.0,2,1,3.0,1.0,3.0,2.0,2.0,1.0,3.0,2.0,0.15713484026367722
3d3_L=2.0_S=1.0,2,1,3.0,1.0,3.0,2.0,2.0,2.0,2.0,2.0,-0.0
3d3_L=2.0_S=1.0,2,1,3.0,1.0,3.0,2.0,2.0,2.0,3.0,2.0,0.0
3d3_L=2.0_S=1.0,2,1,3.0,1.0,3.0,2.0,2.0,2.0,4.0,2.0,-0.0
3d3_L=2.0_S=1.0,2,1,3.0,1.0,3.0,2.0,2.0,3.0,2.0,2.0,-0.0
3d3_L=2.0_S=1.0,2,1,3.0,1.0,3.0,2.0,2.0,3.0,3.0,2.0,0.0
3d3_L=2.0_S=1.0,2,1,3.0,1.0,3.0,2.0,2.0,3.0,4.0,2.0,-0.0
3d3_L=2.0_S=1.0,2,1,3.0,1.0,3.0,2.0,3.0,1.0,2.0,2.0,0.46953014151584266
3d3_L=2.0_S=1.0,2,1,3.0,1.0,3.0,2.0,3.0,1.0,3.0,2.0,2.5277777777777777
3d3_L=2.0_S=1.0,2,1,3.0,1.0,3.0,2.0,3.0,1.0,4.0,2.0,0.4724555912615341
3d3_L=2.0_S=1.0,2,1,3.0,1.0,3.0,2.0,3.0,2.0,2.0,2.0,0.26726124191242434
3d3_L=2.0_S=1.0,2,1,3.0,1.0,3.0,2.0,3.0,2.0,3.0,2.0,-0.4330127018922192
3d3_L=2.0_S=1.0,2,1,3.0,1.0,3.0,2.0,3.0,2.0,4.0,2.0,-0.49099025303098276
3d3_L=2.0_S=1.0,2,1,3.0,1.0,3.0,2.0,3.0,3.0,2.0,2.0,0.0
3d3_L=2.0_S=1.0,2,1,3.0,1.0,3.0,2.0,3.0,3.0,3.0,2.0,0.0
3d3_L=2.0_S=1.0,2,1,3.0,1.0,3.0,2.0,3.0,3.0,4.0,2.0,0.0
3d3_L=2.0_S=1.0,2,1,3.0,1.0,3.0,3.0,1.0,2.0,3.0,3.0,0.0
3d3_L=2.0_S=1.0,2,1,3.0,1.0,3.0,3.0,1.0,3.0,3.0,3.0,0.0
3d3_L=2.0_S=1.0,2,1,3.0,1.0,3.0,3.0,1.0,3.0,4.0,3.0,0.0
3d3_L=2.0_S=1.0,2,1,3.0,1.0,3.0,3.0,2.0,1.0,3.0,3.0,0.23570226039551587
3d3_L=2.0_S=1.0,2,1,3.0,1.0,3.0,3.0,2.0,2.0,3.0,3.0,0.0
3d3_L=2.0_S=1.0,2,1,3.0,1.0,3.0,3.0,2.0,2.0,4.0,3.0,-0.0
3d3_L=2.0_S=1.0,2,1,3.0,1.0,3.0,3.0,2.0,3.0,3.0,3.0,0.0
3d3_L=2.0_S=1.0,2,1,3.0,1.0,3.0,3.0,2.0,3.0,4.0,3.0,-0.0
3d3_L=2.0_S=1.0,2,1,3.0,1.0,3.0,3.0,3.0,1.0,3.0,3.0,3.7916666666666674
3d3_L=2.0_S=1.0,2,1,3.0,1.0,3.0,3.0,3.0,1.0,4.0,3.0,0.36084391824351625
3d3_L=2.0_S=1.0,2,1,3.0,1.0,3.0,3.0,3.0,2.0,3.0,3.0,-0.649519052838329
3d3_L=2.0_S=1.0,2,1,3.0,1.0,3.0,3.0,3.0,2.0,4.0,3.0,-0.375
3d3_L=2.0_S=1.0,2,1,3.0,1.0,3.0,3.0,3.0,3.0,3.0,3.0,0.0
3d3_L=2.0_S=1.0,2,1,3.0,1.0,3.0,3.0,3.0,3.0,4.0,3.0,0.0
3d3_L=2.0_S=1.0,2,1,3.0,1.0,4.0,-4.0,1.0,3.0,4.0,-4.0,0.0
3d3_L=2.0_S=1.0,2,1,3.0,1.0,4.0,-4.0,2.0,2.0,4.0,-4.0,0.0
3d3_L=2.0_S=1.0,2,1,3.0,1.0,4.0,-4.0,2.0,3.0,4.0,-4.0,0.0
3d3_L=2.0_S=1.0,2,1,3.0,1.0,4.0,-4.0,2.0,3.0,5.0,-4.0,0.0
3d3_L=2.0_S=1.0,2,1,3.0,1.0,4.0,-4.0,3.0,1.0,4.0,-4.0,-4.5
3d3_L=2.0_S=1.0,2,1,3.0,1.0,4.0,-4.0,3.0,2.0,4.0,-4.0,0.519615242270663
3d3_L=2.0_S=1.0,2,1,3.0,1.0,4.0,-4.0,3.0,2.0,5.0,-4.0,-0.4242640687119285
3d3_L=2.0_S=1.0,2,1,3.0,1.0,4.0,-4.0,3.0,3.0,4.0,-4.0,0.0
3d3_L=2.0_S=1.0,2,1,3.0,1.0,4.0,-4.0,3.0,3.0,5.0,-4.0,-0.0
3d3_L=2.0_S=1.0,2,1,3.0,1.0,4.0,-3.0,1.0,2.0,3.0,-3.0,0.0
3d3_L=2.0_S=1.0,2,1,3.0,1.0,4.0,-3.0,1.0,3.0,3.0,-3.0,0.0
3d3_L=2.0_S=1.0,2,1,3.0,1.0,4.0,-3.0,1.0,3.0,4.0,-3.0,0.0
3d3_L=2.0_S=1.0,2,1,3.0,1.0,4.0,-3.0,2.0,1.0,3.0,-3.0,-0.40824829046386313
3d3_L=2.0_S=1.0,2,1,3.0,1.0,4.0,-3.0,2.0,2.0,3.0,-3.0,0.0
3d3_L=2.0_S=1.0,2,1,3.0,1.0,4.0,-3.0,2.0,2.0,4.0,-3.0,0.0
3d3_L=2.0_S=1.0,2,1,3.0,1.0,4.0,-3.0,2.0,3.0,3.0,-3.0,-0.0
3d3_L=2.0_S=1.0,2,1,3.0,1.0,4.0,-3.0,2.0,3.0,4.0,-3.0,0.0
3d3_L=2.0_S=1.0,2,1,3.0,1.0,4.0,-3.0,2.0,3.0,5.0,-3.0,0.0
3d3_L=2.0_S=1.0,2,1,3.0,1.0,4.0,-3.0,3.0,1.0,3.0,-3.0,0.36084391824351625
3d3_L=2.0_S=1.0,2,1,3.0,1.0,4.0,-3.0,3.0,1.0,4.0,-3.0,-3.375000000000001
3d3_L=2.0_S=1.0,2,1,3.0,1.0,4.0,-3.0,3.0,2.0,3.0,-3.0,0.125
3d3_L=2.0_S=1.0,2,1,3.0,1.0,4.0,-3.0,3.0,2.0,4.0,-3.0,0.3897114317029974
3d3_L=2.0_S=1.0,2,1,3.0,1.0,4.0,-3.0,3.0,2.0,5.0,-3.0,-0.5656854249492381
3d3_L=2.0_S=1.0,2,1,3.0,1.0,4.0,-3.0,3.0,3.0,3.0,-3.0,0.0
3d3_L=2.0_S=1.0,2,1,3.0,1.0,4.0,-3.0,3.0,3.0,4.0,-3.0,0.0
3d3_L=2.0_S=1.0,2,1,3.0,1.0,4.0,-3.0,3.0,3.0,5.0,-3.0,-0.0
3d3_L=2.0_S=1.0,2,1,3.0,1.0,4.0,-2.0,1.0,2.0,3.0,-2.0,0.0
3d3_L=2.0_S=1.0,2,1,3.0,1.0,4.0,-2.0,1.0,3.0,3.0,-2.0,0.0
3d3_L=2.0_S=1.0,2,1,3.0,1.0,4.0,-2.0,1.0,3.0,4.0,-2.0,0.0
3d3_L=2.0_S=1.0,2,1,3.0,1.0,4.0,-2.0,2.0,1.0,3.0,-2.0,-0.5345224838248488
3d3_L=2.0_S=1.0,2,1,3.0,1.0,4.0,-2.0,2.0,2.0,3.0,-2.0,0.0
3d3_L=2.0_S=1.0,2,1,3.0,1.0,4.0,-2.0,2.0,2.0,4.0,-2.0,0.0
3d3_L=2.0_S=1.0,2,1,3.0,1.0,4.0,-2.0,2.0,3.0,3.0,-2.0,-0.0
3d3_L=2.0_S=1.0,2,1,3.0,1.0,4.0,-2.0,2.0,3.0,4.0,-2.0,0.0
3d3_L=2.0_S=1.0,2,1,3.0,1.0,4.0,-2.0,2.0,3.0,5.0,-2.0,0.0
3d3_L=2.0_S=1.0,2,1,3.0,1.0,4.0,-2.0,3.0,1.0,3.0,-2.0,0.4724555912615341
3d3_L=2.0_S=1.0,2,1,3.0,1.0,4.0,-2.0,3.0,1.0,4.0,-2.0,-2.2499999999999996
3d3_L=2.0_S=1.0,2,1,3.0,1.0,4.0,-2.0,3.0,2.0,3.0,-2.0,0.16366341767699424
3d3_L=2.0_S=1.0,2,1,3.0,1.0,4.0,-2.0,3.0,2.0,4.0,-2.0,0.2598076211353315
3d3_L=2.0_S=1.0,2,1,3.0,1.0,4.0,-2.0,3.0,2.0,5.0,-2.0,-0.6480740698407861
3d3_L=2.0_S=1.0,2,1,3.0,1.0,4.0,-2.0,3.0,3.0,3.0,-2.0,0.0
3d3_L=2.0_S=1.0,2,1,3.0,1.0,4.0,-2.0,3.0,3.0,4.0,-2.0,0.0
3d3_L=2.0_S=1.0,2,1,3.0,1.0,4.0,-2.0,3.0,3.0,5.0,-2.0,-0.0
3d3_L=2.0_S=1.0,2,1,3.0,1.0,4.0,-1.0,1.0,2.0,3.0,-1.0,0.0
3d3_L=2.0_S=1.0,2,1,3.0,1.0,4.0,-1.0,1.0,3.0,3.0,-1.0,0.0
3d3_L=2.0_S=1.0,2,1,3.0,1.0,4.0,-1.0,1.0,3.0,4.0,-1.0,0.0
3d3_L=2.0_S=1.0,2,1,3.0,1.0,4.0,-1.0,2.0,1.0,3.0,-1.0,-0.5976143046671969
3d3_L=2.0_S=1.0,2,1,3.0,1.0,4.0,-1.0,2.0,2.0,3.0,-1.0,0.0
3d3_L=2.0_S=1.0,2,1,3.0,1.0,4.0,-1.0,2.0,2.0,4.0,-1.0,0.0
3d3_L=2.0_S=1.0,2,1,3.0,1.0,4.0,-1.0,2.0,3.0,3.0,-1.0,-0.0
3d3_L=2.0_S=1.0,2,1,3.0,1.0,4.0,-1.0,2.0,3.0,4.0,-1.0,0.0
3d3_L=2.0_S=1.0,2,1,3.0,1.0,4.0,-1.0,2.0,3.0,5.0,-1.0,0.0
3d3_L=2.0_S=1.0,2,1,3.0,1.0,4.0,-1.0,3.0,1.0,3.0,-1.0,0.5282214092053229
3d3_L=2.0_S=1.0,2,1,3.0,1.0,4.0,-1.0,3.0,1.0,4.0,-1.0,-1.1249999999999998
3d3_L=2.0_S=1.0,2,1,3.0,1.0,4.0,-1.0,3.0,2.0,3.0,-1.0,0.18298126367784995
3d3_L=2.0_S=1.0,2,1,3.0,1.0,4.0,-1.0,3.0,2.0,4.0,-1.0,0.12990381056766576
3d3_L=2.0_S=1.0,2,1,3.0,1.0,4.0,-1.0,3.0,2.0,5.0,-1.0,-0.692820323027551
3d3_L=2.0_S=1.0,2,1,3.0,1.0,4.0,-1.0,3.0,3.0,3.0,-1.0,0.0
3d3_L=2.0_S=1.0,2,1,3.0,1.0,4.0,-1.0,3.0,3.0,4.0,-1.0,0.0
3d3_L=2.0_S=1.0,2,1,3.0,1.0,4.0,-1.0,3.0,3.0,5.0,-1.0,-0.0
3d3_L=2.0_S=1.0,2,1,3.0,1.0,4.0,0.0,1.0,2.0,3.0,0.0,0.0
3d3_L=2.0_S=1.0,2,1,3.0,1.0,4.0,0.0,1.0,3.0,3.0,0.0,0.0
3d3_L=2.0_S=1.0,2,1,3.0,1.0,4.0,0.0,1.0,3.0,4.0,0.0,0.0
3d3_L=2.0_S=1.0,2,1,3.0,1.0,4.0,0.0,2.0,1.0,3.0,0.0,-0.6172133998483678
3d3_L=2.0_S=1.0,2,1,3.0,1.0,4.0,0.0,2.0,2.0,3.0,0.0,0.0
3d3_L=2.0_S=1.0,2,1,3.0,1.0,4.0,0.0,2.0,2.0,4.0,0.0,0.0
3d3_L=2.0_S=1.0,2,1,3.0,1.0,4.0,0.0,2.0,3.0,3.0,0.0,-0.0
3d3_L=2.0_S=1.0,2,1,3.0,1.0,4.0,0.0,2.0,3.0,4.0,0.0,0.0
3d3_L=2.0_S=1.0,2,1,3.0,1.0,4.0,0.0,2.0,3.0,5.0,0.0,0.0
3d3_L=2.0_S=1.0,2,1,3.0,1.0,4.0,0.0,3.0,1.0,3.0,0.0,0.5455447255899811
3d3_L=2.0_S=1.0,2,1,3.0,1.0,4.0,0.0,3.0,1.0,4.0,0.0,-0.0
3d3_L=2.0_S=1.0,2,1,3.0,1.0,4.0,0.0,3.0,2.0,3.0,0.0,0.18898223650461363
3d3_L=2.0_S=1.0,2,1,3.0,1.0,4.0,0.0,3.0,2.0,4.0,0.0,0.0
3d3_L=2.0_S=1.0,2,1,3.0,1.0,4.0,0.0,3.0,2.0,5.0,0.0,-0.7071067811865475
3d3_L=2.0_S=1.0,2,1,3.0,1.0,4.0,0.0,3.0,3.0,3.0,0.0,0.0
3d3_L=2.0_S=1.0,2,1,3.0,1.0,4.0,0.0,3.0,3.0,4.0,0.0,0.0
3d3_L=2.0_S=1.0,2,1,3.0,1.0,4.0,0.0,3.0,3.0,5.0,0.0,-0.0
3d3_L=2.0_S=1.0,2,1,3.0,1.0,4.0,1.0,1.0,2.0,3.0,1.0,0.0
3d3_L=2.0_S=1.0,2,1,3.0,1.0,4.0,1.0,1.0,3.0,3.0,1.0,0.0
3d3_L=2.0_S=1.0,2,1,3.0,1.0,4.0,1.0,1.0,3.0,4.0,1.0,-0.0
3d3_L=2.0_S=1.0,2,1,3.0,1.0,4.0,1.0,2.0,1.0,3.0,1.0,-0.5976143046671969
3d3_L=2.0_S=1.0,2,1,3.0,1.0,4.0,1.0,2.0,2.0,3.0,1.0,0.0
3d3_L=2.0_S=1.0,2,1,3.0,1.0,4.0,1.0,2.0,2.0,4.0,1.0,-0.0
3d3_L=2.0_S=1.0,2,1,3.0,1.0,4.0,1.0,2.0,3.0,3.0,1.0,-0.0
3d3_L=2.0_S=1.0,2,1,3.0,1.0,4.0,1.0,2.0,3.0,4.0,1.0,-0.0
3d3_L=2.0_S=1.0,2,1,3.0,1.0,4.0,1.0,2.0,3.0,5.0,1.0,0.0
3d3_L=2.0_S=1.0,2,1,3.0,1.0,4.0,1.0,3.0,1.0,3.0,1.0,0.5282214092053229
3d3_L=2.0_S=1.0,2,1,3.0,1.0,4.0,1.0,3.0,1.0,4.0,1.0,1.1249999999999998
3d3_L=2.0_S=1.0,2,1,3.0,1.0,4.0,1.0,3.0,2.0,3.0,1.0,0.18298126367784995
3d3_L=2.0_S=1.0,2,1,3.0,1.0,4.0,1.0,3.0,2.0,4.0,1.0,-0.12990381056766576
3d3_L=2.0_S=1.0,2,1,3.0,1.0,4.0,1.0,3.0,2.0,5.0,1.0,-0.692820323027551
3d3_L=2.0_S=1.0,2,1,3.0,1.0,4.0,1.0,3.0,3.0,3.0,1.0,0.0
3d3_L=2.0_S=1.0,2,1,3.0,1.0,4.0,1.0,3.0,3.0,4.0,1.0,-0.0
3d3_L=2.0_S=1.0,2,1,3.0,1.0,4.0,1.0,3.0,3.0,5.0,1.0,-0.0
3d3_L=2.0_S=1.0,2,1,3.0,1.0,4.0,2.0,1.0,2.0,3.0,2.0,0.0
3d3_L=2.0_S=1.0,2,1,3.0,1.0,4.0,2.0,1.0,3.0,3.0,2.0,0.0
3d3_L=2.0_S=1.0,2,1,3.0,1.0,4.0,2.0,1.0,3.0,4.0,2.0,-0.0
3d3_L=2.0_S=1.0,2,1,3.0,1.0,4.0,2.0,2.0,1.0,3.0,2.0,-0.5345224838248488
3d3_L=2.0_S=1.0,2,1,3.0,1.0,4.0,2.0,2.0,2.0,3.0,2.0,0.0
3d3_L=2.0_S=1.0,2,1,3.0,1.0,4.0,2.0,2.0,2.0,4.0,2.0,-0.0
3d3_L=2.0_S=1.0,2,1,3.0,1.0,4.0,2.0,2.0,3.0,3.0,2.0,-0.0
3d3_L=2.0_S=1.0,2,1,3.0,1.0,4.0,2.0,2.0,3.0,4.0,2.0,-0.0
3d3_L=2.0_S=1.0,2,1,3.0,1.0,4.0,2.0,2.0,3.0,5.0,2.0,0.0
3d3_L=2.0_S=1.0,2,1,3.0,1.0,4.0,2.0,3.0,1.0,3.0,2.0,0.4724555912615341
3d3_L=2.0_S=1.0,2,1,3.0,1.0,4.0,2.0,3.0,1.0,4.0,2.0,2.2499999999999996
3d3_L=2.0_S=1.0,2,1,3.0,1.0,4.0,2.0,3.0,2.0,3.0,2.0,0.16366341767699424
3d3_L=2.0_S=1.0,2,1,3.0,1.0,4.0,2.0,3.0,2.0,4.0,2.0,-0.2598076211353315
3d3_L=2.0_S=1.0,2,1,3.0,1.0,4.0,2.0,3.0,2.0,5.0,2.0,-0.6480740698407861
3d3_L=2.0_S=1.0,2,1,3.0,1.0,4.0,2.0,3.0,3.0,3.0,2.0,0.0
3d3_L=2.0_S=1.0,2,1,3.0,1.0,4.0,2.0,3.0,3.0,4.0,2.0,-0.0
3d3_L=2.0_S=1.0,2,1,3.0,1.0,4.0,2.0,3.0,3.0,5.0,2.0,-0.0
3d3_L=2.0_S=1.0,2,1,3.0,1.0,4.0,3.0,1.0,2.0,3.0,3.0,0.0
3d3_L=2.0_S=1.0,2,1,3.0,1.0,4.0,3.0,1.0,3.0,3.0,3.0,0.0
3d3_L=2.0_S=1.0,2,1,3.0,1.0,4.0,3.0,1.0,3.0,4.0,3.0,-0.0
3d3_L=2.0_S=1.0,2,1,3.0,1.0,4.0,3.0,2.0,1.0,3.0,3.0,-0.40824829046386313
3d3_L=2.0_S=1.0,2,1,3.0,1.0,4.0,3.0,2.0,2.0,3.0,3.0,0.0
3d3_L=2.0_S=1.0,2,1,3.0,1.0,4.0,3.0,2.0,2.0,4.0,3.0,-0.0
3d3_L=2.0_S=1.0,2,1,3.0,1.0,4.0,3.0,2.0,3.0,3.0,3.0,-0.0
3d3_L=2.0_S=1.0,2,1,3.0,1.0,4.0,3.0,2.0,3.0,4.0,3.0,-0.0
3d3_L=2.0_S=1.0,2,1,3.0,1.0,4.0,3.0,2.0,3.0,5.0,3.0,0.0
3d3_L=2.0_S=1.0,2,1,3.0,1.0,4.0,3.0,3.0,1.0,3.0,3.0,0.36084391824351625
3d3_L=2.0_S=1.0,2,1,3.0,1.0,4.0,3.0,3.0,1.0,4.0,3.0,3.375000000000001
3d3_L=2.0_S=1.0,2,1,3.0,1.0,4.0,3.0,3.0,2.0,3.0,3.0,0.125
3d3_L=2.0_S=1.0,2,1,3.0,1.0,4.0,3.0,3.0,2.0,4.0,3.0,-0.3897114317029974
3d3_L=2.0_S=1.0,2,1,3.0,1.0,4.0,3.0,3.0,2.0,5.0,3.0,-0.5656854249492381
3d3_L=2.0_S=1.0,2,1,3.0,1.0,4.0,3.0,3.0,3.0,3.0,3.0,0.0
3d3_L=2.0_S=1.0,2,1,3.0,1.0,4.0,3.0,3.0,3.0,4.0,3.0,-0.0
3d3_L=2.0_S=1.0,2,1,3.0,1.0,4.0,3.0,3.0,3.0,5.0,3.0,-0.0
3d3_L=2.0_S=1.0,2,1,3.0,1.0,4.0,4.0,1.0,3.0,4.0,4.0,-0.0
3d3_L=2.0_S=1.0,2,1,3.0,1.0,4.0,4.0,2.0,2.0,4.0,4.0,-0.0
3d3_L=2.0_S=1.0,2,1,3.0,1.0,4.0,4.0,2.0,3.0,4.0,4.0,-0.0
3d3_L=2.0_S=1.0,2,1,3.0,1.0,4.0,4.0,2.0,3.0,5.0,4.0,0.0
3d3_L=2.0_S=1.0,2,1,3.0,1.0,4.0,4.0,3.0,1.0,4.0,4.0,4.5
3d3_L=2.0_S=1.0,2,1,3.0,1.0,4.0,4.0,3.0,2.0,4.0,4.0,-0.519615242270663
3d3_L=2.0_S=1.0,2,1,3.0,1.0,4.0,4.0,3.0,2.0,5.0,4.0,-0.4242640687119285
3d3_L=2.0_S=1.0,2,1,3.0,1.0,4.0,4.0,3.0,3.0,4.0,4.0,-0.0
3d3_L=2.0_S=1.0,2,1,3.0,1.0,4.0,4.0,3.0,3.0,5.0,4.0,-0.0
3d3_L=2.0_S=1.0,2,1,3.0,2.0,1.0,-1.0,1.0,1.0,1.0,-1.0,0.0
3d3_L=2.0_S=1.0,2,1,3.0,2.0,1.0,-1.0,1.0,1.0,2.0,-1.0,-0.0
3d3_L=2.0_S=1.0,2,1,3.0,2.0,1.0,-1.0,1.0,2.0,1.0,-1.0,0.0
3d3_L=2.0_S=1.0,2,1,3.0,2.0,1.0,-1.0,1.0,2.0,2.0,-1.0,-0.0
3d3_L=2.0_S=1.0,2,1,3.0,2.0,1.0,-1.0,1.0,3.0,2.0,-1.0,-0.0
3d3_L=2.0_S=1.0,2,1,3.0,2.0,1.0,-1.0,2.0,1.0,1.0,-1.0,0.0
3d3_L=2.0_S=1.0,2,1,3.0,2.0,1.0,-1.0,2.0,1.0,2.0,-1.0,0.0
3d3_L=2.0_S=1.0,2,1,3.0,2.0,1.0,-1.0,2.0,2.0,1.0,-1.0,-0.39440531887330776
3d3_L=2.0_S=1.0,2,1,3.0,2.0,1.0,-1.0,2.0,2.0,2.0,-1.0,0.11547005383792518
3d3_L=2.0_S=1.0,2,1,3.0,2.0,1.0,-1.0,2.0,3.0,1.0,-1.0,0.0
3d3_L=2.0_S=1.0,2,1,3.0,2.0,1.0,-1.0,2.0,3.0,2.0,-1.0,-0.0
3d3_L=2.0_S=1.0,2,1,3.0,2.0,1.0,-1.0,3.0,1.0,2.0,-1.0,0.5196152422706632
3d3_L=2.0_S=1.0,2,1,3.0,2.0,1.0,-1.0,3.0,2.0,1.0,-1.0,-1.4999999999999998
3d3_L=2.0_S=1.0,2,1,3.0,2.0,1.0,-1.0,3.0,2.0,2.0,-1.0,0.18257418583505536
3d3_L=2.0_S=1.0,2,1,3.0,2.0,1.0,-1.0,3.0,3.0,1.0,-1.0,0.47140452079103173
3d3_L=2.0_S=1.0,2,1,3.0,2.0,1.0,-1.0,3.0,3.0,2.0,-1.0,-0.28284271247461906
3d3_L=2.0_S=1.0,2,1,3.0,2.0,1.0,0.0,1.0,1.0,0.0,-0.0,0.0
3d3_L=2.0_S=1.0,2,1,3.0,2.0,1.0,0.0,1.0,1.0,1.0,0.0,-0.0
3d3_L=2.0_S=1.0,2,1,3.0,2.0,1.0,0.0,1.0,1.0,2.0,0.0,-0.0
3d3_L=2.0_S=1.0,2,1,3.0,2.0,1.0,0.0,1.0,2.0,1.0,0.0,-0.0
3d3_L=2.0_S=1.0,2,1,3.0,2.0,1.0,0.0,1.0,2.0,2.0,0.0,-0.0
3d3_L=2.0_S=1.0,2,1,3.0,2.0,1.0,0.0,1.0,3.0,2.0,0.0,-0.0
3d3_L=2.0_S=1.0,2,1,3.0,2.0,1.0,0.0,2.0,1.0,1.0,0.0,-0.0
3d3_L=2.0_S=1.0,2,1,3.0,2.0,1.0,0.0,2.0,1.0,2.0,0.0,0.0
3d3_L=2.0_S=1.0,2,1,3.0,2.0,1.0,0.0,2.0,2.0,0.0,-0.0,-0.5577733510227169
3d3_L=2.0_S=1.0,2,1,3.0,2.0,1.0,0.0,2.0,2.0,1.0,0.0,0.0
3d3_L=2.0_S=1.0,2,1,3.0,2.0,1.0,0.0,2.0,2.0,2.0,0.0,0.13333333333333333
3d3_L=2.0_S=1.0,2,1,3.0,2.0,1.0,0.0,2.0,3.0,1.0,0.0,-0.0
3d3_L=2.0_S=1.0,2,1,3.0,2.0,1.0,0.0,2.0,3.0,2.0,0.0,-0.0
3d3_L=2.0_S=1.0,2,1,3.0,2.0,1.0,0.0,3.0,1.0,2.0,0.0,0.6
3d3_L=2.0_S=1.0,2,1,3.0,2.0,1.0,0.0,3.0,2.0,1.0,0.0,0.0
3d3_L=2.0_S=1.0,2,1,3.0,2.0,1.0,0.0,3.0,2.0,2.0,0.0,0.2108185106778919
3d3_L=2.0_S=1.0,2,1,3.0,2.0,1.0,0.0,3.0,3.0,0.0,-0.0,0.4714045207910317
3d3_L=2.0_S=1.0,2,1,3.0,2.0,1.0,0.0,3.0,3.0,1.0,0.0,-0.0
3d3_L=2.0_S=1.0,2,1,3.0,2.0,1.0,0.0,3.0,3.0,2.0,0.0,-0.32659863237109044
3d3_L=2.0_S=1.0,2,1,3.0,2.0,1.0,1.0,1.0,1.0,1.0,1.0,-0.0
3d3_L=2.0_S=1.0,2,1,3.0,2.0,1.0,1.0,1.0,1.0,2.0,1.0,-0.0
3d3_L=2.0_S=1.0,2,1,3.0,2.0,1.0,1.0,1.0,2.0,1.0,1.0,-0.0
3d3_L=2.0_S=1.0,2,1,3.0,2.0,1.0,1.0,1.0,2.0,2.0,1.0,-0.0
3d3_L=2.0_S=1.0,2,1,3.0,2.0,1.0,1.0,1.0,3.0,2.0,1.0,-0.0
3d3_L=2.0_S=1.0,2,1,3.0,2.0,1.0,1.0,2.0,1.0,1.0,1.0,-0.0
3d3_L=2.0_S=1.0,2,1,3.0,2.0,1.0,1.0,2.0,1.0,2.0,1.0,0.0
3d3_L=2.0_S=1.0,2,1,3.0,2.0,1.0,1.0,2.0,2.0,1.0,1.0,0.39440531887330776
3d3_L=2.0_S=1.0,2,1,3.0,2.0,1.0,1.0,2.0,2.0,2.0,1.0,0.11547005383792518
3d3_L=2.0_S=1.0,2,1,3.0,2.0,1.0,1.0,2.0,3.0,1.0,1.0,-0.0
3d3_L=2.0_S=1.0,2,1,3.0,2.0,1.0,1.0,2.0,3.0,2.0,1.0,-0.0
3d3_L=2.0_S=1.0,2,1,3.0,2.0,1.0,1.0,3.0,1.0,2.0,1.0,0.5196152422706632
3d3_L=2.0_S=1.0,2,1,3.0,2.0,1.0,1.0,3.0,2.0,1.0,1.0,1.4999999999999998
3d3_L=2.0_S=1.0,2,1,3.0,2.0,1.0,1.0,3.0,2.0,2.0,1.0,0.18257418583505536
3d3_L=2.0_S=1.0,2,1,3.0,2.0,1.0,1.0,3.0,3.0,1.0,1.0,-0.47140452079103173
3d3_L=2.0_S=1.0,2,1,3.0,2.0,1.0,1.0,3.0,3.0,2.0,1.0,-0.28284271247461906
3d3_L=2.0_S=1.0,2,1,3.0,2.0,2.0,-2.0,1.0,1.0,2.0,-2.0,-0.0
3d3_L=2.0_S=1.0,2,1,3.0,2.0,2.0,-2.0,1.0,2.0,2.0,-2.0,-0.0
3d3_L=2.0_S=1.0,2,1,3.0,2.0,2.0,-2.0,1.0,2.0,3.0,-2.0,0.0
3d3_L=2.0_S=1.0,2,1,3.0,2.0,2.0,-2.0,1.0,3.0,2.0,-2.0,-0.0
3d3_L=2.0_S=1.0,2,1,3.0,2.0,2.0,-2.0,1.0,3.0,3.0,-2.0,0.0
3d3_L=2.0_S=1.0,2,1,3.0,2.0,2.0,-2.0,2.0,1.0,2.0,-2.0,-0.0
3d3_L=2.0_S=1.0,2,1,3.0,2.0,2.0,-2.0,2.0,1.0,3.0,-2.0,0.0
3d3_L=2.0_S=1.0,2,1,3.0,2.0,2.0,-2.0,2.0,2.0,2.0,-2.0,-0.42163702135578396
3d3_L=2.0_S=1.0,2,1,3.0,2.0,2.0,-2.0,2.0,2.0,3.0,-2.0,0.07968190728895957
3d3_L=2.0_S=1.0,2,1,3.0,2.0,2.0,-2.0,2.0,3.0,2.0,-2.0,-0.0
3d3_L=2.0_S=1.0,2,1,3.0,2.0,2.0,-2.0,2.0,3.0,3.0,-2.0,0.0
3d3_L=2.0_S=1.0,2,1,3.0,2.0,2.0,-2.0,3.0,1.0,2.0,-2.0,0.6324555320336758
3d3_L=2.0_S=1.0,2,1,3.0,2.0,2.0,-2.0,3.0,1.0,3.0,-2.0,0.26726124191242434
3d3_L=2.0_S=1.0,2,1,3.0,2.0,2.0,-2.0,3.0,2.0,2.0,-2.0,-2.666666666666666
3d3_L=2.0_S=1.0,2,1,3.0,2.0,2.0,-2.0,3.0,2.0,3.0,-2.0,0.15430334996209186
3d3_L=2.0_S=1.0,2,1,3.0,2.0,2.0,-2.0,3.0,3.0,2.0,-2.0,0.5163977794943223
3d3_L=2.0_S=1.0,2,1,3.0,2.0,2.0,-2.0,3.0,3.0,3.0,-2.0,-0.3086066999241839
3d3_L=2.0_S=1.0,2,1,3.0,2.0,2.0,-1.0,1.0,1.0,1.0,-1.0,-0.0
3d3_L=2.0_S=1.0,2,1,3.0,2.0,2.0,-1.0,1.0,1.0,2.0,-1.0,-0.0
3d3_L=2.0_S=1.0,2,1,3.0,2.0,2.0,-1.0,1.0,2.0,1.0,-1.0,-0.0
3d3_L=2.0_S=1.0,2,1,3.0,2.0,2.0,-1.0,1.0,2.0,2.0,-1.0,-0.0
3d3_L=2.0_S=1.0,2,1,3.0,2.0,2.0,-1.0,1.0,2.0,3.0,-1.0,0.0
3d3_L=2.0_S=1.0,2,1,3.0,2.0,2.0,-1.0,1.0,3.0,2.0,-1.0,-0.0
3d3_L=2.0_S=1.0,2,1,3.0,2.0,2.0,-1.0,1.0,3.0,3.0,-1.0,0.0
3d3_L=2.0_S=1.0,2,1,3.0,2.0,2.0,-1.0,2.0,1.0,1.0,-1.0,-0.0
3d3_L=2.0_S=1.0,2,1,3.0,2.0,2.0,-1.0,2.0,1.0,2.0,-1.0,-0.0
3d3_L=2.0_S=1.0,2,1,3.0,2.0,2.0,-1.0,2.0,1.0,3.0,-1.0,0.0
3d3_L=2.0_S=1.0,2,1,3.0,2.0,2.0,-1.0,2.0,2.0,1.0,-1.0,-0.4320493798938575
3d3_L=2.0_S=1.0,2,1,3.0,2.0,2.0,-1.0,2.0,2.0,2.0,-1.0,-0.210818510677892
3d3_L=2.0_S=1.0,2,1,3.0,2.0,2.0,-1.0,2.0,2.0,3.0,-1.0,0.10079052613579392
3d3_L=2.0_S=1.0,2,1,3.0,2.0,2.0,-1.0,2.0,3.0,1.0,-1.0,-0.0
3d3_L=2.0_S=1.0,2,1,3.0,2.0,2.0,-1.0,2.0,3.0,2.0,-1.0,-0.0
3d3_L=2.0_S=1.0,2,1,3.0,2.0,2.0,-1.0,2.0,3.0,3.0,-1.0,0.0
3d3_L=2.0_S=1.0,2,1,3.0,2.0,2.0,-1.0,3.0,1.0,2.0,-1.0,0.31622776601683794
3d3_L=2.0_S=1.0,2,1,3.0,2.0,2.0,-1.0,3.0,1.0,3.0,-1.0,0.33806170189140655
3d3_L=2.0_S=1.0,2,1,3.0,2.0,2.0,-1.0,3.0,2.0,1.0,-1.0,0.18257418583505564
3d3_L=2.0_S=1.0,2,1,3.0,2.0,2.0,-1.0,3.0,2.0,2.0,-1.0,-1.3333333333333333
3d3_L=2.0_S=1.0,2,1,3.0,2.0,2.0,-1.0,3.0,2.0,3.0,-1.0,0.19518001458970657
3d3_L=2.0_S=1.0,2,1,3.0,2.0,2.0,-1.0,3.0,3.0,1.0,-1.0,0.25819888974716115
3d3_L=2.0_S=1.0,2,1,3.0,2.0,2.0,-1.0,3.0,3.0,2.0,-1.0,0.2581988897471612
3d3_L=2.0_S=1.0,2,1,3.0,2.0,2.0,-1.0,3.0,3.0,3.0,-1.0,-0.3903600291794133
3d3_L=2.0_S=1.0,2,1,3.0,2.0,2.0,0.0,1.0,1.0,1.0,0.0,-0.0
3d3_L=2.0_S=1.0,2,1,3.0,2.0,2.0,0.0,1.0,1.0,2.0,0.0,-0.0
3d3_L=2.0_S=1.0,2,1,3.0,2.0,2.0,0.0,1.0,2.0,1.0,0.0,-0.0
3d3_L=2.0_S=1.0,2,1,3.0,2.0,2.0,0.0,1.0,2.0,2.0,0.0,-0.0
3d3_L=2.0_S=1.0,2,1,3.0,2.0,2.0,0.0,1.0,2.0,3.0,0.0,0.0
3d3_L=2.0_S=1.0,2,1,3.0,2.0,2.0,0.0,1.0,3.0,2.0,0.0,-0.0
3d3_L=2.0_S=1.0,2,1,3.0,2.0,2.0,0.0,1.0,3.0,3.0,0.0,0.0
3d3_L=2.0_S=1.0,2,1,3.0,2.0,2.0,0.0,2.0,1.0,1.0,0.0,-0.0
3d3_L=2.0_S=1.0,2,1,3.0,2.0,2.0,0.0,2.0,1.0,2.0,0.0,-0.0
3d3_L=2.0_S=1.0,2,1,3.0,2.0,2.0,0.0,2.0,1.0,3.0,0.0,0.0
3d3_L=2.0_S=1.0,2,1,3.0,2.0,2.0,0.0,2.0,2.0,1.0,0.0,-0.4988876515698589
3d3_L=2.0_S=1.0,2,1,3.0,2.0,2.0,0.0,2.0,2.0,2.0,0.0,-0.0
3d3_L=2.0_S=1.0,2,1,3.0,2.0,2.0,0.0,2.0,2.0,3.0,0.0,0.10690449676496977
3d3_L=2.0_S=1.0,2,1,3.0,2.0,2.0,0.0,2.0,3.0,1.0,0.0,-0.0
3d3_L=2.0_S=1.0,2,1,3.0,2.0,2.0,0.0,2.0,3.0,2.0,0.0,-0.0
3d3_L=2.0_S=1.0,2,1,3.0,2.0,2.0,0.0,2.0,3.0,3.0,0.0,0.0
3d3_L=2.0_S=1.0,2,1,3.0,2.0,2.0,0.0,3.0,1.0,2.0,0.0,0.0
3d3_L=2.0_S=1.0,2,1,3.0,2.0,2.0,0.0,3.0,1.0,3.0,0.0,0.3585685828003181
3d3_L=2.0_S=1.0,2,1,3.0,2.0,2.0,0.0,3.0,2.0,1.0,0.0,0.21081851067789223
3d3_L=2.0_S=1.0,2,1,3.0,2.0,2.0,0.0,3.0,2.0,2.0,0.0,-0.0
3d3_L=2.0_S=1.0,2,1,3.0,2.0,2.0,0.0,3.0,2.0,3.0,0.0,0.20701966780270623
3d3_L=2.0_S=1.0,2,1,3.0,2.0,2.0,0.0,3.0,3.0,1.0,0.0,0.29814239699997197
3d3_L=2.0_S=1.0,2,1,3.0,2.0,2.0,0.0,3.0,3.0,2.0,0.0,0.0
3d3_L=2.0_S=1.0,2,1,3.0,2.0,2.0,0.0,3.0,3.0,3.0,0.0,-0.4140393356054127
3d3_L=2.0_S=1.0,2,1,3.0,2.0,2.0,1.0,1.0,1.0,1.0,1.0,-0.0
3d3_L=2.0_S=1.0,2,1,3.0,2.0,2.0,1.0,1.0,1.0,2.0,1.0,0.0
3d3_L=2.0_S=1.0,2,1,3.0,2.0,2.0,1.0,1.0,2.0,1.0,1.0,-0.0
3d3_L=2.0_S=1.0,2,1,3.0,2.0,2.0,1.0,1.0,2.0,2.0,1.0,0.0
3d3_L=2.0_S=1.0,2,1,3.0,2.0,2.0,1.0,1.0,2.0,3.0,1.0,0.0
3d3_L=2.0_S=1.0,2,1,3.0,2.0,2.0,1.0,1.0,3.0,2.0,1.0,0.0
3d3_L=2.0_S=1.0,2,1,3.0,2.0,2.0,1.0,1.0,3.0,3.0,1.0,0.0
3d3_L=2.0_S=1.0,2,1,3.0,2.0,2.0,1.0,2.0,1.0,1.0,1.0,-0.0
3d3_L=2.0_S=1.0,2,1,3.0,2.0,2.0,1.0,2.0,1.0,2.0,1.0,0.0
3d3_L=2.0_S=1.0,2,1,3.0,2.0,2.0,1.0,2.0,1.0,3.0,1.0,0.0
3d3_L=2.0_S=1.0,2,1,3.0,2.0,2.0,1.0,2.0,2.0,1.0,1.0,-0.4320493798938575
3d3_L=2.0_S=1.0,2,1,3.0,2.0,2.0,1.0,2.0,2.0,2.0,1.0,0.210818510677892
3d3_L=2.0_S=1.0,2,1,3.0,2.0,2.0,1.0,2.0,2.0,3.0,1.0,0.10079052613579392
3d3_L=2.0_S=1.0,2,1,3.0,2.0,2.0,1.0,2.0,3.0,1.0,1.0,-0.0
3d3_L=2.0_S=1.0,2,1,3.0,2.0,2.0,1.0,2.0,3.0,2.0,1.0,0.0
3d3_L=2.0_S=1.0,2,1,3.0,2.0,2.0,1.0,2.0,3.0,3.0,1.0,0.0
3d3_L=2.0_S=1.0,2,1,3.0,2.0,2.0,1.0,3.0,1.0,2.0,1.0,-0.31622776601683794
3d3_L=2.0_S=1.0,2,1,3.0,2.0,2.0,1.0,3.0,1.0,3.0,1.0,0.33806170189140655
3d3_L=2.0_S=1.0,2,1,3.0,2.0,2.0,1.0,3.0,2.0,1.0,1.0,0.18257418583505564
3d3_L=2.0_S=1.0,2,1,3.0,2.0,2.0,1.0,3.0,2.0,2.0,1.0,1.3333333333333333
3d3_L=2.0_S=1.0,2,1,3.0,2.0,2.0,1.0,3.0,2.0,3.0,1.0,0.19518001458970657
3d3_L=2.0_S=1.0,2,1,3.0,2.0,2.0,1.0,3.0,3.0,1.0,1.0,0.25819888974716115
3d3_L=2.0_S=1.0,2,1,3.0,2.0,2.0,1.0,3.0,3.0,2.0,1.0,-0.2581988897471612
3d3_L=2.0_S=1.0,2,1,3.0,2.0,2.0,1.0,3.0,3.0,3.0,1.0,-0.3903600291794133
3d3_L=2.0_S=1.0,2,1,3.0,2.0,2.0,2.0,1.0,1.0,2.0,2.0,0.0
3d3_L=2.0_S=1.0,2,1,3.0,2.0,2.0,2.0,1.0,2.0,2.0,2.0,0.0
3d3_L=2.0_S=1.0,2,1,3.0,2.0,2.0,2.0,1.0,2.0,3.0,2.0,0.0
3d3_L=2.0_S=1.0,2,1,3.0,2.0,2.0,2.0,1.0,3.0,2.0,2.0,0.0
3d3_L=2.0_S=1.0,2,1,3.0,2.0,2.0,2.0,1.0,3.0,3.0,2.0,0.0
3d3_L=2.0_S=1.0,2,1,3.0,2.0,2.0,2.0,2.0,1.0,2.0,2.0,0.0
3d3_L=2.0_S=1.0,2,1,3.0,2.0,2.0,2.0,2.0,1.0,3.0,2.0,0.0
3d3_L=2.0_S=1.0,2,1,3.0,2.0,2.0,2.0,2.0,2.0,2.0,2.0,0.42163702135578396
3d3_L=2.0_S=1.0,2,1,3.0,2.0,2.0,2.0,2.0,2.0,3.0,2.0,0.07968190728895957
3d3_L=2.0_S=1.0,2,1,3.0,2.0,2.0,2.0,2.0,3.0,2.0,2.0,0.0
3d3_L=2.0_S=1.0,2,1,3.0,2.0,2.0,2.0,2.0,3.0,3.0,2.0,0.0
3d3_L=2.0_S=1.0,2,1,3.0,2.0,2.0,2.0,3.0,1.0,2.0,2.0,-0.6324555320336758
3d3_L=2.0_S=1.0,2,1,3.0,2.0,2.0,2.0,3.0,1.0,3.0,2.0,0.26726124191242434
3d3_L=2.0_S=1.0,2,1,3.0,2.0,2.0,2.0,3.0,2.0,2.0,2.0,2.666666666666666
3d3_L=2.0_S=1.0,2,1,3.0,2.0,2.0,2.0,3.0,2.0,3.0,2.0,0.15430334996209186
3d3_L=2.0_S=1.0,2,1,3.0,2.0,2.0,2.0,3.0,3.0,2.0,2.0,-0.5163977794943223
3d3_L=2.0_S=1.0,2,1,3.0,2.0,2.0,2.0,3.0,3.0,3.0,2.0,-0.3086066999241839
3d3_L=2.0_S=1.0,2,1,3.0,2.0,3.0,-3.0,1.0,2.0,3.0,-3.0,0.0
3d3_L=2.0_S=1.0,2,1,3.0,2.0,3.0,-3.0,1.0,3.0,3.0,-3.0,0.0
3d3_L=2.0_S=1.0,2,1,3.0,2.0,3.0,-3.0,1.0,3.0,4.0,-3.0,-0.0
3d3_L=2.0_S=1.0,2,1,3.0,2.0,3.0,-3.0,2.0,1.0,3.0,-3.0,0.0
3d3_L=2.0_S=1.0,2,1,3.0,2.0,3.0,-3.0,2.0,2.0,3.0,-3.0,-0.38729833462074176
3d3_L=2.0_S=1.0,2,1,3.0,2.0,3.0,-3.0,2.0,2.0,4.0,-3.0,0.043033148291193535
3d3_L=2.0_S=1.0,2,1,3.0,2.0,3.0,-3.0,2.0,3.0,3.0,-3.0,0.0
3d3_L=2.0_S=1.0,2,1,3.0,2.0,3.0,-3.0,2.0,3.0,4.0,-3.0,-0.0
3d3_L=2.0_S=1.0,2,1,3.0,2.0,3.0,-3.0,3.0,1.0,3.0,-3.0,0.649519052838329
3d3_L=2.0_S=1.0,2,1,3.0,2.0,3.0,-3.0,3.0,1.0,4.0,-3.0,0.125
3d3_L=2.0_S=1.0,2,1,3.0,2.0,3.0,-3.0,3.0,2.0,3.0,-3.0,-3.8750000000000013
3d3_L=2.0_S=1.0,2,1,3.0,2.0,3.0,-3.0,3.0,2.0,4.0,-3.0,0.12028130608117188
3d3_L=2.0_S=1.0,2,1,3.0,2.0,3.0,-3.0,3.0,3.0,3.0,-3.0,0.5000000000000001
3d3_L=2.0_S=1.0,2,1,3.0,2.0,3.0,-3.0,3.0,3.0,4.0,-3.0,-0.31914236925211287
3d3_L=2.0_S=1.0,2,1,3.0,2.0,3.0,-2.0,1.0,1.0,2.0,-2.0,0.0
3d3_L=2.0_S=1.0,2,1,3.0,2.0,3.0,-2.0,1.0,2.0,2.0,-2.0,0.0
3d3_L=2.0_S=1.0,2,1,3.0,2.0,3.0,-2.0,1.0,2.0,3.0,-2.0,0.0
3d3_L=2.0_S=1.0,2,1,3.0,2.0,3.0,-2.0,1.0,3.0,2.0,-2.0,0.0
3d3_L=2.0_S=1.0,2,1,3.0,2.0,3.0,-2.0,1.0,3.0,3.0,-2.0,0.0
3d3_L=2.0_S=1.0,2,1,3.0,2.0,3.0,-2.0,1.0,3.0,4.0,-2.0,-0.0
3d3_L=2.0_S=1.0,2,1,3.0,2.0,3.0,-2.0,2.0,1.0,2.0,-2.0,-0.0
3d3_L=2.0_S=1.0,2,1,3.0,2.0,3.0,-2.0,2.0,1.0,3.0,-2.0,0.0
3d3_L=2.0_S=1.0,2,1,3.0,2.0,3.0,-2.0,2.0,2.0,2.0,-2.0,-0.3903600291794133
3d3_L=2.0_S=1.0,2,1,3.0,2.0,3.0,-2.0,2.0,2.0,3.0,-2.0,-0.25819888974716115
3d3_L=2.0_S=1.0,2,1,3.0,2.0,3.0,-2.0,2.0,2.0,4.0,-2.0,0.056343616981901115
3d3_L=2.0_S=1.0,2,1,3.0,2.0,3.0,-2.0,2.0,3.0,2.0,-2.0,0.0
3d3_L=2.0_S=1.0,2,1,3.0,2.0,3.0,-2.0,2.0,3.0,3.0,-2.0,0.0
3d3_L=2.0_S=1.0,2,1,3.0,2.0,3.0,-2.0,2.0,3.0,4.0,-2.0,-0.0
3d3_L=2.0_S=1.0,2,1,3.0,2.0,3.0,-2.0,3.0,1.0,2.0,-2.0,-0.29277002188455997
3d3_L=2.0_S=1.0,2,1,3.0,2.0,3.0,-2.0,3.0,1.0,3.0,-2.0,0.4330127018922192
3d3_L=2.0_S=1.0,2,1,3.0,2.0,3.0,-2.0,3.0,1.0,4.0,-2.0,0.16366341767699424
3d3_L=2.0_S=1.0,2,1,3.0,2.0,3.0,-2.0,3.0,2.0,2.0,-2.0,0.15430334996209202
3d3_L=2.0_S=1.0,2,1,3.0,2.0,3.0,-2.0,3.0,2.0,3.0,-2.0,-2.5833333333333335
3d3_L=2.0_S=1.0,2,1,3.0,2.0,3.0,-2.0,3.0,2.0,4.0,-2.0,0.15748519708717776
3d3_L=2.0_S=1.0,2,1,3.0,2.0,3.0,-2.0,3.0,3.0,2.0,-2.0,0.1593638145779192
3d3_L=2.0_S=1.0,2,1,3.0,2.0,3.0,-2.0,3.0,3.0,3.0,-2.0,0.33333333333333337
3d3_L=2.0_S=1.0,2,1,3.0,2.0,3.0,-2.0,3.0,3.0,4.0,-2.0,-0.41785544701867255
3d3_L=2.0_S=1.0,2,1,3.0,2.0,3.0,-1.0,1.0,1.0,2.0,-1.0,0.0
3d3_L=2.0_S=1.0,2,1,3.0,2.0,3.0,-1.0,1.0,2.0,2.0,-1.0,0.0
3d3_L=2.0_S=1.0,2,1,3.0,2.0,3.0,-1.0,1.0,2.0,3.0,-1.0,0.0
3d3_L=2.0_S=1.0,2,1,3.0,2.0,3.0,-1.0,1.0,3.0,2.0,-1.0,0.0
3d3_L=2.0_S=1.0,2,1,3.0,2.0,3.0,-1.0,1.0,3.0,3.0,-1.0,0.0
3d3_L=2.0_S=1.0,2,1,3.0,2.0,3.0,-1.0,1.0,3.0,4.0,-1.0,-0.0
3d3_L=2.0_S=1.0,2,1,3.0,2.0,3.0,-1.0,2.0,1.0,2.0,-1.0,-0.0
3d3_L=2.0_S=1.0,2,1,3.0,2.0,3.0,-1.0,2.0,1.0,3.0,-1.0,0.0
3d3_L=2.0_S=1.0,2,1,3.0,2.0,3.0,-1.0,2.0,2.0,2.0,-1.0,-0.49377071987869414
3d3_L=2.0_S=1.0,2,1,3.0,2.0,3.0,-1.0,2.0,2.0,3.0,-1.0,-0.12909944487358058
3d3_L=2.0_S=1.0,2,1,3.0,2.0,3.0,-1.0,2.0,2.0,4.0,-1.0,0.06299407883487122
3d3_L=2.0_S=1.0,2,1,3.0,2.0,3.0,-1.0,2.0,3.0,2.0,-1.0,0.0
3d3_L=2.0_S=1.0,2,1,3.0,2.0,3.0,-1.0,2.0,3.0,3.0,-1.0,0.0
3d3_L=2.0_S=1.0,2,1,3.0,2.0,3.0,-1.0,2.0,3.0,4.0,-1.0,-0.0
3d3_L=2.0_S=1.0,2,1,3.0,2.0,3.0,-1.0,3.0,1.0,2.0,-1.0,-0.3703280399090205
3d3_L=2.0_S=1.0,2,1,3.0,2.0,3.0,-1.0,3.0,1.0,3.0,-1.0,0.2165063509461096
3d3_L=2.0_S=1.0,2,1,3.0,2.0,3.0,-1.0,3.0,1.0,4.0,-1.0,0.18298126367784995
3d3_L=2.0_S=1.0,2,1,3.0,2.0,3.0,-1.0,3.0,2.0,2.0,-1.0,0.19518001458970674
3d3_L=2.0_S=1.0,2,1,3.0,2.0,3.0,-1.0,3.0,2.0,3.0,-1.0,-1.2916666666666667
3d3_L=2.0_S=1.0,2,1,3.0,2.0,3.0,-1.0,3.0,2.0,4.0,-1.0,0.1760738030684407
3d3_L=2.0_S=1.0,2,1,3.0,2.0,3.0,-1.0,3.0,3.0,2.0,-1.0,0.20158105227158787
3d3_L=2.0_S=1.0,2,1,3.0,2.0,3.0,-1.0,3.0,3.0,3.0,-1.0,0.16666666666666669
3d3_L=2.0_S=1.0,2,1,3.0,2.0,3.0,-1.0,3.0,3.0,4.0,-1.0,-0.46717659215115687
3d3_L=2.0_S=1.0,2,1,3.0,2.0,3.0,0.0,1.0,1.0,2.0,0.0,0.0
3d3_L=2.0_S=1.0,2,1,3.0,2.0,3.0,0.0,1.0,2.0,2.0,0.0,0.0
3d3_L=2.0_S=1.0,2,1,3.0,2.0,3.0,0.0,1.0,2.0,3.0,0.0,-0.0
3d3_L=2.0_S=1.0,2,1,3.0,2.0,3.0,0.0,1.0,3.0,2.0,0.0,0.0
3d3_L=2.0_S=1.0,2,1,3.0,2.0,3.0,0.0,1.0,3.0,3.0,0.0,-0.0
3d3_L=2.0_S=1.0,2,1,3.0,2.0,3.0,0.0,1.0,3.0,4.0,0.0,-0.0
3d3_L=2.0_S=1.0,2,1,3.0,2.0,3.0,0.0,2.0,1.0,2.0,0.0,-0.0
3d3_L=2.0_S=1.0,2,1,3.0,2.0,3.0,0.0,2.0,1.0,3.0,0.0,-0.0
3d3_L=2.0_S=1.0,2,1,3.0,2.0,3.0,0.0,2.0,2.0,2.0,0.0,-0.5237229365663818
3d3_L=2.0_S=1.0,2,1,3.0,2.0,3.0,0.0,2.0,2.0,3.0,0.0,0.0
3d3_L=2.0_S=1.0,2,1,3.0,2.0,3.0,0.0,2.0,2.0,4.0,0.0,0.06506000486323557
3d3_L=2.0_S=1.0,2,1,3.0,2.0,3.0,0.0,2.0,3.0,2.0,0.0,0.0
3d3_L=2.0_S=1.0,2,1,3.0,2.0,3.0,0.0,2.0,3.0,3.0,0.0,-0.0
3d3_L=2.0_S=1.0,2,1,3.0,2.0,3.0,0.0,2.0,3.0,4.0,0.0,-0.0
3d3_L=2.0_S=1.0,2,1,3.0,2.0,3.0,0.0,3.0,1.0,2.0,0.0,-0.3927922024247863
3d3_L=2.0_S=1.0,2,1,3.0,2.0,3.0,0.0,3.0,1.0,3.0,0.0,-0.0
3d3_L=2.0_S=1.0,2,1,3.0,2.0,3.0,0.0,3.0,1.0,4.0,0.0,0.18898223650461363
3d3_L=2.0_S=1.0,2,1,3.0,2.0,3.0,0.0,3.0,2.0,2.0,0.0,0.20701966780270642
3d3_L=2.0_S=1.0,2,1,3.0,2.0,3.0,0.0,3.0,2.0,3.0,0.0,0.0
3d3_L=2.0_S=1.0,2,1,3.0,2.0,3.0,0.0,3.0,2.0,4.0,0.0,0.18184824186332674
3d3_L=2.0_S=1.0,2,1,3.0,2.0,3.0,0.0,3.0,3.0,2.0,0.0,0.2138089935299396
3d3_L=2.0_S=1.0,2,1,3.0,2.0,3.0,0.0,3.0,3.0,3.0,0.0,-0.0
3d3_L=2.0_S=1.0,2,1,3.0,2.0,3.0,0.0,3.0,3.0,4.0,0.0,-0.48249790963716416
3d3_L=2.0_S=1.0,2,1,3.0,2.0,3.0,1.0,1.0,1.0,2.0,1.0,0.0
3d3_L=2.0_S=1.0,2,1,3.0,2.0,3.0,1.0,1.0,2.0,2.0,1.0,0.0
3d3_L=2.0_S=1.0,2,1,3.0,2.0,3.0,1.0,1.0,2.0,3.0,1.0,-0.0
3d3_L=2.0_S=1.0,2,1,3.0,2.0,3.0,1.0,1.0,3.0,2.0,1.0,0.0
3d3_L=2.0_S=1.0,2,1,3.0,2.0,3.0,1.0,1.0,3.0,3.0,1.0,-0.0
3d3_L=2.0_S=1.0,2,1,3.0,2.0,3.0,1.0,1.0,3.0,4.0,1.0,-0.0
3d3_L=2.0_S=1.0,2,1,3.0,2.0,3.0,1.0,2.0,1.0,2.0,1.0,-0.0
3d3_L=2.0_S=1.0,2,1,3.0,2.0,3.0,1.0,2.0,1.0,3.0,1.0,-0.0
3d3_L=2.0_S=1.0,2,1,3.0,2.0,3.0,1.0,2.0,2.0,2.0,1.0,-0.49377071987869414
3d3_L=2.0_S=1.0,2,1,3.0,2.0,3.0,1.0,2.0,2.0,3.0,1.0,0.12909944487358058
3d3_L=2.0_S=1.0,2,1,3.0,2.0,3.0,1.0,2.0,2.0,4.0,1.0,0.06299407883487122
3d3_L=2.0_S=1.0,2,1,3.0,2.0,3.0,1.0,2.0,3.0,2.0,1.0,0.0
3d3_L=2.0_S=1.0,2,1,3.0,2.0,3.0,1.0,2.0,3.0,3.0,1.0,-0.0
3d3_L=2.0_S=1.0,2,1,3.0,2.0,3.0,1.0,2.0,3.0,4.0,1.0,-0.0
3d3_L=2.0_S=1.0,2,1,3.0,2.0,3.0,1.0,3.0,1.0,2.0,1.0,-0.3703280399090205
3d3_L=2.0_S=1.0,2,1,3.0,2.0,3.0,1.0,3.0,1.0,3.0,1.0,-0.2165063509461096
3d3_L=2.0_S=1.0,2,1,3.0,2.0,3.0,1.0,3.0,1.0,4.0,1.0,0.18298126367784995
3d3_L=2.0_S=1.0,2,1,3.0,2.0,3.0,1.0,3.0,2.0,2.0,1.0,0.19518001458970674
3d3_L=2.0_S=1.0,2,1,3.0,2.0,3.0,1.0,3.0,2.0,3.0,1.0,1.2916666666666667
3d3_L=2.0_S=1.0,2,1,3.0,2.0,3.0,1.0,3.0,2.0,4.0,1.0,0.1760738030684407
3d3_L=2.0_S=1.0,2,1,3.0,2.0,3.0,1.0,3.0,3.0,2.0,1.0,0.20158105227158787
3d3_L=2.0_S=1.0,2,1,3.0,2.0,3.0,1.0,3.0,3.0,3.0,1.0,-0.16666666666666669
3d3_L=2.0_S=1.0,2,1,3.0,2.0,3.0,1.0,3.0,3.0,4.0,1.0,-0.46717659215115687
3d3_L=2.0_S=1.0,2,1,3.0,2.0,3.0,2.0,1.0,1.0,2.0,2.0,0.0
3d3_L=2.0_S=1.0,2,1,3.0,2.0,3.0,2.0,1.0,2.0,2.0,2.0,0.0
3d3_L=2.0_S=1.0,2,1,3.0,2.0,3.0,2.0,1.0,2.0,3.0,2.0,-0.0
3d3_L=2.0_S=1.0,2,1,3.0,2.0,3.0,2.0,1.0,3.0,2.0,2.0,0.0
3d3_L=2.0_S=1.0,2,1,3.0,2.0,3.0,2.0,1.0,3.0,3.0,2.0,-0.0
3d3_L=2.0_S=1.0,2,1,3.0,2.0,3.0,2.0,1.0,3.0,4.0,2.0,-0.0
3d3_L=2.0_S=1.0,2,1,3.0,2.0,3.0,2.0,2.0,1.0,2.0,2.0,-0.0
3d3_L=2.0_S=1.0,2,1,3.0,2.0,3.0,2.0,2.0,1.0,3.0,2.0,-0.0
3d3_L=2.0_S=1.0,2,1,3.0,2.0,3.0,2.0,2.0,2.0,2.0,2.0,-0.3903600291794133
3d3_L=2.0_S=1.0,2,1,3.0,2.0,3.0,2.0,2.0,2.0,3.0,2.0,0.25819888974716115
3d3_L=2.0_S=1.0,2,1,3.0,2.0,3.0,2.0,2.0,2.0,4.0,2.0,0.056343616981901115
3d3_L=2.0_S=1.0,2,1,3.0,2.0,3.0,2.0,2.0,3.0,2.0,2.0,0.0
3d3_L=2.0_S=1.0,2,1,3.0,2.0,3.0,2.0,2.0,3.0,3.0,2.0,-0.0
3d3_L=2.0_S=1.0,2,1,3.0,2.0,3.0,2.0,2.0,3.0,4.0,2.0,-0.0
3d3_L=2.0_S=1.0,2,1,3.0,2.0,3.0,2.0,3.0,1.0,2.0,2.0,-0.29277002188455997
3d3_L=2.0_S=1.0,2,1,3.0,2.0,3.0,2.0,3.0,1.0,3.0,2.0,-0.4330127018922192
3d3_L=2.0_S=1.0,2,1,3.0,2.0,3.0,2.0,3.0,1.0,4.0,2.0,0.16366341767699424
3d3_L=2.0_S=1.0,2,1,3.0,2.0,3.0,2.0,3.0,2.0,2.0,2.0,0.15430334996209202
3d3_L=2.0_S=1.0,2,1,3.0,2.0,3.0,2.0,3.0,2.0,3.0,2.0,2.5833333333333335
3d3_L=2.0_S=1.0,2,1,3.0,2.0,3.0,2.0,3.0,2.0,4.0,2.0,0.15748519708717776
3d3_L=2.0_S=1.0,2,1,3.0,2.0,3.0,2.0,3.0,3.0,2.0,2.0,0.1593638145779192
3d3_L=2.0_S=1.0,2,1,3.0,2.0,3.0,2.0,3.0,3.0,3.0,2.0,-0.33333333333333337
3d3_L=2.0_S=1.0,2,1,3.0,2.0,3.0,2.0,3.0,3.0,4.0,2.0,-0.41785544701867255
3d3_L=2.0_S=1.0,2,1,3.0,2.0,3.0,3.0,1.0,2.0,3.0,3.0,-0.0
3d3_L=2.0_S=1.0,2,1,3.0,2.0,3.0,3.0,1.0,3.0,3.0,3.0,-0.0
3d3_L=2.0_S=1.0,2,1,3.0,2.0,3.0,3.0,1.0,3.0,4.0,3.0,-0.0
3d3_L=2.0_S=1.0,2,1,3.0,2.0,3.0,3.0,2.0,1.0,3.0,3.0,-0.0
3d3_L=2.0_S=1.0,2,1,3.0,2.0,3.0,3.0,2.0,2.0,3.0,3.0,0.38729833462074176
3d3_L=2.0_S=1.0,2,1,3.0,2.0,3.0,3.0,2.0,2.0,4.0,3.0,0.043033148291193535
3d3_L=2.0_S=1.0,2,1,3.0,2.0,3.0,3.0,2.0,3.0,3.0,3.0,-0.0
3d3_L=2.0_S=1.0,2,1,3.0,2.0,3.0,3.0,2.0,3.0,4.0,3.0,-0.0
3d3_L=2.0_S=1.0,2,1,3.0,2.0,3.0,3.0,3.0,1.0,3.0,3.0,-0.649519052838329
3d3_L=2.0_S=1.0,2,1,3.0,2.0,3.0,3.0,3.0,1.0,4.0,3.0,0.125
3d3_L=2.0_S=1.0,2,1,3.0,2.0,3.0,3.0,3.0,2.0,3.0,3.0,3.8750000000000013
3d3_L=2.0_S=1.0,2,1,3.0,2.0,3.0,3.0,3.0,2.0,4.0,3.0,0.12028130608117188
3d3_L=2.0_S=1.0,2,1,3.0,2.0,3.0,3.0,3.0,3.0,3.0,3.0,-0.5000000000000001
3d3_L=2.0_S=1.0,2,1,3.0,2.0,3.0,3.0,3.0,3.0,4.0,3.0,-0.31914236925211287
3d3_L=2.0_S=1.0,2,1,3.0,2.0,4.0,-4.0,1.0,3.0,4.0,-4.0,-0.0
3d3_L=2.0_S=1.0,2,1,3.0,2.0,4.0,-4.0,2.0,2.0,4.0,-4.0,-0.298142396999972
3d3_L=2.0_S=1.0,2,1,3.0,2.0,4.0,-4.0,2.0,3.0,4.0,-4.0,-0.0
3d3_L=2.0_S=1.0,2,1,3.0,2.0,4.0,-4.0,2.0,3.0,5.0,-4.0,-0.0
3d3_L=2.0_S=1.0,2,1,3.0,2.0,4.0,-4.0,3.0,1.0,4.0,-4.0,0.5196152422706631
3d3_L=2.0_S=1.0,2,1,3.0,2.0,4.0,-4.0,3.0,2.0,4.0,-4.0,-5.1000000000000005
3d3_L=2.0_S=1.0,2,1,3.0,2.0,4.0,-4.0,3.0,2.0,5.0,-4.0,0.08164965809277262
3d3_L=2.0_S=1.0,2,1,3.0,2.0,4.0,-4.0,3.0,3.0,4.0,-4.0,0.44221663871405337
3d3_L=2.0_S=1.0,2,1,3.0,2.0,4.0,-4.0,3.0,3.0,5.0,-4.0,-0.32659863237109044
3d3_L=2.0_S=1.0,2,1,3.0,2.0,4.0,-3.0,1.0,2.0,3.0,-3.0,-0.0
3d3_L=2.0_S=1.0,2,1,3.0,2.0,4.0,-3.0,1.0,3.0,3.0,-3.0,-0.0
3d3_L=2.0_S=1.0,2,1,3.0,2.0,4.0,-3.0,1.0,3.0,4.0,-3.0,-0.0
3d3_L=2.0_S=1.0,2,1,3.0,2.0,4.0,-3.0,2.0,1.0,3.0,-3.0,-0.0
3d3_L=2.0_S=1.0,2,1,3.0,2.0,4.0,-3.0,2.0,2.0,3.0,-3.0,-0.372677996249965
3d3_L=2.0_S=1.0,2,1,3.0,2.0,4.0,-3.0,2.0,2.0,4.0,-3.0,-0.22360679774997905
3d3_L=2.0_S=1.0,2,1,3.0,2.0,4.0,-3.0,2.0,3.0,3.0,-3.0,-0.0
3d3_L=2.0_S=1.0,2,1,3.0,2.0,4.0,-3.0,2.0,3.0,4.0,-3.0,-0.0
3d3_L=2.0_S=1.0,2,1,3.0,2.0,4.0,-3.0,2.0,3.0,5.0,-3.0,-0.0
3d3_L=2.0_S=1.0,2,1,3.0,2.0,4.0,-3.0,3.0,1.0,3.0,-3.0,-0.375
3d3_L=2.0_S=1.0,2,1,3.0,2.0,4.0,-3.0,3.0,1.0,4.0,-3.0,0.38971143170299744
3d3_L=2.0_S=1.0,2,1,3.0,2.0,4.0,-3.0,3.0,2.0,3.0,-3.0,0.12028130608117188
3d3_L=2.0_S=1.0,2,1,3.0,2.0,4.0,-3.0,3.0,2.0,4.0,-3.0,-3.825000000000001
3d3_L=2.0_S=1.0,2,1,3.0,2.0,4.0,-3.0,3.0,2.0,5.0,-3.0,0.1088662107903635
3d3_L=2.0_S=1.0,2,1,3.0,2.0,4.0,-3.0,3.0,3.0,3.0,-3.0,0.09622504486493766
3d3_L=2.0_S=1.0,2,1,3.0,2.0,4.0,-3.0,3.0,3.0,4.0,-3.0,0.3316624790355401
3d3_L=2.0_S=1.0,2,1,3.0,2.0,4.0,-3.0,3.0,3.0,5.0,-3.0,-0.43546484316145395
3d3_L=2.0_S=1.0,2,1,3.0,2.0,4.0,-2.0,1.0,2.0,3.0,-2.0,-0.0
3d3_L=2.0_S=1.0,2,1,3.0,2.0,4.0,-2.0,1.0,3.0,3.0,-2.0,-0.0
3d3_L=2.0_S=1.0,2,1,3.0,2.0,4.0,-2.0,1.0,3.0,4.0,-2.0,-0.0
3d3_L=2.0_S=1.0,2,1,3.0,2.0,4.0,-2.0,2.0,1.0,3.0,-2.0,-0.0
3d3_L=2.0_S=1.0,2,1,3.0,2.0,4.0,-2.0,2.0,2.0,3.0,-2.0,-0.48795003647426655
3d3_L=2.0_S=1.0,2,1,3.0,2.0,4.0,-2.0,2.0,2.0,4.0,-2.0,-0.14907119849998599
3d3_L=2.0_S=1.0,2,1,3.0,2.0,4.0,-2.0,2.0,3.0,3.0,-2.0,-0.0
3d3_L=2.0_S=1.0,2,1,3.0,2.0,4.0,-2.0,2.0,3.0,4.0,-2.0,-0.0
3d3_L=2.0_S=1.0,2,1,3.0,2.0,4.0,-2.0,2.0,3.0,5.0,-2.0,-0.0
3d3_L=2.0_S=1.0,2,1,3.0,2.0,4.0,-2.0,3.0,1.0,3.0,-2.0,-0.49099025303098276
3d3_L=2.0_S=1.0,2,1,3.0,2.0,4.0,-2.0,3.0,1.0,4.0,-2.0,0.2598076211353315
3d3_L=2.0_S=1.0,2,1,3.0,2.0,4.0,-2.0,3.0,2.0,3.0,-2.0,0.15748519708717776
3d3_L=2.0_S=1.0,2,1,3.0,2.0,4.0,-2.0,3.0,2.0,4.0,-2.0,-2.55
3d3_L=2.0_S=1.0,2,1,3.0,2.0,4.0,-2.0,3.0,2.0,5.0,-2.0,0.12472191289246476
3d3_L=2.0_S=1.0,2,1,3.0,2.0,4.0,-2.0,3.0,3.0,3.0,-2.0,0.12598815766974242
3d3_L=2.0_S=1.0,2,1,3.0,2.0,4.0,-2.0,3.0,3.0,4.0,-2.0,0.22110831935702663
3d3_L=2.0_S=1.0,2,1,3.0,2.0,4.0,-2.0,3.0,3.0,5.0,-2.0,-0.498887651569859
3d3_L=2.0_S=1.0,2,1,3.0,2.0,4.0,-1.0,1.0,2.0,3.0,-1.0,-0.0
3d3_L=2.0_S=1.0,2,1,3.0,2.0,4.0,-1.0,1.0,3.0,3.0,-1.0,-0.0
3d3_L=2.0_S=1.0,2,1,3.0,2.0,4.0,-1.0,1.0,3.0,4.0,-1.0,-0.0
3d3_L=2.0_S=1.0,2,1,3.0,2.0,4.0,-1.0,2.0,1.0,3.0,-1.0,-0.0
3d3_L=2.0_S=1.0,2,1,3.0,2.0,4.0,-1.0,2.0,2.0,3.0,-1.0,-0.5455447255899809
3d3_L=2.0_S=1.0,2,1,3.0,2.0,4.0,-1.0,2.0,2.0,4.0,-1.0,-0.07453559924999299
3d3_L=2.0_S=1.0,2,1,3.0,2.0,4.0,-1.0,2.0,3.0,3.0,-1.0,-0.0
3d3_L=2.0_S=1.0,2,1,3.0,2.0,4.0,-1.0,2.0,3.0,4.0,-1.0,-0.0
3d3_L=2.0_S=1.0,2,1,3.0,2.0,4.0,-1.0,2.0,3.0,5.0,-1.0,-0.0
3d3_L=2.0_S=1.0,2,1,3.0,2.0,4.0,-1.0,3.0,1.0,3.0,-1.0,-0.5489437910335498
3d3_L=2.0_S=1.0,2,1,3.0,2.0,4.0,-1.0,3.0,1.0,4.0,-1.0,0.12990381056766576
3d3_L=2.0_S=1.0,2,1,3.0,2.0,4.0,-1.0,3.0,2.0,3.0,-1.0,0.1760738030684407
3d3_L=2.0_S=1.0,2,1,3.0,2.0,4.0,-1.0,3.0,2.0,4.0,-1.0,-1.275
3d3_L=2.0_S=1.0,2,1,3.0,2.0,4.0,-1.0,3.0,2.0,5.0,-1.0,0.1333333333333334
3d3_L=2.0_S=1.0,2,1,3.0,2.0,4.0,-1.0,3.0,3.0,3.0,-1.0,0.14085904245475278
3d3_L=2.0_S=1.0,2,1,3.0,2.0,4.0,-1.0,3.0,3.0,4.0,-1.0,0.11055415967851331
3d3_L=2.0_S=1.0,2,1,3.0,2.0,4.0,-1.0,3.0,3.0,5.0,-1.0,-0.5333333333333334
3d3_L=2.0_S=1.0,2,1,3.0,2.0,4.0,0.0,1.0,2.0,3.0,0.0,-0.0
3d3_L=2.0_S=1.0,2,1,3.0,2.0,4.0,0.0,1.0,3.0,3.0,0.0,-0.0
3d3_L=2.0_S=1.0,2,1,3.0,2.0,4.0,0.0,1.0,3.0,4.0,0.0,-0.0
3d3_L=2.0_S=1.0,2,1,3.0,2.0,4.0,0.0,2.0,1.0,3.0,0.0,-0.0
3d3_L=2.0_S=1.0,2,1,3.0,2.0,4.0,0.0,2.0,2.0,3.0,0.0,-0.5634361698190111
3d3_L=2.0_S=1.0,2,1,3.0,2.0,4.0,0.0,2.0,2.0,4.0,0.0,-0.0
3d3_L=2.0_S=1.0,2,1,3.0,2.0,4.0,0.0,2.0,3.0,3.0,0.0,-0.0
3d3_L=2.0_S=1.0,2,1,3.0,2.0,4.0,0.0,2.0,3.0,4.0,0.0,-0.0
3d3_L=2.0_S=1.0,2,1,3.0,2.0,4.0,0.0,2.0,3.0,5.0,0.0,-0.0
3d3_L=2.0_S=1.0,2,1,3.0,2.0,4.0,0.0,3.0,1.0,3.0,0.0,-0.5669467095138409
3d3_L=2.0_S=1.0,2,1,3.0,2.0,4.0,0.0,3.0,1.0,4.0,0.0,0.0
3d3_L=2.0_S=1.0,2,1,3.0,2.0,4.0,0.0,3.0,2.0,3.0,0.0,0.18184824186332674
3d3_L=2.0_S=1.0,2,1,3.0,2.0,4.0,0.0,3.0,2.0,4.0,0.0,-0.0
3d3_L=2.0_S=1.0,2,1,3.0,2.0,4.0,0.0,3.0,2.0,5.0,0.0,0.13608276348795434
3d3_L=2.0_S=1.0,2,1,3.0,2.0,4.0,0.0,3.0,3.0,3.0,0.0,0.14547859349066164
3d3_L=2.0_S=1.0,2,1,3.0,2.0,4.0,0.0,3.0,3.0,4.0,0.0,0.0
3d3_L=2.0_S=1.0,2,1,3.0,2.0,4.0,0.0,3.0,3.0,5.0,0.0,-0.5443310539518174
3d3_L=2.0_S=1.0,2,1,3.0,2.0,4.0,1.0,1.0,2.0,3.0,1.0,-0.0
3d3_L=2.0_S=1.0,2,1,3.0,2.0,4.0,1.0,1.0,3.0,3.0,1.0,-0.0
3d3_L=2.0_S=1.0,2,1,3.0,2.0,4.0,1.0,1.0,3.0,4.0,1.0,0.0
3d3_L=2.0_S=1.0,2,1,3.0,2.0,4.0,1.0,2.0,1.0,3.0,1.0,-0.0
3d3_L=2.0_S=1.0,2,1,3.0,2.0,4.0,1.0,2.0,2.0,3.0,1.0,-0.5455447255899809
3d3_L=2.0_S=1.0,2,1,3.0,2.0,4.0,1.0,2.0,2.0,4.0,1.0,0.07453559924999299
3d3_L=2.0_S=1.0,2,1,3.0,2.0,4.0,1.0,2.0,3.0,3.0,1.0,-0.0
3d3_L=2.0_S=1.0,2,1,3.0,2.0,4.0,1.0,2.0,3.0,4.0,1.0,0.0
3d3_L=2.0_S=1.0,2,1,3.0,2.0,4.0,1.0,2.0,3.0,5.0,1.0,-0.0
3d3_L=2.0_S=1.0,2,1,3.0,2.0,4.0,1.0,3.0,1.0,3.0,1.0,-0.5489437910335498
3d3_L=2.0_S=1.0,2,1,3.0,2.0,4.0,1.0,3.0,1.0,4.0,1.0,-0.12990381056766576
3d3_L=2.0_S=1.0,2,1,3.0,2.0,4.0,1.0,3.0,2.0,3.0,1.0,0.1760738030684407
3d3_L=2.0_S=1.0,2,1,3.0,2.0,4.0,1.0,3.0,2.0,4.0,1.0,1.275
3d3_L=2.0_S=1.0,2,1,3.0,2.0,4.0,1.0,3.0,2.0,5.0,1.0,0.1333333333333334
3d3_L=2.0_S=1.0,2,1,3.0,2.0,4.0,1.0,3.0,3.0,3.0,1.0,0.14085904245475278
3d3_L=2.0_S=1.0,2,1,3.0,2.0,4.0,1.0,3.0,3.0,4.0,1.0,-0.11055415967851331
3d3_L=2.0_S=1.0,2,1,3.0,2.0,4.0,1.0,3.0,3.0,5.0,1.0,-0.5333333333333334
3d3_L=2.0_S=1.0,2,1,3.0,2.0,4.0,2.0,1.0,2.0,3.0,2.0,-0.0
3d3_L=2.0_S=1.0,2,1,3.0,2.0,4.0,2.0,1.0,3.0,3.0,2.0,-0.0
3d3_L=2.0_S=1.0,2,1,3.0,2.0,4.0,2.0,1.0,3.0,4.0,2.0,0.0
3d3_L=2.0_S=1.0,2,1,3.0,2.0,4.0,2.0,2.0,1.0,3.0,2.0,-0.0
3d3_L=2.0_S=1.0,2,1,3.0,2.0,4.0,2.0,2.0,2.0,3.0,2.0,-0.48795003647426655
3d3_L=2.0_S=1.0,2,1,3.0,2.0,4.0,2.0,2.0,2.0,4.0,2.0,0.14907119849998599
3d3_L=2.0_S=1.0,2,1,3.0,2.0,4.0,2.0,2.0,3.0,3.0,2.0,-0.0
3d3_L=2.0_S=1.0,2,1,3.0,2.0,4.0,2.0,2.0,3.0,4.0,2.0,0.0
3d3_L=2.0_S=1.0,2,1,3.0,2.0,4.0,2.0,2.0,3.0,5.0,2.0,-0.0
3d3_L=2.0_S=1.0,2,1,3.0,2.0,4.0,2.0,3.0,1.0,3.0,2.0,-0.49099025303098276
3d3_L=2.0_S=1.0,2,1,3.0,2.0,4.0,2.0,3.0,1.0,4.0,2.0,-0.2598076211353315
3d3_L=2.0_S=1.0,2,1,3.0,2.0,4.0,2.0,3.0,2.0,3.0,2.0,0.15748519708717776
3d3_L=2.0_S=1.0,2,1,3.0,2.0,4.0,2.0,3.0,2.0,4.0,2.0,2.55
3d3_L=2.0_S=1.0,2,1,3.0,2.0,4.0,2.0,3.0,2.0,5.0,2.0,0.12472191289246476
3d3_L=2.0_S=1.0,2,1,3.0,2.0,4.0,2.0,3.0,3.0,3.0,2.0,0.12598815766974242
3d3_L=2.0_S=1.0,2,1,3.0,2.0,4.0,2.0,3.0,3.0,4.0,2.0,-0.22110831935702663
3d3_L=2.0_S=1.0,2,1,3.0,2.0,4.0,2.0,3.0,3.0,5.0,2.0,-0.498887651569859
3d3_L=2.0_S=1.0,2,1,3.0,2.0,4.0,3.0,1.0,2.0,3.0,3.0,-0.0
3d3_L=2.0_S=1.0,2,1,3.0,2.0,4.0,3.0,1.0,3.0,3.0,3.0,-0.0
3d3_L=2.0_S=1.0,2,1,3.0,2.0,4.0,3.0,1.0,3.0,4.0,3.0,0.0
3d3_L=2.0_S=1.0,2,1,3.0,2.0,4.0,3.0,2.0,1.0,3.0,3.0,-0.0
3d3_L=2.0_S=1.0,2,1,3.0,2.0,4.0,3.0,2.0,2.0,3.0,3.0,-0.372677996249965
3d3_L=2.0_S=1.0,2,1,3.0,2.0,4.0,3.0,2.0,2.0,4.0,3.0,0.22360679774997905
3d3_L=2.0_S=1.0,2,1,3.0,2.0,4.0,3.0,2.0,3.0,3.0,3.0,-0.0
3d3_L=2.0_S=1.0,2,1,3.0,2.0,4.0,3.0,2.0,3.0,4.0,3.0,0.0
3d3_L=2.0_S=1.0,2,1,3.0,2.0,4.0,3.0,2.0,3.0,5.0,3.0,-0.0
3d3_L=2.0_S=1.0,2,1,3.0,2.0,4.0,3.0,3.0,1.0,3.0,3.0,-0.375
3d3_L=2.0_S=1.0,2,1,3.0,2.0,4.0,3.0,3.0,1.0,4.0,3.0,-0.38971143170299744
3d3_L=2.0_S=1.0,2,1,3.0,2.0,4.0,3.0,3.0,2.0,3.0,3.0,0.12028130608117188
3d3_L=2.0_S=1.0,2,1,3.0,2.0,4.0,3.0,3.0,2.0,4.0,3.0,3.825000000000001
3d3_L=2.0_S=1.0,2,1,3.0,2.0,4.0,3.0,3.0,2.0,5.0,3.0,0.1088662107903635
3d3_L=2.0_S=1.0,2,1,3.0,2.0,4.0,3.0,3.0,3.0,3.0,3.0,0.09622504486493766
3d3_L=2.0_S=1.0,2,1,3.0,2.0,4.0,3.0,3.0,3.0,4.0,3.0,-0.3316624790355401
3d3_L=2.0_S=1.0,2,1,3.0,2.0,4.0,3.0,3.0,3.0,5.0,3.0,-0.43546484316145395
3d3_L=2.0_S=1.0,2,1,3.0,2.0,4.0,4.0,1.0,3.0,4.0,4.0,0.0
3d3_L=2.0_S=1.0,2,1,3.0,2.0,4.0,4.0,2.0,2.0,4.0,4.0,0.298142396999972
3d3_L=2.0_S=1.0,2,1,3.0,2.0,4.0,4.0,2.0,3.0,4.0,4.0,0.0
3d3_L=2.0_S=1.0,2,1,3.0,2.0,4.0,4.0,2.0,3.0,5.0,4.0,-0.0
3d3_L=2.0_S=1.0,2,1,3.0,2.0,4.0,4.0,3.0,1.0,4.0,4.0,-0.5196152422706631
3d3_L=2.0_S=1.0,2,1,3.0,2.0,4.0,4.0,3.0,2.0,4.0,4.0,5.1000000000000005
3d3_L=2.0_S=1.0,2,1,3.0,2.0,4.0,4.0,3.0,2.0,5.0,4.0,0.08164965809277262
3d3_L=2.0_S=1.0,2,1,3.0,2.0,4.0,4.0,3.0,3.0,4.0,4.0,-0.44221663871405337
3d3_L=2.0_S=1.0,2,1,3.0,2.0,4.0,4.0,3.0,3.0,5.0,4.0,-0.32659863237109044
3d3_L=2.0_S=1.0,2,1,3.0,2.0,5.0,-5.0,2.0,3.0,5.0,-5.0,0.0
3d3_L=2.0_S=1.0,2,1,3.0,2.0,5.0,-5.0,3.0,2.0,5.0,-5.0,-6.333333333333333
3d3_L=2.0_S=1.0,2,1,3.0,2.0,5.0,-5.0,3.0,3.0,5.0,-5.0,0.33333333333333337
3d3_L=2.0_S=1.0,2,1,3.0,2.0,5.0,-5.0,3.0,3.0,6.0,-5.0,-0.33333333333333337
3d3_L=2.0_S=1.0,2,1,3.0,2.0,5.0,-4.0,1.0,3.0,4.0,-4.0,0.0
3d3_L=2.0_S=1.0,2,1,3.0,2.0,5.0,-4.0,2.0,2.0,4.0,-4.0,-0.3651483716701108
3d3_L=2.0_S=1.0,2,1,3.0,2.0,5.0,-4.0,2.0,3.0,4.0,-4.0,0.0
3d3_L=2.0_S=1.0,2,1,3.0,2.0,5.0,-4.0,2.0,3.0,5.0,-4.0,0.0
3d3_L=2.0_S=1.0,2,1,3.0,2.0,5.0,-4.0,3.0,1.0,4.0,-4.0,-0.4242640687119285
3d3_L=2.0_S=1.0,2,1,3.0,2.0,5.0,-4.0,3.0,2.0,4.0,-4.0,0.08164965809277262
3d3_L=2.0_S=1.0,2,1,3.0,2.0,5.0,-4.0,3.0,2.0,5.0,-4.0,-5.066666666666666
3d3_L=2.0_S=1.0,2,1,3.0,2.0,5.0,-4.0,3.0,3.0,4.0,-4.0,0.049236596391733105
3d3_L=2.0_S=1.0,2,1,3.0,2.0,5.0,-4.0,3.0,3.0,5.0,-4.0,0.26666666666666666
3d3_L=2.0_S=1.0,2,1,3.0,2.0,5.0,-4.0,3.0,3.0,6.0,-4.0,-0.4494665749754948
3d3_L=2.0_S=1.0,2,1,3.0,2.0,5.0,-3.0,1.0,3.0,4.0,-3.0,0.0
3d3_L=2.0_S=1.0,2,1,3.0,2.0,5.0,-3.0,2.0,2.0,4.0,-3.0,-0.4868644955601478
3d3_L=2.0_S=1.0,2,1,3.0,2.0,5.0,-3.0,2.0,3.0,4.0,-3.0,0.0
3d3_L=2.0_S=1.0,2,1,3.0,2.0,5.0,-3.0,2.0,3.0,5.0,-3.0,0.0
3d3_L=2.0_S=1.0,2,1,3.0,2.0,5.0,-3.0,3.0,1.0,4.0,-3.0,-0.5656854249492381
3d3_L=2.0_S=1.0,2,1,3.0,2.0,5.0,-3.0,3.0,2.0,4.0,-3.0,0.1088662107903635
3d3_L=2.0_S=1.0,2,1,3.0,2.0,5.0,-3.0,3.0,2.0,5.0,-3.0,-3.8
3d3_L=2.0_S=1.0,2,1,3.0,2.0,5.0,-3.0,3.0,3.0,4.0,-3.0,0.06564879518897748
3d3_L=2.0_S=1.0,2,1,3.0,2.0,5.0,-3.0,3.0,3.0,5.0,-3.0,0.2
3d3_L=2.0_S=1.0,2,1,3.0,2.0,5.0,-3.0,3.0,3.0,6.0,-3.0,-0.5222329678670935
3d3_L=2.0_S=1.0,2,1,3.0,2.0,5.0,-2.0,1.0,3.0,4.0,-2.0,0.0
3d3_L=2.0_S=1.0,2,1,3.0,2.0,5.0,-2.0,2.0,2.0,4.0,-2.0,-0.5577733510227172
3d3_L=2.0_S=1.0,2,1,3.0,2.0,5.0,-2.0,2.0,3.0,4.0,-2.0,0.0
3d3_L=2.0_S=1.0,2,1,3.0,2.0,5.0,-2.0,2.0,3.0,5.0,-2.0,0.0
3d3_L=2.0_S=1.0,2,1,3.0,2.0,5.0,-2.0,3.0,1.0,4.0,-2.0,-0.6480740698407861
3d3_L=2.0_S=1.0,2,1,3.0,2.0,5.0,-2.0,3.0,2.0,4.0,-2.0,0.12472191289246476
3d3_L=2.0_S=1.0,2,1,3.0,2.0,5.0,-2.0,3.0,2.0,5.0,-2.0,-2.5333333333333337
3d3_L=2.0_S=1.0,2,1,3.0,2.0,5.0,-2.0,3.0,3.0,4.0,-2.0,0.07521014330903551
3d3_L=2.0_S=1.0,2,1,3.0,2.0,5.0,-2.0,3.0,3.0,5.0,-2.0,0.13333333333333336
3d3_L=2.0_S=1.0,2,1,3.0,2.0,5.0,-2.0,3.0,3.0,6.0,-2.0,-0.5685352436149613
3d3_L=2.0_S=1.0,2,1,3.0,2.0,5.0,-1.0,1.0,3.0,4.0,-1.0,0.0
3d3_L=2.0_S=1.0,2,1,3.0,2.0,5.0,-1.0,2.0,2.0,4.0,-1.0,-0.5962847939999442
3d3_L=2.0_S=1.0,2,1,3.0,2.0,5.0,-1.0,2.0,3.0,4.0,-1.0,0.0
3d3_L=2.0_S=1.0,2,1,3.0,2.0,5.0,-1.0,2.0,3.0,5.0,-1.0,0.0
3d3_L=2.0_S=1.0,2,1,3.0,2.0,5.0,-1.0,3.0,1.0,4.0,-1.0,-0.692820323027551
3d3_L=2.0_S=1.0,2,1,3.0,2.0,5.0,-1.0,3.0,2.0,4.0,-1.0,0.1333333333333334
3d3_L=2.0_S=1.0,2,1,3.0,2.0,5.0,-1.0,3.0,2.0,5.0,-1.0,-1.2666666666666666
3d3_L=2.0_S=1.0,2,1,3.0,2.0,5.0,-1.0,3.0,3.0,4.0,-1.0,0.08040302522073699
3d3_L=2.0_S=1.0,2,1,3.0,2.0,5.0,-1.0,3.0,3.0,5.0,-1.0,0.06666666666666667
3d3_L=2.0_S=1.0,2,1,3.0,2.0,5.0,-1.0,3.0,3.0,6.0,-1.0,-0.5945883900105633
3d3_L=2.0_S=1.0,2,1,3.0,2.0,5.0,0.0,1.0,3.0,4.0,0.0,0.0
3d3_L=2.0_S=1.0,2,1,3.0,2.0,5.0,0.0,2.0,2.0,4.0,0.0,-0.6085806194501846
3d3_L=2.0_S=1.0,2,1,3.0,2.0,5.0,0.0,2.0,3.0,4.0,0.0,0.0
3d3_L=2.0_S=1.0,2,1,3.0,2.0,5.0,0.0,2.0,3.0,5.0,0.0,-0.0
3d3_L=2.0_S=1.0,2,1,3.0,2.0,5.0,0.0,3.0,1.0,4.0,0.0,-0.7071067811865475
3d3_L=2.0_S=1.0,2,1,3.0,2.0,5.0,0.0,3.0,2.0,4.0,0.0,0.13608276348795434
3d3_L=2.0_S=1.0,2,1,3.0,2.0,5.0,0.0,3.0,2.0,5.0,0.0,0.0
3d3_L=2.0_S=1.0,2,1,3.0,2.0,5.0,0.0,3.0,3.0,4.0,0.0,0.08206099398622183
3d3_L=2.0_S=1.0,2,1,3.0,2.0,5.0,0.0,3.0,3.0,5.0,0.0,-0.0
3d3_L=2.0_S=1.0,2,1,3.0,2.0,5.0,0.0,3.0,3.0,6.0,0.0,-0.6030226891555274
3d3_L=2.0_S=1.0,2,1,3.0,2.0,5.0,1.0,1.0,3.0,4.0,1.0,0.0
3d3_L=2.0_S=1.0,2,1,3.0,2.0,5.0,1.0,2.0,2.0,4.0,1.0,-0.5962847939999442
3d3_L=2.0_S=1.0,2,1,3.0,2.0,5.0,1.0,2.0,3.0,4.0,1.0,0.0
3d3_L=2.0_S=1.0,2,1,3.0,2.0,5.0,1.0,2.0,3.0,5.0,1.0,-0.0
3d3_L=2.0_S=1.0,2,1,3.0,2.0,5.0,1.0,3.0,1.0,4.0,1.0,-0.692820323027551
3d3_L=2.0_S=1.0,2,1,3.0,2.0,5.0,1.0,3.0,2.0,4.0,1.0,0.1333333333333334
3d3_L=2.0_S=1.0,2,1,3.0,2.0,5.0,1.0,3.0,2.0,5.0,1.0,1.2666666666666666
3d3_L=2.0_S=1.0,2,1,3.0,2.0,5.0,1.0,3.0,3.0,4.0,1.0,0.08040302522073699
3d3_L=2.0_S=1.0,2,1,3.0,2.0,5.0,1.0,3.0,3.0,5.0,1.0,-0.06666666666666667
3d3_L=2.0_S=1.0,2,1,3.0,2.0,5.0,1.0,3.0,3.0,6.0,1.0,-0.5945883900105633
3d3_L=2.0_S=1.0,2,1,3.0,2.0,5.0,2.0,1.0,3.0,4.0,2.0,0.0
3d3_L=2.0_S=1.0,2,1,3.0,2.0,5.0,2.0,2.0,2.0,4.0,2.0,-0.5577733510227172
3d3_L=2.0_S=1.0,2,1,3.0,2.0,5.0,2.0,2.0,3.0,4.0,2.0,0.0
3d3_L=2.0_S=1.0,2,1,3.0,2.0,5.0,2.0,2.0,3.0,5.0,2.0,-0.0
3d3_L=2.0_S=1.0,2,1,3.0,2.0,5.0,2.0,3.0,1.0,4.0,2.0,-0.6480740698407861
3d3_L=2.0_S=1.0,2,1,3.0,2.0,5.0,2.0,3.0,2.0,4.0,2.0,0.12472191289246476
3d3_L=2.0_S=1.0,2,1,3.0,2.0,5.0,2.0,3.0,2.0,5.0,2.0,2.5333333333333337
3d3_L=2.0_S=1.0,2,1,3.0,2.0,5.0,2.0,3.0,3.0,4.0,2.0,0.07521014330903551
3d3_L=2.0_S=1.0,2,1,3.0,2.0,5.0,2.0,3.0,3.0,5.0,2.0,-0.13333333333333336
3d3_L=2.0_S=1.0,2,1,3.0,2.0,5.0,2.0,3.0,3.0,6.0,2.0,-0.5685352436149613
3d3_L=2.0_S=1.0,2,1,3.0,2.0,5.0,3.0,1.0,3.0,4.0,3.0,0.0
3d3_L=2.0_S=1.0,2,1,3.0,2.0,5.0,3.0,2.0,2.0,4.0,3.0,-0.4868644955601478
3d3_L=2.0_S=1.0,2,1,3.0,2.0,5.0,3.0,2.0,3.0,4.0,3.0,0.0
3d3_L=2.0_S=1.0,2,1,3.0,2.0,5.0,3.0,2.0,3.0,5.0,3.0,-0.0
3d3_L=2.0_S=1.0,2,1,3.0,2.0,5.0,3.0,3.0,1.0,4.0,3.0,-0.5656854249492381
3d3_L=2.0_S=1.0,2,1,3.0,2.0,5.0,3.0,3.0,2.0,4.0,3.0,0.1088662107903635
3d3_L=2.0_S=1.0,2,1,3.0,2.0,5.0,3.0,3.0,2.0,5.0,3.0,3.8
3d3_L=2.0_S=1.0,2,1,3.0,2.0,5.0,3.0,3.0,3.0,4.0,3.0,0.06564879518897748
3d3_L=2.0_S=1.0,2,1,3.0,2.0,5.0,3.0,3.0,3.0,5.0,3.0,-0.2
3d3_L=2.0_S=1.0,2,1,3.0,2.0,5.0,3.0,3.0,3.0,6.0,3.0,-0.5222329678670935
3d3_L=2.0_S=1.0,2,1,3.0,2.0,5.0,4.0,1.0,3.0,4.0,4.0,0.0
3d3_L=2.0_S=1.0,2,1,3.0,2.0,5.0,4.0,2.0,2.0,4.0,4.0,-0.3651483716701108
3d3_L=2.0_S=1.0,2,1,3.0,2.0,5.0,4.0,2.0,3.0,4.0,4.0,0.0
3d3_L=2.0_S=1.0,2,1,3.0,2.0,5.0,4.0,2.0,3.0,5.0,4.0,-0.0
3d3_L=2.0_S=1.0,2,1,3.0,2.0,5.0,4.0,3.0,1.0,4.0,4.0,-0.4242640687119285
3d3_L=2.0_S=1.0,2,1,3.0,2.0,5.0,4.0,3.0,2.0,4.0,4.0,0.08164965809277262
3d3_L=2.0_S=1.0,2,1,3.0,2.0,5.0,4.0,3.0,2.0,5.0,4.0,5.066666666666666
3d3_L=2.0_S=1.0,2,1,3.0,2.0,5.0,4.0,3.0,3.0,4.0,4.0,0.049236596391733105
3d3_L=2.0_S=1.0,2,1,3.0,2.0,5.0,4.0,3.0,3.0,5.0,4.0,-0.26666666666666666
3d3_L=2.0_S=1.0,2,1,3.0,2.0,5.0,4.0,3.0,3.0,6.0,4.0,-0.4494665749754948
3d3_L=2.0_S=1.0,2,1,3.0,2.0,5.0,5.0,2.0,3.0,5.0,5.0,-0.0
3d3_L=2.0_S=1.0,2,1,3.0,2.0,5.0,5.0,3.0,2.0,5.0,5.0,6.333333333333333
3d3_L=2.0_S=1.0,2,1,3.0,2.0,5.0,5.0,3.0,3.0,5.0,5.0,-0.33333333333333337
3d3_L=2.0_S=1.0,2,1,3.0,2.0,5.0,5.0,3.0,3.0,6.0,5.0,-0.33333333333333337
3d3_L=2.0_S=1.0,2,1,3.0,3.0,0.0,-0.0,1.0,1.0,1.0,0.0,-0.0
3d3_L=2.0_S=1.0,2,1,3.0,3.0,0.0,-0.0,1.0,2.0,1.0,0.0,-0.0
3d3_L=2.0_S=1.0,2,1,3.0,3.0,0.0,-0.0,2.0,1.0,1.0,0.0,0.0
3d3_L=2.0_S=1.0,2,1,3.0,3.0,0.0,-0.0,2.0,2.0,1.0,0.0,0.0
3d3_L=2.0_S=1.0,2,1,3.0,3.0,0.0,-0.0,2.0,3.0,1.0,0.0,0.4714045207910317
3d3_L=2.0_S=1.0,2,1,3.0,3.0,0.0,-0.0,3.0,2.0,1.0,0.0,0.47140452079103157
3d3_L=2.0_S=1.0,2,1,3.0,3.0,0.0,-0.0,3.0,3.0,1.0,0.0,-0.0
3d3_L=2.0_S=1.0,2,1,3.0,3.0,1.0,-1.0,1.0,1.0,1.0,-1.0,-0.0
3d3_L=2.0_S=1.0,2,1,3.0,3.0,1.0,-1.0,1.0,1.0,2.0,-1.0,0.0
3d3_L=2.0_S=1.0,2,1,3.0,3.0,1.0,-1.0,1.0,2.0,1.0,-1.0,-0.0
3d3_L=2.0_S=1.0,2,1,3.0,3.0,1.0,-1.0,1.0,2.0,2.0,-1.0,0.0
3d3_L=2.0_S=1.0,2,1,3.0,3.0,1.0,-1.0,1.0,3.0,2.0,-1.0,0.0
3d3_L=2.0_S=1.0,2,1,3.0,3.0,1.0,-1.0,2.0,1.0,1.0,-1.0,-0.0
3d3_L=2.0_S=1.0,2,1,3.0,3.0,1.0,-1.0,2.0,1.0,2.0,-1.0,0.0
3d3_L=2.0_S=1.0,2,1,3.0,3.0,1.0,-1.0,2.0,2.0,1.0,-1.0,-0.0
3d3_L=2.0_S=1.0,2,1,3.0,3.0,1.0,-1.0,2.0,2.0,2.0,-1.0,0.0
3d3_L=2.0_S=1.0,2,1,3.0,3.0,1.0,-1.0,2.0,3.0,1.0,-1.0,-0.47140452079103173
3d3_L=2.0_S=1.0,2,1,3.0,3.0,1.0,-1.0,2.0,3.0,2.0,-1.0,0.25819888974716115
3d3_L=2.0_S=1.0,2,1,3.0,3.0,1.0,-1.0,3.0,1.0,2.0,-1.0,0.0
3d3_L=2.0_S=1.0,2,1,3.0,3.0,1.0,-1.0,3.0,2.0,1.0,-1.0,0.4714045207910317
3d3_L=2.0_S=1.0,2,1,3.0,3.0,1.0,-1.0,3.0,2.0,2.0,-1.0,0.2581988897471611
3d3_L=2.0_S=1.0,2,1,3.0,3.0,1.0,-1.0,3.0,3.0,1.0,-1.0,-1.333333333333333
3d3_L=2.0_S=1.0,2,1,3.0,3.0,1.0,-1.0,3.0,3.0,2.0,-1.0,0.0
3d3_L=2.0_S=1.0,2,1,3.0,3.0,1.0,0.0,1.0,1.0,0.0,-0.0,-0.0
3d3_L=2.0_S=1.0,2,1,3.0,3.0,1.0,0.0,1.0,1.0,1.0,0.0,0.0
3d3_L=2.0_S=1.0,2,1,3.0,3.0,1.0,0.0,1.0,1.0,2.0,0.0,0.0
3d3_L=2.0_S=1.0,2,1,3.0,3.0,1.0,0.0,1.0,2.0,1.0,0.0,0.0
3d3_L=2.0_S=1.0,2,1,3.0,3.0,1.0,0.0,1.0,2.0,2.0,0.0,0.0
3d3_L=2.0_S=1.0,2,1,3.0,3.0,1.0,0.0,1.0,3.0,2.0,0.0,0.0
3d3_L=2.0_S=1.0,2,1,3.0,3.0,1.0,0.0,2.0,1.0,1.0,0.0,0.0
3d3_L=2.0_S=1.0,2,1,3.0,3.0,1.0,0.0,2.0,1.0,2.0,0.0,0.0
3d3_L=2.0_S=1.0,2,1,3.0,3.0,1.0,0.0,2.0,2.0,0.0,-0.0,0.0
3d3_L=2.0_S=1.0,2,1,3.0,3.0,1.0,0.0,2.0,2.0,1.0,0.0,0.0
3d3_L=2.0_S=1.0,2,1,3.0,3.0,1.0,0.0,2.0,2.0,2.0,0.0,0.0
3d3_L=2.0_S=1.0,2,1,3.0,3.0,1.0,0.0,2.0,3.0,1.0,0.0,0.0
3d3_L=2.0_S=1.0,2,1,3.0,3.0,1.0,0.0,2.0,3.0,2.0,0.0,0.29814239699997197
3d3_L=2.0_S=1.0,2,1,3.0,3.0,1.0,0.0,3.0,1.0,2.0,0.0,0.0
3d3_L=2.0_S=1.0,2,1,3.0,3.0,1.0,0.0,3.0,2.0,1.0,0.0,-0.0
3d3_L=2.0_S=1.0,2,1,3.0,3.0,1.0,0.0,3.0,2.0,2.0,0.0,0.2981423969999719
3d3_L=2.0_S=1.0,2,1,3.0,3.0,1.0,0.0,3.0,3.0,0.0,-0.0,-0.0
3d3_L=2.0_S=1.0,2,1,3.0,3.0,1.0,0.0,3.0,3.0,1.0,0.0,0.0
3d3_L=2.0_S=1.0,2,1,3.0,3.0,1.0,0.0,3.0,3.0,2.0,0.0,0.0
3d3_L=2.0_S=1.0,2,1,3.0,3.0,1.0,1.0,1.0,1.0,1.0,1.0,0.0
3d3_L=2.0_S=1.0,2,1,3.0,3.0,1.0,1.0,1.0,1.0,2.0,1.0,0.0
3d3_L=2.0_S=1.0,2,1,3.0,3.0,1.0,1.0,1.0,2.0,1.0,1.0,0.0
3d3_L=2.0_S=1.0,2,1,3.0,3.0,1.0,1.0,1.0,2.0,2.0,1.0,0.0
3d3_L=2.0_S=1.0,2,1,3.0,3.0,1.0,1.0,1.0,3.0,2.0,1.0,0.0
3d3_L=2.0_S=1.0,2,1,3.0,3.0,1.0,1.0,2.0,1.0,1.0,1.0,0.0
3d3_L=2.0_S=1.0,2,1,3.0,3.0,1.0,1.0,2.0,1.0,2.0,1.0,0.0
3d3_L=2.0_S=1.0,2,1,3.0,3.0,1.0,1.0,2.0,2.0,1.0,1.0,0.0
3d3_L=2.0_S=1.0,2,1,3.0,3.0,1.0,1.0,2.0,2.0,2.0,1.0,0.0
3d3_L=2.0_S=1.0,2,1,3.0,3.0,1.0,1.0,2.0,3.0,1.0,1.0,0.47140452079103173
3d3_L=2.0_S=1.0,2,1,3.0,3.0,1.0,1.0,2.0,3.0,2.0,1.0,0.25819888974716115
3d3_L=2.0_S=1.0,2,1,3.0,3.0,1.0,1.0,3.0,1.0,2.0,1.0,0.0
3d3_L=2.0_S=1.0,2,1,3.0,3.0,1.0,1.0,3.0,2.0,1.0,1.0,-0.4714045207910317
3d3_L=2.0_S=1.0,2,1,3.0,3.0,1.0,1.0,3.0,2.0,2.0,1.0,0.2581988897471611
3d3_L=2.0_S=1.0,2,1,3.0,3.0,1.0,1.0,3.0,3.0,1.0,1.0,1.333333333333333
3d3_L=2.0_S=1.0,2,1,3.0,3.0,1.0,1.0,3.0,3.0,2.0,1.0,0.0
3d3_L=2.0_S=1.0,2,1,3.0,3.0,2.0,-2.0,1.0,1.0,2.0,-2.0,0.0
3d3_L=2.0_S=1.0,2,1,3.0,3.0,2.0,-2.0,1.0,2.0,2.0,-2.0,0.0
3d3_L=2.0_S=1.0,2,1,3.0,3.0,2.0,-2.0,1.0,2.0,3.0,-2.0,-0.0
3d3_L=2.0_S=1.0,2,1,3.0,3.0,2.0,-2.0,1.0,3.0,2.0,-2.0,0.0
3d3_L=2.0_S=1.0,2,1,3.0,3.0,2.0,-2.0,1.0,3.0,3.0,-2.0,-0.0
3d3_L=2.0_S=1.0,2,1,3.0,3.0,2.0,-2.0,2.0,1.0,2.0,-2.0,0.0
3d3_L=2.0_S=1.0,2,1,3.0,3.0,2.0,-2.0,2.0,1.0,3.0,-2.0,0.0
3d3_L=2.0_S=1.0,2,1,3.0,3.0,2.0,-2.0,2.0,2.0,2.0,-2.0,0.0
3d3_L=2.0_S=1.0,2,1,3.0,3.0,2.0,-2.0,2.0,2.0,3.0,-2.0,0.0
3d3_L=2.0_S=1.0,2,1,3.0,3.0,2.0,-2.0,2.0,3.0,2.0,-2.0,-0.5163977794943223
3d3_L=2.0_S=1.0,2,1,3.0,3.0,2.0,-2.0,2.0,3.0,3.0,-2.0,0.1593638145779192
3d3_L=2.0_S=1.0,2,1,3.0,3.0,2.0,-2.0,3.0,1.0,2.0,-2.0,0.0
3d3_L=2.0_S=1.0,2,1,3.0,3.0,2.0,-2.0,3.0,1.0,3.0,-2.0,0.0
3d3_L=2.0_S=1.0,2,1,3.0,3.0,2.0,-2.0,3.0,2.0,2.0,-2.0,0.5163977794943222
3d3_L=2.0_S=1.0,2,1,3.0,3.0,2.0,-2.0,3.0,2.0,3.0,-2.0,0.15936381457791915
3d3_L=2.0_S=1.0,2,1,3.0,3.0,2.0,-2.0,3.0,3.0,2.0,-2.0,-2.666666666666667
3d3_L=2.0_S=1.0,2,1,3.0,3.0,2.0,-2.0,3.0,3.0,3.0,-2.0,-0.0
3d3_L=2.0_S=1.0,2,1,3.0,3.0,2.0,-1.0,1.0,1.0,1.0,-1.0,0.0
3d3_L=2.0_S=1.0,2,1,3.0,3.0,2.0,-1.0,1.0,1.0,2.0,-1.0,0.0
3d3_L=2.0_S=1.0,2,1,3.0,3.0,2.0,-1.0,1.0,2.0,1.0,-1.0,0.0
3d3_L=2.0_S=1.0,2,1,3.0,3.0,2.0,-1.0,1.0,2.0,2.0,-1.0,0.0
3d3_L=2.0_S=1.0,2,1,3.0,3.0,2.0,-1.0,1.0,2.0,3.0,-1.0,-0.0
3d3_L=2.0_S=1.0,2,1,3.0,3.0,2.0,-1.0,1.0,3.0,2.0,-1.0,0.0
3d3_L=2.0_S=1.0,2,1,3.0,3.0,2.0,-1.0,1.0,3.0,3.0,-1.0,-0.0
3d3_L=2.0_S=1.0,2,1,3.0,3.0,2.0,-1.0,2.0,1.0,1.0,-1.0,-0.0
3d3_L=2.0_S=1.0,2,1,3.0,3.0,2.0,-1.0,2.0,1.0,2.0,-1.0,0.0
3d3_L=2.0_S=1.0,2,1,3.0,3.0,2.0,-1.0,2.0,1.0,3.0,-1.0,0.0
3d3_L=2.0_S=1.0,2,1,3.0,3.0,2.0,-1.0,2.0,2.0,1.0,-1.0,-0.0
3d3_L=2.0_S=1.0,2,1,3.0,3.0,2.0,-1.0,2.0,2.0,2.0,-1.0,0.0
3d3_L=2.0_S=1.0,2,1,3.0,3.0,2.0,-1.0,2.0,2.0,3.0,-1.0,0.0
3d3_L=2.0_S=1.0,2,1,3.0,3.0,2.0,-1.0,2.0,3.0,1.0,-1.0,-0.28284271247461906
3d3_L=2.0_S=1.0,2,1,3.0,3.0,2.0,-1.0,2.0,3.0,2.0,-1.0,-0.2581988897471612
3d3_L=2.0_S=1.0,2,1,3.0,3.0,2.0,-1.0,2.0,3.0,3.0,-1.0,0.20158105227158787
3d3_L=2.0_S=1.0,2,1,3.0,3.0,2.0,-1.0,3.0,1.0,2.0,-1.0,0.0
3d3_L=2.0_S=1.0,2,1,3.0,3.0,2.0,-1.0,3.0,1.0,3.0,-1.0,0.0
3d3_L=2.0_S=1.0,2,1,3.0,3.0,2.0,-1.0,3.0,2.0,1.0,-1.0,-0.282842712474619
3d3_L=2.0_S=1.0,2,1,3.0,3.0,2.0,-1.0,3.0,2.0,2.0,-1.0,0.25819888974716115
3d3_L=2.0_S=1.0,2,1,3.0,3.0,2.0,-1.0,3.0,2.0,3.0,-1.0,0.20158105227158785
3d3_L=2.0_S=1.0,2,1,3.0,3.0,2.0,-1.0,3.0,3.0,1.0,-1.0,0.0
3d3_L=2.0_S=1.0,2,1,3.0,3.0,2.0,-1.0,3.0,3.0,2.0,-1.0,-1.3333333333333337
3d3_L=2.0_S=1.0,2,1,3.0,3.0,2.0,-1.0,3.0,3.0,3.0,-1.0,-0.0
3d3_L=2.0_S=1.0,2,1,3.0,3.0,2.0,0.0,1.0,1.0,1.0,0.0,0.0
3d3_L=2.0_S=1.0,2,1,3.0,3.0,2.0,0.0,1.0,1.0,2.0,0.0,0.0
3d3_L=2.0_S=1.0,2,1,3.0,3.0,2.0,0.0,1.0,2.0,1.0,0.0,0.0
3d3_L=2.0_S=1.0,2,1,3.0,3.0,2.0,0.0,1.0,2.0,2.0,0.0,0.0
3d3_L=2.0_S=1.0,2,1,3.0,3.0,2.0,0.0,1.0,2.0,3.0,0.0,-0.0
3d3_L=2.0_S=1.0,2,1,3.0,3.0,2.0,0.0,1.0,3.0,2.0,0.0,0.0
3d3_L=2.0_S=1.0,2,1,3.0,3.0,2.0,0.0,1.0,3.0,3.0,0.0,-0.0
3d3_L=2.0_S=1.0,2,1,3.0,3.0,2.0,0.0,2.0,1.0,1.0,0.0,-0.0
3d3_L=2.0_S=1.0,2,1,3.0,3.0,2.0,0.0,2.0,1.0,2.0,0.0,0.0
3d3_L=2.0_S=1.0,2,1,3.0,3.0,2.0,0.0,2.0,1.0,3.0,0.0,0.0
3d3_L=2.0_S=1.0,2,1,3.0,3.0,2.0,0.0,2.0,2.0,1.0,0.0,-0.0
3d3_L=2.0_S=1.0,2,1,3.0,3.0,2.0,0.0,2.0,2.0,2.0,0.0,0.0
3d3_L=2.0_S=1.0,2,1,3.0,3.0,2.0,0.0,2.0,2.0,3.0,0.0,0.0
3d3_L=2.0_S=1.0,2,1,3.0,3.0,2.0,0.0,2.0,3.0,1.0,0.0,-0.32659863237109044
3d3_L=2.0_S=1.0,2,1,3.0,3.0,2.0,0.0,2.0,3.0,2.0,0.0,-0.0
3d3_L=2.0_S=1.0,2,1,3.0,3.0,2.0,0.0,2.0,3.0,3.0,0.0,0.2138089935299396
3d3_L=2.0_S=1.0,2,1,3.0,3.0,2.0,0.0,3.0,1.0,2.0,0.0,0.0
3d3_L=2.0_S=1.0,2,1,3.0,3.0,2.0,0.0,3.0,1.0,3.0,0.0,0.0
3d3_L=2.0_S=1.0,2,1,3.0,3.0,2.0,0.0,3.0,2.0,1.0,0.0,-0.3265986323710903
3d3_L=2.0_S=1.0,2,1,3.0,3.0,2.0,0.0,3.0,2.0,2.0,0.0,0.0
3d3_L=2.0_S=1.0,2,1,3.0,3.0,2.0,0.0,3.0,2.0,3.0,0.0,0.21380899352993954
3d3_L=2.0_S=1.0,2,1,3.0,3.0,2.0,0.0,3.0,3.0,1.0,0.0,0.0
3d3_L=2.0_S=1.0,2,1,3.0,3.0,2.0,0.0,3.0,3.0,2.0,0.0,-0.0
3d3_L=2.0_S=1.0,2,1,3.0,3.0,2.0,0.0,3.0,3.0,3.0,0.0,-0.0
3d3_L=2.0_S=1.0,2,1,3.0,3.0,2.0,1.0,1.0,1.0,1.0,1.0,0.0
3d3_L=2.0_S=1.0,2,1,3.0,3.0,2.0,1.0,1.0,1.0,2.0,1.0,-0.0
3d3_L=2.0_S=1.0,2,1,3.0,3.0,2.0,1.0,1.0,2.0,1.0,1.0,0.0
3d3_L=2.0_S=1.0,2,1,3.0,3.0,2.0,1.0,1.0,2.0,2.0,1.0,-0.0
3d3_L=2.0_S=1.0,2,1,3.0,3.0,2.0,1.0,1.0,2.0,3.0,1.0,-0.0
3d3_L=2.0_S=1.0,2,1,3.0,3.0,2.0,1.0,1.0,3.0,2.0,1.0,-0.0
3d3_L=2.0_S=1.0,2,1,3.0,3.0,2.0,1.0,1.0,3.0,3.0,1.0,-0.0
3d3_L=2.0_S=1.0,2,1,3.0,3.0,2.0,1.0,2.0,1.0,1.0,1.0,-0.0
3d3_L=2.0_S=1.0,2,1,3.0,3.0,2.0,1.0,2.0,1.0,2.0,1.0,-0.0
3d3_L=2.0_S=1.0,2,1,3.0,3.0,2.0,1.0,2.0,1.0,3.0,1.0,0.0
3d3_L=2.0_S=1.0,2,1,3.0,3.0,2.0,1.0,2.0,2.0,1.0,1.0,-0.0
3d3_L=2.0_S=1.0,2,1,3.0,3.0,2.0,1.0,2.0,2.0,2.0,1.0,-0.0
3d3_L=2.0_S=1.0,2,1,3.0,3.0,2.0,1.0,2.0,2.0,3.0,1.0,0.0
3d3_L=2.0_S=1.0,2,1,3.0,3.0,2.0,1.0,2.0,3.0,1.0,1.0,-0.28284271247461906
3d3_L=2.0_S=1.0,2,1,3.0,3.0,2.0,1.0,2.0,3.0,2.0,1.0,0.2581988897471612
3d3_L=2.0_S=1.0,2,1,3.0,3.0,2.0,1.0,2.0,3.0,3.0,1.0,0.20158105227158787
3d3_L=2.0_S=1.0,2,1,3.0,3.0,2.0,1.0,3.0,1.0,2.0,1.0,-0.0
3d3_L=2.0_S=1.0,2,1,3.0,3.0,2.0,1.0,3.0,1.0,3.0,1.0,0.0
3d3_L=2.0_S=1.0,2,1,3.0,3.0,2.0,1.0,3.0,2.0,1.0,1.0,-0.282842712474619
3d3_L=2.0_S=1.0,2,1,3.0,3.0,2.0,1.0,3.0,2.0,2.0,1.0,-0.25819888974716115
3d3_L=2.0_S=1.0,2,1,3.0,3.0,2.0,1.0,3.0,2.0,3.0,1.0,0.20158105227158785
3d3_L=2.0_S=1.0,2,1,3.0,3.0,2.0,1.0,3.0,3.0,1.0,1.0,0.0
3d3_L=2.0_S=1.0,2,1,3.0,3.0,2.0,1.0,3.0,3.0,2.0,1.0,1.3333333333333337
3d3_L=2.0_S=1.0,2,1,3.0,3.0,2.0,1.0,3.0,3.0,3.0,1.0,-0.0
3d3_L=2.0_S=1.0,2,1,3.0,3.0,2.0,2.0,1.0,1.0,2.0,2.0,-0.0
3d3_L=2.0_S=1.0,2,1,3.0,3.0,2.0,2.0,1.0,2.0,2.0,2.0,-0.0
3d3_L=2.0_S=1.0,2,1,3.0,3.0,2.0,2.0,1.0,2.0,3.0,2.0,-0.0
3d3_L=2.0_S=1.0,2,1,3.0,3.0,2.0,2.0,1.0,3.0,2.0,2.0,-0.0
3d3_L=2.0_S=1.0,2,1,3.0,3.0,2.0,2.0,1.0,3.0,3.0,2.0,-0.0
3d3_L=2.0_S=1.0,2,1,3.0,3.0,2.0,2.0,2.0,1.0,2.0,2.0,-0.0
3d3_L=2.0_S=1.0,2,1,3.0,3.0,2.0,2.0,2.0,1.0,3.0,2.0,0.0
3d3_L=2.0_S=1.0,2,1,3.0,3.0,2.0,2.0,2.0,2.0,2.0,2.0,-0.0
3d3_L=2.0_S=1.0,2,1,3.0,3.0,2.0,2.0,2.0,2.0,3.0,2.0,0.0
3d3_L=2.0_S=1.0,2,1,3.0,3.0,2.0,2.0,2.0,3.0,2.0,2.0,0.5163977794943223
3d3_L=2.0_S=1.0,2,1,3.0,3.0,2.0,2.0,2.0,3.0,3.0,2.0,0.1593638145779192
3d3_L=2.0_S=1.0,2,1,3.0,3.0,2.0,2.0,3.0,1.0,2.0,2.0,-0.0
3d3_L=2.0_S=1.0,2,1,3.0,3.0,2.0,2.0,3.0,1.0,3.0,2.0,0.0
3d3_L=2.0_S=1.0,2,1,3.0,3.0,2.0,2.0,3.0,2.0,2.0,2.0,-0.5163977794943222
3d3_L=2.0_S=1.0,2,1,3.0,3.0,2.0,2.0,3.0,2.0,3.0,2.0,0.15936381457791915
3d3_L=2.0_S=1.0,2,1,3.0,3.0,2.0,2.0,3.0,3.0,2.0,2.0,2.666666666666667
3d3_L=2.0_S=1.0,2,1,3.0,3.0,2.0,2.0,3.0,3.0,3.0,2.0,-0.0
3d3_L=2.0_S=1.0,2,1,3.0,3.0,3.0,-3.0,1.0,2.0,3.0,-3.0,-0.0
3d3_L=2.0_S=1.0,2,1,3.0,3.0,3.0,-3.0,1.0,3.0,3.0,-3.0,-0.0
3d3_L=2.0_S=1.0,2,1,3.0,3.0,3.0,-3.0,1.0,3.0,4.0,-3.0,0.0
3d3_L=2.0_S=1.0,2,1,3.0,3.0,3.0,-3.0,2.0,1.0,3.0,-3.0,-0.0
3d3_L=2.0_S=1.0,2,1,3.0,3.0,3.0,-3.0,2.0,2.0,3.0,-3.0,-0.0
3d3_L=2.0_S=1.0,2,1,3.0,3.0,3.0,-3.0,2.0,2.0,4.0,-3.0,0.0
3d3_L=2.0_S=1.0,2,1,3.0,3.0,3.0,-3.0,2.0,3.0,3.0,-3.0,-0.5000000000000001
3d3_L=2.0_S=1.0,2,1,3.0,3.0,3.0,-3.0,2.0,3.0,4.0,-3.0,0.09622504486493766
3d3_L=2.0_S=1.0,2,1,3.0,3.0,3.0,-3.0,3.0,1.0,3.0,-3.0,-0.0
3d3_L=2.0_S=1.0,2,1,3.0,3.0,3.0,-3.0,3.0,1.0,4.0,-3.0,0.0
3d3_L=2.0_S=1.0,2,1,3.0,3.0,3.0,-3.0,3.0,2.0,3.0,-3.0,0.5
3d3_L=2.0_S=1.0,2,1,3.0,3.0,3.0,-3.0,3.0,2.0,4.0,-3.0,0.09622504486493764
3d3_L=2.0_S=1.0,2,1,3.0,3.0,3.0,-3.0,3.0,3.0,3.0,-3.0,-4.000000000000001
3d3_L=2.0_S=1.0,2,1,3.0,3.0,3.0,-3.0,3.0,3.0,4.0,-3.0,0.0
3d3_L=2.0_S=1.0,2,1,3.0,3.0,3.0,-2.0,1.0,1.0,2.0,-2.0,-0.0
3d3_L=2.0_S=1.0,2,1,3.0,3.0,3.0,-2.0,1.0,2.0,2.0,-2.0,-0.0
3d3_L=2.0_S=1.0,2,1,3.0,3.0,3.0,-2.0,1.0,2.0,3.0,-2.0,-0.0
3d3_L=2.0_S=1.0,2,1,3.0,3.0,3.0,-2.0,1.0,3.0,2.0,-2.0,-0.0
3d3_L=2.0_S=1.0,2,1,3.0,3.0,3.0,-2.0,1.0,3.0,3.0,-2.0,-0.0
3d3_L=2.0_S=1.0,2,1,3.0,3.0,3.0,-2.0,1.0,3.0,4.0,-2.0,0.0
3d3_L=2.0_S=1.0,2,1,3.0,3.0,3.0,-2.0,2.0,1.0,2.0,-2.0,-0.0
3d3_L=2.0_S=1.0,2,1,3.0,3.0,3.0,-2.0,2.0,1.0,3.0,-2.0,-0.0
3d3_L=2.0_S=1.0,2,1,3.0,3.0,3.0,-2.0,2.0,2.0,2.0,-2.0,-0.0
3d3_L=2.0_S=1.0,2,1,3.0,3.0,3.0,-2.0,2.0,2.0,3.0,-2.0,-0.0
3d3_L=2.0_S=1.0,2,1,3.0,3.0,3.0,-2.0,2.0,2.0,4.0,-2.0,0.0
3d3_L=2.0_S=1.0,2,1,3.0,3.0,3.0,-2.0,2.0,3.0,2.0,-2.0,-0.3086066999241839
3d3_L=2.0_S=1.0,2,1,3.0,3.0,3.0,-2.0,2.0,3.0,3.0,-2.0,-0.33333333333333337
3d3_L=2.0_S=1.0,2,1,3.0,3.0,3.0,-2.0,2.0,3.0,4.0,-2.0,0.12598815766974242
3d3_L=2.0_S=1.0,2,1,3.0,3.0,3.0,-2.0,3.0,1.0,2.0,-2.0,0.0
3d3_L=2.0_S=1.0,2,1,3.0,3.0,3.0,-2.0,3.0,1.0,3.0,-2.0,-0.0
3d3_L=2.0_S=1.0,2,1,3.0,3.0,3.0,-2.0,3.0,1.0,4.0,-2.0,0.0
3d3_L=2.0_S=1.0,2,1,3.0,3.0,3.0,-2.0,3.0,2.0,2.0,-2.0,-0.3086066999241838
3d3_L=2.0_S=1.0,2,1,3.0,3.0,3.0,-2.0,3.0,2.0,3.0,-2.0,0.33333333333333326
3d3_L=2.0_S=1.0,2,1,3.0,3.0,3.0,-2.0,3.0,2.0,4.0,-2.0,0.1259881576697424
3d3_L=2.0_S=1.0,2,1,3.0,3.0,3.0,-2.0,3.0,3.0,2.0,-2.0,-0.0
3d3_L=2.0_S=1.0,2,1,3.0,3.0,3.0,-2.0,3.0,3.0,3.0,-2.0,-2.6666666666666665
3d3_L=2.0_S=1.0,2,1,3.0,3.0,3.0,-2.0,3.0,3.0,4.0,-2.0,0.0
3d3_L=2.0_S=1.0,2,1,3.0,3.0,3.0,-1.0,1.0,1.0,2.0,-1.0,-0.0
3d3_L=2.0_S=1.0,2,1,3.0,3.0,3.0,-1.0,1.0,2.0,2.0,-1.0,-0.0
3d3_L=2.0_S=1.0,2,1,3.0,3.0,3.0,-1.0,1.0,2.0,3.0,-1.0,-0.0
3d3_L=2.0_S=1.0,2,1,3.0,3.0,3.0,-1.0,1.0,3.0,2.0,-1.0,-0.0
3d3_L=2.0_S=1.0,2,1,3.0,3.0,3.0,-1.0,1.0,3.0,3.0,-1.0,-0.0
3d3_L=2.0_S=1.0,2,1,3.0,3.0,3.0,-1.0,1.0,3.0,4.0,-1.0,0.0
3d3_L=2.0_S=1.0,2,1,3.0,3.0,3.0,-1.0,2.0,1.0,2.0,-1.0,-0.0
3d3_L=2.0_S=1.0,2,1,3.0,3.0,3.0,-1.0,2.0,1.0,3.0,-1.0,-0.0
3d3_L=2.0_S=1.0,2,1,3.0,3.0,3.0,-1.0,2.0,2.0,2.0,-1.0,-0.0
3d3_L=2.0_S=1.0,2,1,3.0,3.0,3.0,-1.0,2.0,2.0,3.0,-1.0,-0.0
3d3_L=2.0_S=1.0,2,1,3.0,3.0,3.0,-1.0,2.0,2.0,4.0,-1.0,0.0
3d3_L=2.0_S=1.0,2,1,3.0,3.0,3.0,-1.0,2.0,3.0,2.0,-1.0,-0.3903600291794133
3d3_L=2.0_S=1.0,2,1,3.0,3.0,3.0,-1.0,2.0,3.0,3.0,-1.0,-0.16666666666666669
3d3_L=2.0_S=1.0,2,1,3.0,3.0,3.0,-1.0,2.0,3.0,4.0,-1.0,0.14085904245475278
3d3_L=2.0_S=1.0,2,1,3.0,3.0,3.0,-1.0,3.0,1.0,2.0,-1.0,0.0
3d3_L=2.0_S=1.0,2,1,3.0,3.0,3.0,-1.0,3.0,1.0,3.0,-1.0,-0.0
3d3_L=2.0_S=1.0,2,1,3.0,3.0,3.0,-1.0,3.0,1.0,4.0,-1.0,0.0
3d3_L=2.0_S=1.0,2,1,3.0,3.0,3.0,-1.0,3.0,2.0,2.0,-1.0,-0.3903600291794132
3d3_L=2.0_S=1.0,2,1,3.0,3.0,3.0,-1.0,3.0,2.0,3.0,-1.0,0.16666666666666663
3d3_L=2.0_S=1.0,2,1,3.0,3.0,3.0,-1.0,3.0,2.0,4.0,-1.0,0.14085904245475275
3d3_L=2.0_S=1.0,2,1,3.0,3.0,3.0,-1.0,3.0,3.0,2.0,-1.0,-0.0
3d3_L=2.0_S=1.0,2,1,3.0,3.0,3.0,-1.0,3.0,3.0,3.0,-1.0,-1.3333333333333333
3d3_L=2.0_S=1.0,2,1,3.0,3.0,3.0,-1.0,3.0,3.0,4.0,-1.0,0.0
3d3_L=2.0_S=1.0,2,1,3.0,3.0,3.0,0.0,1.0,1.0,2.0,0.0,-0.0
3d3_L=2.0_S=1.0,2,1,3.0,3.0,3.0,0.0,1.0,2.0,2.0,0.0,-0.0
3d3_L=2.0_S=1.0,2,1,3.0,3.0,3.0,0.0,1.0,2.0,3.0,0.0,0.0
3d3_L=2.0_S=1.0,2,1,3.0,3.0,3.0,0.0,1.0,3.0,2.0,0.0,-0.0
3d3_L=2.0_S=1.0,2,1,3.0,3.0,3.0,0.0,1.0,3.0,3.0,0.0,0.0
3d3_L=2.0_S=1.0,2,1,3.0,3.0,3.0,0.0,1.0,3.0,4.0,0.0,0.0
3d3_L=2.0_S=1.0,2,1,3.0,3.0,3.0,0.0,2.0,1.0,2.0,0.0,-0.0
3d3_L=2.0_S=1.0,2,1,3.0,3.0,3.0,0.0,2.0,1.0,3.0,0.0,0.0
3d3_L=2.0_S=1.0,2,1,3.0,3.0,3.0,0.0,2.0,2.0,2.0,0.0,-0.0
3d3_L=2.0_S=1.0,2,1,3.0,3.0,3.0,0.0,2.0,2.0,3.0,0.0,0.0
3d3_L=2.0_S=1.0,2,1,3.0,3.0,3.0,0.0,2.0,2.0,4.0,0.0,0.0
3d3_L=2.0_S=1.0,2,1,3.0,3.0,3.0,0.0,2.0,3.0,2.0,0.0,-0.4140393356054127
3d3_L=2.0_S=1.0,2,1,3.0,3.0,3.0,0.0,2.0,3.0,3.0,0.0,0.0
3d3_L=2.0_S=1.0,2,1,3.0,3.0,3.0,0.0,2.0,3.0,4.0,0.0,0.14547859349066164
3d3_L=2.0_S=1.0,2,1,3.0,3.0,3.0,0.0,3.0,1.0,2.0,0.0,0.0
3d3_L=2.0_S=1.0,2,1,3.0,3.0,3.0,0.0,3.0,1.0,3.0,0.0,0.0
3d3_L=2.0_S=1.0,2,1,3.0,3.0,3.0,0.0,3.0,1.0,4.0,0.0,0.0
3d3_L=2.0_S=1.0,2,1,3.0,3.0,3.0,0.0,3.0,2.0,2.0,0.0,-0.41403933560541256
3d3_L=2.0_S=1.0,2,1,3.0,3.0,3.0,0.0,3.0,2.0,3.0,0.0,-0.0
3d3_L=2.0_S=1.0,2,1,3.0,3.0,3.0,0.0,3.0,2.0,4.0,0.0,0.1454785934906616
3d3_L=2.0_S=1.0,2,1,3.0,3.0,3.0,0.0,3.0,3.0,2.0,0.0,-0.0
3d3_L=2.0_S=1.0,2,1,3.0,3.0,3.0,0.0,3.0,3.0,3.0,0.0,0.0
3d3_L=2.0_S=1.0,2,1,3.0,3.0,3.0,0.0,3.0,3.0,4.0,0.0,0.0
3d3_L=2.0_S=1.0,2,1,3.0,3.0,3.0,1.0,1.0,1.0,2.0,1.0,-0.0
3d3_L=2.0_S=1.0,2,1,3.0,3.0,3.0,1.0,1.0,2.0,2.0,1.0,-0.0
3d3_L=2.0_S=1.0,2,1,3.0,3.0,3.0,1.0,1.0,2.0,3.0,1.0,0.0
3d3_L=2.0_S=1.0,2,1,3.0,3.0,3.0,1.0,1.0,3.0,2.0,1.0,-0.0
3d3_L=2.0_S=1.0,2,1,3.0,3.0,3.0,1.0,1.0,3.0,3.0,1.0,0.0
3d3_L=2.0_S=1.0,2,1,3.0,3.0,3.0,1.0,1.0,3.0,4.0,1.0,0.0
3d3_L=2.0_S=1.0,2,1,3.0,3.0,3.0,1.0,2.0,1.0,2.0,1.0,-0.0
3d3_L=2.0_S=1.0,2,1,3.0,3.0,3.0,1.0,2.0,1.0,3.0,1.0,0.0
3d3_L=2.0_S=1.0,2,1,3.0,3.0,3.0,1.0,2.0,2.0,2.0,1.0,-0.0
3d3_L=2.0_S=1.0,2,1,3.0,3.0,3.0,1.0,2.0,2.0,3.0,1.0,0.0
3d3_L=2.0_S=1.0,2,1,3.0,3.0,3.0,1.0,2.0,2.0,4.0,1.0,0.0
3d3_L=2.0_S=1.0,2,1,3.0,3.0,3.0,1.0,2.0,3.0,2.0,1.0,-0.3903600291794133
3d3_L=2.0_S=1.0,2,1,3.0,3.0,3.0,1.0,2.0,3.0,3.0,1.0,0.16666666666666669
3d3_L=2.0_S=1.0,2,1,3.0,3.0,3.0,1.0,2.0,3.0,4.0,1.0,0.14085904245475278
3d3_L=2.0_S=1.0,2,1,3.0,3.0,3.0,1.0,3.0,1.0,2.0,1.0,0.0
3d3_L=2.0_S=1.0,2,1,3.0,3.0,3.0,1.0,3.0,1.0,3.0,1.0,0.0
3d3_L=2.0_S=1.0,2,1,3.0,3.0,3.0,1.0,3.0,1.0,4.0,1.0,0.0
3d3_L=2.0_S=1.0,2,1,3.0,3.0,3.0,1.0,3.0,2.0,2.0,1.0,-0.3903600291794132
3d3_L=2.0_S=1.0,2,1,3.0,3.0,3.0,1.0,3.0,2.0,3.0,1.0,-0.16666666666666663
3d3_L=2.0_S=1.0,2,1,3.0,3.0,3.0,1.0,3.0,2.0,4.0,1.0,0.14085904245475275
3d3_L=2.0_S=1.0,2,1,3.0,3.0,3.0,1.0,3.0,3.0,2.0,1.0,-0.0
3d3_L=2.0_S=1.0,2,1,3.0,3.0,3.0,1.0,3.0,3.0,3.0,1.0,1.3333333333333333
3d3_L=2.0_S=1.0,2,1,3.0,3.0,3.0,1.0,3.0,3.0,4.0,1.0,0.0
3d3_L=2.0_S=1.0,2,1,3.0,3.0,3.0,2.0,1.0,1.0,2.0,2.0,-0.0
3d3_L=2.0_S=1.0,2,1,3.0,3.0,3.0,2.0,1.0,2.0,2.0,2.0,-0.0
3d3_L=2.0_S=1.0,2,1,3.0,3.0,3.0,2.0,1.0,2.0,3.0,2.0,0.0
3d3_L=2.0_S=1.0,2,1,3.0,3.0,3.0,2.0,1.0,3.0,2.0,2.0,-0.0
3d3_L=2.0_S=1.0,2,1,3.0,3.0,3.0,2.0,1.0,3.0,3.0,2.0,0.0
3d3_L=2.0_S=1.0,2,1,3.0,3.0,3.0,2.0,1.0,3.0,4.0,2.0,0.0
3d3_L=2.0_S=1.0,2,1,3.0,3.0,3.0,2.0,2.0,1.0,2.0,2.0,-0.0
3d3_L=2.0_S=1.0,2,1,3.0,3.0,3.0,2.0,2.0,1.0,3.0,2.0,0.0
3d3_L=2.0_S=1.0,2,1,3.0,3.0,3.0,2.0,2.0,2.0,2.0,2.0,-0.0
3d3_L=2.0_S=1.0,2,1,3.0,3.0,3.0,2.0,2.0,2.0,3.0,2.0,0.0
3d3_L=2.0_S=1.0,2,1,3.0,3.0,3.0,2.0,2.0,2.0,4.0,2.0,0.0
3d3_L=2.0_S=1.0,2,1,3.0,3.0,3.0,2.0,2.0,3.0,2.0,2.0,-0.3086066999241839
3d3_L=2.0_S=1.0,2,1,3.0,3.0,3.0,2.0,2.0,3.0,3.0,2.0,0.33333333333333337
3d3_L=2.0_S=1.0,2,1,3.0,3.0,3.0,2.0,2.0,3.0,4.0,2.0,0.12598815766974242
3d3_L=2.0_S=1.0,2,1,3.0,3.0,3.0,2.0,3.0,1.0,2.0,2.0,0.0
3d3_L=2.0_S=1.0,2,1,3.0,3.0,3.0,2.0,3.0,1.0,3.0,2.0,0.0
3d3_L=2.0_S=1.0,2,1,3.0,3.0,3.0,2.0,3.0,1.0,4.0,2.0,0.0
3d3_L=2.0_S=1.0,2,1,3.0,3.0,3.0,2.0,3.0,2.0,2.0,2.0,-0.3086066999241838
3d3_L=2.0_S=1.0,2,1,3.0,3.0,3.0,2.0,3.0,2.0,3.0,2.0,-0.33333333333333326
3d3_L=2.0_S=1.0,2,1,3.0,3.0,3.0,2.0,3.0,2.0,4.0,2.0,0.1259881576697424
3d3_L=2.0_S=1.0,2,1,3.0,3.0,3.0,2.0,3.0,3.0,2.0,2.0,-0.0
3d3_L=2.0_S=1.0,2,1,3.0,3.0,3.0,2.0,3.0,3.0,3.0,2.0,2.6666666666666665
3d3_L=2.0_S=1.0,2,1,3.0,3.0,3.0,2.0,3.0,3.0,4.0,2.0,0.0
3d3_L=2.0_S=1.0,2,1,3.0,3.0,3.0,3.0,1.0,2.0,3.0,3.0,0.0
3d3_L=2.0_S=1.0,2,1,3.0,3.0,3.0,3.0,1.0,3.0,3.0,3.0,0.0
3d3_L=2.0_S=1.0,2,1,3.0,3.0,3.0,3.0,1.0,3.0,4.0,3.0,0.0
3d3_L=2.0_S=1.0,2,1,3.0,3.0,3.0,3.0,2.0,1.0,3.0,3.0,0.0
3d3_L=2.0_S=1.0,2,1,3.0,3.0,3.0,3.0,2.0,2.0,3.0,3.0,0.0
3d3_L=2.0_S=1.0,2,1,3.0,3.0,3.0,3.0,2.0,2.0,4.0,3.0,0.0
3d3_L=2.0_S=1.0,2,1,3.0,3.0,3.0,3.0,2.0,3.0,3.0,3.0,0.5000000000000001
3d3_L=2.0_S=1.0,2,1,3.0,3.0,3.0,3.0,2.0,3.0,4.0,3.0,0.09622504486493766
3d3_L=2.0_S=1.0,2,1,3.0,3.0,3.0,3.0,3.0,1.0,3.0,3.0,0.0
3d3_L=2.0_S=1.0,2,1,3.0,3.0,3.0,3.0,3.0,1.0,4.0,3.0,0.0
3d3_L=2.0_S=1.0,2,1,3.0,3.0,3.0,3.0,3.0,2.0,3.0,3.0,-0.5
3d3_L=2.0_S=1.0,2,1,3.0,3.0,3.0,3.0,3.0,2.0,4.0,3.0,0.09622504486493764
3d3_L=2.0_S=1.0,2,1,3.0,3.0,3.0,3.0,3.0,3.0,3.0,3.0,4.000000000000001
3d3_L=2.0_S=1.0,2,1,3.0,3.0,3.0,3.0,3.0,3.0,4.0,3.0,0.0
3d3_L=2.0_S=1.0,2,1,3.0,3.0,4.0,-4.0,1.0,3.0,4.0,-4.0,0.0
3d3_L=2.0_S=1.0,2,1,3.0,3.0,4.0,-4.0,2.0,2.0,4.0,-4.0,0.0
3d3_L=2.0_S=1.0,2,1,3.0,3.0,4.0,-4.0,2.0,3.0,4.0,-4.0,-0.44221663871405337
3d3_L=2.0_S=1.0,2,1,3.0,3.0,4.0,-4.0,2.0,3.0,5.0,-4.0,0.049236596391733105
3d3_L=2.0_S=1.0,2,1,3.0,3.0,4.0,-4.0,3.0,1.0,4.0,-4.0,0.0
3d3_L=2.0_S=1.0,2,1,3.0,3.0,4.0,-4.0,3.0,2.0,4.0,-4.0,0.44221663871405326
3d3_L=2.0_S=1.0,2,1,3.0,3.0,4.0,-4.0,3.0,2.0,5.0,-4.0,0.04923659639173309
3d3_L=2.0_S=1.0,2,1,3.0,3.0,4.0,-4.0,3.0,3.0,4.0,-4.0,-5.333333333333334
3d3_L=2.0_S=1.0,2,1,3.0,3.0,4.0,-4.0,3.0,3.0,5.0,-4.0,-0.0
3d3_L=2.0_S=1.0,2,1,3.0,3.0,4.0,-3.0,1.0,2.0,3.0,-3.0,0.0
3d3_L=2.0_S=1.0,2,1,3.0,3.0,4.0,-3.0,1.0,3.0,3.0,-3.0,0.0
3d3_L=2.0_S=1.0,2,1,3.0,3.0,4.0,-3.0,1.0,3.0,4.0,-3.0,0.0
3d3_L=2.0_S=1.0,2,1,3.0,3.0,4.0,-3.0,2.0,1.0,3.0,-3.0,-0.0
3d3_L=2.0_S=1.0,2,1,3.0,3.0,4.0,-3.0,2.0,2.0,3.0,-3.0,-0.0
3d3_L=2.0_S=1.0,2,1,3.0,3.0,4.0,-3.0,2.0,2.0,4.0,-3.0,0.0
3d3_L=2.0_S=1.0,2,1,3.0,3.0,4.0,-3.0,2.0,3.0,3.0,-3.0,-0.31914236925211287
3d3_L=2.0_S=1.0,2,1,3.0,3.0,4.0,-3.0,2.0,3.0,4.0,-3.0,-0.3316624790355401
3d3_L=2.0_S=1.0,2,1,3.0,3.0,4.0,-3.0,2.0,3.0,5.0,-3.0,0.06564879518897748
3d3_L=2.0_S=1.0,2,1,3.0,3.0,4.0,-3.0,3.0,1.0,3.0,-3.0,0.0
3d3_L=2.0_S=1.0,2,1,3.0,3.0,4.0,-3.0,3.0,1.0,4.0,-3.0,0.0
3d3_L=2.0_S=1.0,2,1,3.0,3.0,4.0,-3.0,3.0,2.0,3.0,-3.0,-0.3191423692521128
3d3_L=2.0_S=1.0,2,1,3.0,3.0,4.0,-3.0,3.0,2.0,4.0,-3.0,0.33166247903554
3d3_L=2.0_S=1.0,2,1,3.0,3.0,4.0,-3.0,3.0,2.0,5.0,-3.0,0.06564879518897747
3d3_L=2.0_S=1.0,2,1,3.0,3.0,4.0,-3.0,3.0,3.0,3.0,-3.0,0.0
3d3_L=2.0_S=1.0,2,1,3.0,3.0,4.0,-3.0,3.0,3.0,4.0,-3.0,-4.000000000000001
3d3_L=2.0_S=1.0,2,1,3.0,3.0,4.0,-3.0,3.0,3.0,5.0,-3.0,-0.0
3d3_L=2.0_S=1.0,2,1,3.0,3.0,4.0,-2.0,1.0,2.0,3.0,-2.0,0.0
3d3_L=2.0_S=1.0,2,1,3.0,3.0,4.0,-2.0,1.0,3.0,3.0,-2.0,0.0
3d3_L=2.0_S=1.0,2,1,3.0,3.0,4.0,-2.0,1.0,3.0,4.0,-2.0,0.0
3d3_L=2.0_S=1.0,2,1,3.0,3.0,4.0,-2.0,2.0,1.0,3.0,-2.0,-0.0
3d3_L=2.0_S=1.0,2,1,3.0,3.0,4.0,-2.0,2.0,2.0,3.0,-2.0,-0.0
3d3_L=2.0_S=1.0,2,1,3.0,3.0,4.0,-2.0,2.0,2.0,4.0,-2.0,0.0
3d3_L=2.0_S=1.0,2,1,3.0,3.0,4.0,-2.0,2.0,3.0,3.0,-2.0,-0.41785544701867255
3d3_L=2.0_S=1.0,2,1,3.0,3.0,4.0,-2.0,2.0,3.0,4.0,-2.0,-0.22110831935702663
3d3_L=2.0_S=1.0,2,1,3.0,3.0,4.0,-2.0,2.0,3.0,5.0,-2.0,0.07521014330903551
3d3_L=2.0_S=1.0,2,1,3.0,3.0,4.0,-2.0,3.0,1.0,3.0,-2.0,0.0
3d3_L=2.0_S=1.0,2,1,3.0,3.0,4.0,-2.0,3.0,1.0,4.0,-2.0,0.0
3d3_L=2.0_S=1.0,2,1,3.0,3.0,4.0,-2.0,3.0,2.0,3.0,-2.0,-0.4178554470186725
3d3_L=2.0_S=1.0,2,1,3.0,3.0,4.0,-2.0,3.0,2.0,4.0,-2.0,0.2211083193570266
3d3_L=2.0_S=1.0,2,1,3.0,3.0,4.0,-2.0,3.0,2.0,5.0,-2.0,0.0752101433090355
3d3_L=2.0_S=1.0,2,1,3.0,3.0,4.0,-2.0,3.0,3.0,3.0,-2.0,0.0
3d3_L=2.0_S=1.0,2,1,3.0,3.0,4.0,-2.0,3.0,3.0,4.0,-2.0,-2.6666666666666665
3d3_L=2.0_S=1.0,2,1,3.0,3.0,4.0,-2.0,3.0,3.0,5.0,-2.0,-0.0
3d3_L=2.0_S=1.0,2,1,3.0,3.0,4.0,-1.0,1.0,2.0,3.0,-1.0,0.0
3d3_L=2.0_S=1.0,2,1,3.0,3.0,4.0,-1.0,1.0,3.0,3.0,-1.0,0.0
3d3_L=2.0_S=1.0,2,1,3.0,3.0,4.0,-1.0,1.0,3.0,4.0,-1.0,0.0
3d3_L=2.0_S=1.0,2,1,3.0,3.0,4.0,-1.0,2.0,1.0,3.0,-1.0,-0.0
3d3_L=2.0_S=1.0,2,1,3.0,3.0,4.0,-1.0,2.0,2.0,3.0,-1.0,-0.0
3d3_L=2.0_S=1.0,2,1,3.0,3.0,4.0,-1.0,2.0,2.0,4.0,-1.0,0.0
3d3_L=2.0_S=1.0,2,1,3.0,3.0,4.0,-1.0,2.0,3.0,3.0,-1.0,-0.46717659215115687
3d3_L=2.0_S=1.0,2,1,3.0,3.0,4.0,-1.0,2.0,3.0,4.0,-1.0,-0.11055415967851331
3d3_L=2.0_S=1.0,2,1,3.0,3.0,4.0,-1.0,2.0,3.0,5.0,-1.0,0.08040302522073699
3d3_L=2.0_S=1.0,2,1,3.0,3.0,4.0,-1.0,3.0,1.0,3.0,-1.0,0.0
3d3_L=2.0_S=1.0,2,1,3.0,3.0,4.0,-1.0,3.0,1.0,4.0,-1.0,0.0
3d3_L=2.0_S=1.0,2,1,3.0,3.0,4.0,-1.0,3.0,2.0,3.0,-1.0,-0.4671765921511568
3d3_L=2.0_S=1.0,2,1,3.0,3.0,4.0,-1.0,3.0,2.0,4.0,-1.0,0.1105541596785133
3d3_L=2.0_S=1.0,2,1,3.0,3.0,4.0,-1.0,3.0,2.0,5.0,-1.0,0.08040302522073697
3d3_L=2.0_S=1.0,2,1,3.0,3.0,4.0,-1.0,3.0,3.0,3.0,-1.0,0.0
3d3_L=2.0_S=1.0,2,1,3.0,3.0,4.0,-1.0,3.0,3.0,4.0,-1.0,-1.3333333333333333
3d3_L=2.0_S=1.0,2,1,3.0,3.0,4.0,-1.0,3.0,3.0,5.0,-1.0,-0.0
3d3_L=2.0_S=1.0,2,1,3.0,3.0,4.0,0.0,1.0,2.0,3.0,0.0,0.0
3d3_L=2.0_S=1.0,2,1,3.0,3.0,4.0,0.0,1.0,3.0,3.0,0.0,0.0
3d3_L=2.0_S=1.0,2,1,3.0,3.0,4.0,0.0,1.0,3.0,4.0,0.0,0.0
3d3_L=2.0_S=1.0,2,1,3.0,3.0,4.0,0.0,2.0,1.0,3.0,0.0,-0.0
3d3_L=2.0_S=1.0,2,1,3.0,3.0,4.0,0.0,2.0,2.0,3.0,0.0,-0.0
3d3_L=2.0_S=1.0,2,1,3.0,3.0,4.0,0.0,2.0,2.0,4.0,0.0,0.0
3d3_L=2.0_S=1.0,2,1,3.0,3.0,4.0,0.0,2.0,3.0,3.0,0.0,-0.48249790963716416
3d3_L=2.0_S=1.0,2,1,3.0,3.0,4.0,0.0,2.0,3.0,4.0,0.0,-0.0
3d3_L=2.0_S=1.0,2,1,3.0,3.0,4.0,0.0,2.0,3.0,5.0,0.0,0.08206099398622183
3d3_L=2.0_S=1.0,2,1,3.0,3.0,4.0,0.0,3.0,1.0,3.0,0.0,0.0
3d3_L=2.0_S=1.0,2,1,3.0,3.0,4.0,0.0,3.0,1.0,4.0,0.0,0.0
3d3_L=2.0_S=1.0,2,1,3.0,3.0,4.0,0.0,3.0,2.0,3.0,0.0,-0.4824979096371641
3d3_L=2.0_S=1.0,2,1,3.0,3.0,4.0,0.0,3.0,2.0,4.0,0.0,0.0
3d3_L=2.0_S=1.0,2,1,3.0,3.0,4.0,0.0,3.0,2.0,5.0,0.0,0.08206099398622181
3d3_L=2.0_S=1.0,2,1,3.0,3.0,4.0,0.0,3.0,3.0,3.0,0.0,0.0
3d3_L=2.0_S=1.0,2,1,3.0,3.0,4.0,0.0,3.0,3.0,4.0,0.0,-0.0
3d3_L=2.0_S=1.0,2,1,3.0,3.0,4.0,0.0,3.0,3.0,5.0,0.0,-0.0
3d3_L=2.0_S=1.0,2,1,3.0,3.0,4.0,1.0,1.0,2.0,3.0,1.0,0.0
3d3_L=2.0_S=1.0,2,1,3.0,3.0,4.0,1.0,1.0,3.0,3.0,1.0,0.0
3d3_L=2.0_S=1.0,2,1,3.0,3.0,4.0,1.0,1.0,3.0,4.0,1.0,-0.0
3d3_L=2.0_S=1.0,2,1,3.0,3.0,4.0,1.0,2.0,1.0,3.0,1.0,-0.0
3d3_L=2.0_S=1.0,2,1,3.0,3.0,4.0,1.0,2.0,2.0,3.0,1.0,-0.0
3d3_L=2.0_S=1.0,2,1,3.0,3.0,4.0,1.0,2.0,2.0,4.0,1.0,-0.0
3d3_L=2.0_S=1.0,2,1,3.0,3.0,4.0,1.0,2.0,3.0,3.0,1.0,-0.46717659215115687
3d3_L=2.0_S=1.0,2,1,3.0,3.0,4.0,1.0,2.0,3.0,4.0,1.0,0.11055415967851331
3d3_L=2.0_S=1.0,2,1,3.0,3.0,4.0,1.0,2.0,3.0,5.0,1.0,0.08040302522073699
3d3_L=2.0_S=1.0,2,1,3.0,3.0,4.0,1.0,3.0,1.0,3.0,1.0,0.0
3d3_L=2.0_S=1.0,2,1,3.0,3.0,4.0,1.0,3.0,1.0,4.0,1.0,-0.0
3d3_L=2.0_S=1.0,2,1,3.0,3.0,4.0,1.0,3.0,2.0,3.0,1.0,-0.4671765921511568
3d3_L=2.0_S=1.0,2,1,3.0,3.0,4.0,1.0,3.0,2.0,4.0,1.0,-0.1105541596785133
3d3_L=2.0_S=1.0,2,1,3.0,3.0,4.0,1.0,3.0,2.0,5.0,1.0,0.08040302522073697
3d3_L=2.0_S=1.0,2,1,3.0,3.0,4.0,1.0,3.0,3.0,3.0,1.0,0.0
3d3_L=2.0_S=1.0,2,1,3.0,3.0,4.0,1.0,3.0,3.0,4.0,1.0,1.3333333333333333
3d3_L=2.0_S=1.0,2,1,3.0,3.0,4.0,1.0,3.0,3.0,5.0,1.0,-0.0
3d3_L=2.0_S=1.0,2,1,3.0,3.0,4.0,2.0,1.0,2.0,3.0,2.0,0.0
3d3_L=2.0_S=1.0,2,1,3.0,3.0,4.0,2.0,1.0,3.0,3.0,2.0,0.0
3d3_L=2.0_S=1.0,2,1,3.0,3.0,4.0,2.0,1.0,3.0,4.0,2.0,-0.0
3d3_L=2.0_S=1.0,2,1,3.0,3.0,4.0,2.0,2.0,1.0,3.0,2.0,-0.0
3d3_L=2.0_S=1.0,2,1,3.0,3.0,4.0,2.0,2.0,2.0,3.0,2.0,-0.0
3d3_L=2.0_S=1.0,2,1,3.0,3.0,4.0,2.0,2.0,2.0,4.0,2.0,-0.0
3d3_L=2.0_S=1.0,2,1,3.0,3.0,4.0,2.0,2.0,3.0,3.0,2.0,-0.41785544701867255
3d3_L=2.0_S=1.0,2,1,3.0,3.0,4.0,2.0,2.0,3.0,4.0,2.0,0.22110831935702663
3d3_L=2.0_S=1.0,2,1,3.0,3.0,4.0,2.0,2.0,3.0,5.0,2.0,0.07521014330903551
3d3_L=2.0_S=1.0,2,1,3.0,3.0,4.0,2.0,3.0,1.0,3.0,2.0,0.0
3d3_L=2.0_S=1.0,2,1,3.0,3.0,4.0,2.0,3.0,1.0,4.0,2.0,-0.0
3d3_L=2.0_S=1.0,2,1,3.0,3.0,4.0,2.0,3.0,2.0,3.0,2.0,-0.4178554470186725
3d3_L=2.0_S=1.0,2,1,3.0,3.0,4.0,2.0,3.0,2.0,4.0,2.0,-0.2211083193570266
3d3_L=2.0_S=1.0,2,1,3.0,3.0,4.0,2.0,3.0,2.0,5.0,2.0,0.0752101433090355
3d3_L=2.0_S=1.0,2,1,3.0,3.0,4.0,2.0,3.0,3.0,3.0,2.0,0.0
3d3_L=2.0_S=1.0,2,1,3.0,3.0,4.0,2.0,3.0,3.0,4.0,2.0,2.6666666666666665
3d3_L=2.0_S=1.0,2,1,3.0,3.0,4.0,2.0,3.0,3.0,5.0,2.0,-0.0
3d3_L=2.0_S=1.0,2,1,3.0,3.0,4.0,3.0,1.0,2.0,3.0,3.0,0.0
3d3_L=2.0_S=1.0,2,1,3.0,3.0,4.0,3.0,1.0,3.0,3.0,3.0,0.0
3d3_L=2.0_S=1.0,2,1,3.0,3.0,4.0,3.0,1.0,3.0,4.0,3.0,-0.0
3d3_L=2.0_S=1.0,2,1,3.0,3.0,4.0,3.0,2.0,1.0,3.0,3.0,-0.0
3d3_L=2.0_S=1.0,2,1,3.0,3.0,4.0,3.0,2.0,2.0,3.0,3.0,-0.0
3d3_L=2.0_S=1.0,2,1,3.0,3.0,4.0,3.0,2.0,2.0,4.0,3.0,-0.0
3d3_L=2.0_S=1.0,2,1,3.0,3.0,4.0,3.0,2.0,3.0,3.0,3.0,-0.31914236925211287
3d3_L=2.0_S=1.0,2,1,3.0,3.0,4.0,3.0,2.0,3.0,4.0,3.0,0.3316624790355401
3d3_L=2.0_S=1.0,2,1,3.0,3.0,4.0,3.0,2.0,3.0,5.0,3.0,0.06564879518897748
3d3_L=2.0_S=1.0,2,1,3.0,3.0,4.0,3.0,3.0,1.0,3.0,3.0,0.0
3d3_L=2.0_S=1.0,2,1,3.0,3.0,4.0,3.0,3.0,1.0,4.0,3.0,-0.0
3d3_L=2.0_S=1.0,2,1,3.0,3.0,4.0,3.0,3.0,2.0,3.0,3.0,-0.3191423692521128
3d3_L=2.0_S=1.0,2,1,3.0,3.0,4.0,3.0,3.0,2.0,4.0,3.0,-0.33166247903554
3d3_L=2.0_S=1.0,2,1,3.0,3.0,4.0,3.0,3.0,2.0,5.0,3.0,0.06564879518897747
3d3_L=2.0_S=1.0,2,1,3.0,3.0,4.0,3.0,3.0,3.0,3.0,3.0,0.0
3d3_L=2.0_S=1.0,2,1,3.0,3.0,4.0,3.0,3.0,3.0,4.0,3.0,4.000000000000001
3d3_L=2.0_S=1.0,2,1,3.0,3.0,4.0,3.0,3.0,3.0,5.0,3.0,-0.0
3d3_L=2.0_S=1.0,2,1,3.0,3.0,4.0,4.0,1.0,3.0,4.0,4.0,-0.0
3d3_L=2.0_S=1.0,2,1,3.0,3.0,4.0,4.0,2.0,2.0,4.0,4.0,-0.0
3d3_L=2.0_S=1.0,2,1,3.0,3.0,4.0,4.0,2.0,3.0,4.0,4.0,0.44221663871405337
3d3_L=2.0_S=1.0,2,1,3.0,3.0,4.0,4.0,2.0,3.0,5.0,4.0,0.049236596391733105
3d3_L=2.0_S=1.0,2,1,3.0,3.0,4.0,4.0,3.0,1.0,4.0,4.0,-0.0
3d3_L=2.0_S=1.0,2,1,3.0,3.0,4.0,4.0,3.0,2.0,4.0,4.0,-0.44221663871405326
3d3_L=2.0_S=1.0,2,1,3.0,3.0,4.0,4.0,3.0,2.0,5.0,4.0,0.04923659639173309
3d3_L=2.0_S=1.0,2,1,3.0,3.0,4.0,4.0,3.0,3.0,4.0,4.0,5.333333333333334
3d3_L=2.0_S=1.0,2,1,3.0,3.0,4.0,4.0,3.0,3.0,5.0,4.0,-0.0
3d3_L=2.0_S=1.0,2,1,3.0,3.0,5.0,-5.0,2.0,3.0,5.0,-5.0,-0.33333333333333337
3d3_L=2.0_S=1.0,2,1,3.0,3.0,5.0,-5.0,3.0,2.0,5.0,-5.0,0.3333333333333333
3d3_L=2.0_S=1.0,2,1,3.0,3.0,5.0,-5.0,3.0,3.0,5.0,-5.0,-6.666666666666667
3d3_L=2.0_S=1.0,2,1,3.0,3.0,5.0,-5.0,3.0,3.0,6.0,-5.0,0.0
3d3_L=2.0_S=1.0,2,1,3.0,3.0,5.0,-4.0,1.0,3.0,4.0,-4.0,-0.0
3d3_L=2.0_S=1.0,2,1,3.0,3.0,5.0,-4.0,2.0,2.0,4.0,-4.0,-0.0
3d3_L=2.0_S=1.0,2,1,3.0,3.0,5.0,-4.0,2.0,3.0,4.0,-4.0,-0.32659863237109044
3d3_L=2.0_S=1.0,2,1,3.0,3.0,5.0,-4.0,2.0,3.0,5.0,-4.0,-0.26666666666666666
3d3_L=2.0_S=1.0,2,1,3.0,3.0,5.0,-4.0,3.0,1.0,4.0,-4.0,0.0
3d3_L=2.0_S=1.0,2,1,3.0,3.0,5.0,-4.0,3.0,2.0,4.0,-4.0,-0.3265986323710904
3d3_L=2.0_S=1.0,2,1,3.0,3.0,5.0,-4.0,3.0,2.0,5.0,-4.0,0.2666666666666666
3d3_L=2.0_S=1.0,2,1,3.0,3.0,5.0,-4.0,3.0,3.0,4.0,-4.0,-0.0
3d3_L=2.0_S=1.0,2,1,3.0,3.0,5.0,-4.0,3.0,3.0,5.0,-4.0,-5.333333333333333
3d3_L=2.0_S=1.0,2,1,3.0,3.0,5.0,-4.0,3.0,3.0,6.0,-4.0,0.0
3d3_L=2.0_S=1.0,2,1,3.0,3.0,5.0,-3.0,1.0,3.0,4.0,-3.0,-0.0
3d3_L=2.0_S=1.0,2,1,3.0,3.0,5.0,-3.0,2.0,2.0,4.0,-3.0,-0.0
3d3_L=2.0_S=1.0,2,1,3.0,3.0,5.0,-3.0,2.0,3.0,4.0,-3.0,-0.43546484316145395
3d3_L=2.0_S=1.0,2,1,3.0,3.0,5.0,-3.0,2.0,3.0,5.0,-3.0,-0.2
3d3_L=2.0_S=1.0,2,1,3.0,3.0,5.0,-3.0,3.0,1.0,4.0,-3.0,0.0
3d3_L=2.0_S=1.0,2,1,3.0,3.0,5.0,-3.0,3.0,2.0,4.0,-3.0,-0.4354648431614539
3d3_L=2.0_S=1.0,2,1,3.0,3.0,5.0,-3.0,3.0,2.0,5.0,-3.0,0.19999999999999998
3d3_L=2.0_S=1.0,2,1,3.0,3.0,5.0,-3.0,3.0,3.0,4.0,-3.0,-0.0
3d3_L=2.0_S=1.0,2,1,3.0,3.0,5.0,-3.0,3.0,3.0,5.0,-3.0,-4.0
3d3_L=2.0_S=1.0,2,1,3.0,3.0,5.0,-3.0,3.0,3.0,6.0,-3.0,0.0
3d3_L=2.0_S=1.0,2,1,3.0,3.0,5.0,-2.0,1.0,3.0,4.0,-2.0,-0.0
3d3_L=2.0_S=1.0,2,1,3.0,3.0,5.0,-2.0,2.0,2.0,4.0,-2.0,-0.0
3d3_L=2.0_S=1.0,2,1,3.0,3.0,5.0,-2.0,2.0,3.0,4.0,-2.0,-0.498887651569859
3d3_L=2.0_S=1.0,2,1,3.0,3.0,5.0,-2.0,2.0,3.0,5.0,-2.0,-0.13333333333333336
3d3_L=2.0_S=1.0,2,1,3.0,3.0,5.0,-2.0,3.0,1.0,4.0,-2.0,0.0
3d3_L=2.0_S=1.0,2,1,3.0,3.0,5.0,-2.0,3.0,2.0,4.0,-2.0,-0.4988876515698588
3d3_L=2.0_S=1.0,2,1,3.0,3.0,5.0,-2.0,3.0,2.0,5.0,-2.0,0.13333333333333333
3d3_L=2.0_S=1.0,2,1,3.0,3.0,5.0,-2.0,3.0,3.0,4.0,-2.0,-0.0
3d3_L=2.0_S=1.0,2,1,3.0,3.0,5.0,-2.0,3.0,3.0,5.0,-2.0,-2.666666666666667
3d3_L=2.0_S=1.0,2,1,3.0,3.0,5.0,-2.0,3.0,3.0,6.0,-2.0,0.0
3d3_L=2.0_S=1.0,2,1,3.0,3.0,5.0,-1.0,1.0,3.0,4.0,-1.0,-0.0
3d3_L=2.0_S=1.0,2,1,3.0,3.0,5.0,-1.0,2.0,2.0,4.0,-1.0,-0.0
3d3_L=2.0_S=1.0,2,1,3.0,3.0,5.0,-1.0,2.0,3.0,4.0,-1.0,-0.5333333333333334
3d3_L=2.0_S=1.0,2,1,3.0,3.0,5.0,-1.0,2.0,3.0,5.0,-1.0,-0.06666666666666667
3d3_L=2.0_S=1.0,2,1,3.0,3.0,5.0,-1.0,3.0,1.0,4.0,-1.0,0.0
3d3_L=2.0_S=1.0,2,1,3.0,3.0,5.0,-1.0,3.0,2.0,4.0,-1.0,-0.5333333333333333
3d3_L=2.0_S=1.0,2,1,3.0,3.0,5.0,-1.0,3.0,2.0,5.0,-1.0,0.06666666666666665
3d3_L=2.0_S=1.0,2,1,3.0,3.0,5.0,-1.0,3.0,3.0,4.0,-1.0,-0.0
3d3_L=2.0_S=1.0,2,1,3.0,3.0,5.0,-1.0,3.0,3.0,5.0,-1.0,-1.3333333333333333
3d3_L=2.0_S=1.0,2,1,3.0,3.0,5.0,-1.0,3.0,3.0,6.0,-1.0,0.0
3d3_L=2.0_S=1.0,2,1,3.0,3.0,5.0,0.0,1.0,3.0,4.0,0.0,-0.0
3d3_L=2.0_S=1.0,2,1,3.0,3.0,5.0,0.0,2.0,2.0,4.0,0.0,-0.0
3d3_L=2.0_S=1.0,2,1,3.0,3.0,5.0,0.0,2.0,3.0,4.0,0.0,-0.5443310539518174
3d3_L=2.0_S=1.0,2,1,3.0,3.0,5.0,0.0,2.0,3.0,5.0,0.0,0.0
3d3_L=2.0_S=1.0,2,1,3.0,3.0,5.0,0.0,3.0,1.0,4.0,0.0,0.0
3d3_L=2.0_S=1.0,2,1,3.0,3.0,5.0,0.0,3.0,2.0,4.0,0.0,-0.5443310539518172
3d3_L=2.0_S=1.0,2,1,3.0,3.0,5.0,0.0,3.0,2.0,5.0,0.0,-0.0
3d3_L=2.0_S=1.0,2,1,3.0,3.0,5.0,0.0,3.0,3.0,4.0,0.0,-0.0
3d3_L=2.0_S=1.0,2,1,3.0,3.0,5.0,0.0,3.0,3.0,5.0,0.0,0.0
3d3_L=2.0_S=1.0,2,1,3.0,3.0,5.0,0.0,3.0,3.0,6.0,0.0,0.0
3d3_L=2.0_S=1.0,2,1,3.0,3.0,5.0,1.0,1.0,3.0,4.0,1.0,-0.0
3d3_L=2.0_S=1.0,2,1,3.0,3.0,5.0,1.0,2.0,2.0,4.0,1.0,-0.0
3d3_L=2.0_S=1.0,2,1,3.0,3.0,5.0,1.0,2.0,3.0,4.0,1.0,-0.5333333333333334
3d3_L=2.0_S=1.0,2,1,3.0,3.0,5.0,1.0,2.0,3.0,5.0,1.0,0.06666666666666667
3d3_L=2.0_S=1.0,2,1,3.0,3.0,5.0,1.0,3.0,1.0,4.0,1.0,0.0
3d3_L=2.0_S=1.0,2,1,3.0,3.0,5.0,1.0,3.0,2.0,4.0,1.0,-0.5333333333333333
3d3_L=2.0_S=1.0,2,1,3.0,3.0,5.0,1.0,3.0,2.0,5.0,1.0,-0.06666666666666665
3d3_L=2.0_S=1.0,2,1,3.0,3.0,5.0,1.0,3.0,3.0,4.0,1.0,-0.0
3d3_L=2.0_S=1.0,2,1,3.0,3.0,5.0,1.0,3.0,3.0,5.0,1.0,1.3333333333333333
3d3_L=2.0_S=1.0,2,1,3.0,3.0,5.0,1.0,3.0,3.0,6.0,1.0,0.0
3d3_L=2.0_S=1.0,2,1,3.0,3.0,5.0,2.0,1.0,3.0,4.0,2.0,-0.0
3d3_L=2.0_S=1.0,2,1,3.0,3.0,5.0,2.0,2.0,2.0,4.0,2.0,-0.0
3d3_L=2.0_S=1.0,2,1,3.0,3.0,5.0,2.0,2.0,3.0,4.0,2.0,-0.498887651569859
3d3_L=2.0_S=1.0,2,1,3.0,3.0,5.0,2.0,2.0,3.0,5.0,2.0,0.13333333333333336
3d3_L=2.0_S=1.0,2,1,3.0,3.0,5.0,2.0,3.0,1.0,4.0,2.0,0.0
3d3_L=2.0_S=1.0,2,1,3.0,3.0,5.0,2.0,3.0,2.0,4.0,2.0,-0.4988876515698588
3d3_L=2.0_S=1.0,2,1,3.0,3.0,5.0,2.0,3.0,2.0,5.0,2.0,-0.13333333333333333
3d3_L=2.0_S=1.0,2,1,3.0,3.0,5.0,2.0,3.0,3.0,4.0,2.0,-0.0
3d3_L=2.0_S=1.0,2,1,3.0,3.0,5.0,2.0,3.0,3.0,5.0,2.0,2.666666666666667
3d3_L=2.0_S=1.0,2,1,3.0,3.0,5.0,2.0,3.0,3.0,6.0,2.0,0.0
3d3_L=2.0_S=1.0,2,1,3.0,3.0,5.0,3.0,1.0,3.0,4.0,3.0,-0.0
3d3_L=2.0_S=1.0,2,1,3.0,3.0,5.0,3.0,2.0,2.0,4.0,3.0,-0.0
3d3_L=2.0_S=1.0,2,1,3.0,3.0,5.0,3.0,2.0,3.0,4.0,3.0,-0.43546484316145395
3d3_L=2.0_S=1.0,2,1,3.0,3.0,5.0,3.0,2.0,3.0,5.0,3.0,0.2
3d3_L=2.0_S=1.0,2,1,3.0,3.0,5.0,3.0,3.0,1.0,4.0,3.0,0.0
3d3_L=2.0_S=1.0,2,1,3.0,3.0,5.0,3.0,3.0,2.0,4.0,3.0,-0.4354648431614539
3d3_L=2.0_S=1.0,2,1,3.0,3.0,5.0,3.0,3.0,2.0,5.0,3.0,-0.19999999999999998
3d3_L=2.0_S=1.0,2,1,3.0,3.0,5.0,3.0,3.0,3.0,4.0,3.0,-0.0
3d3_L=2.0_S=1.0,2,1,3.0,3.0,5.0,3.0,3.0,3.0,5.0,3.0,4.0
3d3_L=2.0_S=1.0,2,1,3.0,3.0,5.0,3.0,3.0,3.0,6.0,3.0,0.0
3d3_L=2.0_S=1.0,2,1,3.0,3.0,5.0,4.0,1.0,3.0,4.0,4.0,-0.0
3d3_L=2.0_S=1.0,2,1,3.0,3.0,5.0,4.0,2.0,2.0,4.0,4.0,-0.0
3d3_L=2.0_S=1.0,2,1,3.0,3.0,5.0,4.0,2.0,3.0,4.0,4.0,-0.32659863237109044
3d3_L=2.0_S=1.0,2,1,3.0,3.0,5.0,4.0,2.0,3.0,5.0,4.0,0.26666666666666666
3d3_L=2.0_S=1.0,2,1,3.0,3.0,5.0,4.0,3.0,1.0,4.0,4.0,0.0
3d3_L=2.0_S=1.0,2,1,3.0,3.0,5.0,4.0,3.0,2.0,4.0,4.0,-0.3265986323710904
3d3_L=2.0_S=1.0,2,1,3.0,3.0,5.0,4.0,3.0,2.0,5.0,4.0,-0.2666666666666666
3d3_L=2.0_S=1.0,2,1,3.0,3.0,5.0,4.0,3.0,3.0,4.0,4.0,-0.0
3d3_L=2.0_S=1.0,2,1,3.0,3.0,5.0,4.0,3.0,3.0,5.0,4.0,5.333333333333333
3d3_L=2.0_S=1.0,2,1,3.0,3.0,5.0,4.0,3.0,3.0,6.0,4.0,0.0
3d3_L=2.0_S=1.0,2,1,3.0,3.0,5.0,5.0,2.0,3.0,5.0,5.0,0.33333333333333337
3d3_L=2.0_S=1.0,2,1,3.0,3.0,5.0,5.0,3.0,2.0,5.0,5.0,-0.3333333333333333
3d3_L=2.0_S=1.0,2,1,3.0,3.0,5.0,5.0,3.0,3.0,5.0,5.0,6.666666666666667
3d3_L=2.0_S=1.0,2,1,3.0,3.0,5.0,5.0,3.0,3.0,6.0,5.0,0.0
3d3_L=2.0_S=1.0,2,1,3.0,3.0,6.0,-6.0,3.0,3.0,6.0,-6.0,-8.000000000000002
3d3_L=2.0_S=1.0,2,1,3.0,3.0,6.0,-5.0,2.0,3.0,5.0,-5.0,-0.33333333333333337
3d3_L=2.0_S=1.0,2,1,3.0,3.0,6.0,-5.0,3.0,2.0,5.0,-5.0,-0.3333333333333333
3d3_L=2.0_S=1.0,2,1,3.0,3.0,6.0,-5.0,3.0,3.0,5.0,-5.0,0.0
3d3_L=2.0_S=1.0,2,1,3.0,3.0,6.0,-5.0,3.0,3.0,6.0,-5.0,-6.666666666666666
3d3_L=2.0_S=1.0,2,1,3.0,3.0,6.0,-4.0,2.0,3.0,5.0,-4.0,-0.4494665749754948
3d3_L=2.0_S=1.0,2,1,3.0,3.0,6.0,-4.0,3.0,2.0,5.0,-4.0,-0.44946657497549475
3d3_L=2.0_S=1.0,2,1,3.0,3.0,6.0,-4.0,3.0,3.0,5.0,-4.0,0.0
3d3_L=2.0_S=1.0,2,1,3.0,3.0,6.0,-4.0,3.0,3.0,6.0,-4.0,-5.333333333333334
3d3_L=2.0_S=1.0,2,1,3.0,3.0,6.0,-3.0,2.0,3.0,5.0,-3.0,-0.5222329678670935
3d3_L=2.0_S=1.0,2,1,3.0,3.0,6.0,-3.0,3.0,2.0,5.0,-3.0,-0.5222329678670935
3d3_L=2.0_S=1.0,2,1,3.0,3.0,6.0,-3.0,3.0,3.0,5.0,-3.0,0.0
3d3_L=2.0_S=1.0,2,1,3.0,3.0,6.0,-3.0,3.0,3.0,6.0,-3.0,-4.0
3d3_L=2.0_S=1.0,2,1,3.0,3.0,6.0,-2.0,2.0,3.0,5.0,-2.0,-0.5685352436149613
3d3_L=2.0_S=1.0,2,1,3.0,3.0,6.0,-2.0,3.0,2.0,5.0,-2.0,-0.5685352436149612
3d3_L=2.0_S=1.0,2,1,3.0,3.0,6.0,-2.0,3.0,3.0,5.0,-2.0,0.0
3d3_L=2.0_S=1.0,2,1,3.0,3.0,6.0,-2.0,3.0,3.0,6.0,-2.0,-2.666666666666667
3d3_L=2.0_S=1.0,2,1,3.0,3.0,6.0,-1.0,2.0,3.0,5.0,-1.0,-0.5945883900105633
3d3_L=2.0_S=1.0,2,1,3.0,3.0,6.0,-1.0,3.0,2.0,5.0,-1.0,-0.5945883900105632
3d3_L=2.0_S=1.0,2,1,3.0,3.0,6.0,-1.0,3.0,3.0,5.0,-1.0,0.0
3d3_L=2.0_S=1.0,2,1,3.0,3.0,6.0,-1.0,3.0,3.0,6.0,-1.0,-1.333333333333333
3d3_L=2.0_S=1.0,2,1,3.0,3.0,6.0,0.0,2.0,3.0,5.0,0.0,-0.6030226891555274
3d3_L=2.0_S=1.0,2,1,3.0,3.0,6.0,0.0,3.0,2.0,5.0,0.0,-0.6030226891555274
3d3_L=2.0_S=1.0,2,1,3.0,3.0,6.0,0.0,3.0,3.0,5.0,0.0,0.0
3d3_L=2.0_S=1.0,2,1,3.0,3.0,6.0,0.0,3.0,3.0,6.0,0.0,-0.0
3d3_L=2.0_S=1.0,2,1,3.0,3.0,6.0,1.0,2.0,3.0,5.0,1.0,-0.5945883900105633
3d3_L=2.0_S=1.0,2,1,3.0,3.0,6.0,1.0,3.0,2.0,5.0,1.0,-0.5945883900105632
3d3_L=2.0_S=1.0,2,1,3.0,3.0,6.0,1.0,3.0,3.0,5.0,1.0,0.0
3d3_L=2.0_S=1.0,2,1,3.0,3.0,6.0,1.0,3.0,3.0,6.0,1.0,1.333333333333333
3d3_L=2.0_S=1.0,2,1,3.0,3.0,6.0,2.0,2.0,3.0,5.0,2.0,-0.5685352436149613
3d3_L=2.0_S=1.0,2,1,3.0,3.0,6.0,2.0,3.0,2.0,5.0,2.0,-0.5685352436149612
3d3_L=2.0_S=1.0,2,1,3.0,3.0,6.0,2.0,3.0,3.0,5.0,2.0,0.0
3d3_L=2.0_S=1.0,2,1,3.0,3.0,6.0,2.0,3.0,3.0,6.0,2.0,2.666666666666667
3d3_L=2.0_S=1.0,2,1,3.0,3.0,6.0,3.0,2.0,3.0,5.0,3.0,-0.5222329678670935
3d3_L=2.0_S=1.0,2,1,3.0,3.0,6.0,3.0,3.0,2.0,5.0,3.0,-0.5222329678670935
3d3_L=2.0_S=1.0,2,1,3.0,3.0,6.0,3.0,3.0,3.0,5.0,3.0,0.0
3d3_L=2.0_S=1.0,2,1,3.0,3.0,6.0,3.0,3.0,3.0,6.0,3.0,4.0
3d3_L=2.0_S=1.0,2,1,3.0,3.0,6.0,4.0,2.0,3.0,5.0,4.0,-0.4494665749754948
3d3_L=2.0_S=1.0,2,1,3.0,3.0,6.0,4.0,3.0,2.0,5.0,4.0,-0.44946657497549475
3d3_L=2.0_S=1.0,2,1,3.0,3.0,6.0,4.0,3.0,3.0,5.0,4.0,0.0
3d3_L=2.0_S=1.0,2,1,3.0,3.0,6.0,4.0,3.0,3.0,6.0,4.0,5.333333333333334
3d3_L=2.0_S=1.0,2,1,3.0,3.0,6.0,5.0,2.0,3.0,5.0,5.0,-0.33333333333333337
3d3_L=2.0_S=1.0,2,1,3.0,3.0,6.0,5.0,3.0,2.0,5.0,5.0,-0.3333333333333333
3d3_L=2.0_S=1.0,2,1,3.0,3.0,6.0,5.0,3.0,3.0,5.0,5.0,0.0
3d3_L=2.0_S=1.0,2,1,3.0,3.0,6.0,5.0,3.0,3.0,6.0,5.0,6.666666666666666
3d3_L=2.0_S=1.0,2,1,3.0,3.0,6.0,6.0,3.0,3.0,6.0,6.0,8.000000000000002
