wavelength_A,I,Q,U,V
5.875000000000000000e+03,7.262745215780692654e-01,-6.384790670425750611e-06,3.630328413870059370e-06,1.996586942004340467e-05
5.875001668056714152e+03,7.262732447122005608e-01,-6.746679334600172738e-06,3.844589876110057232e-06,2.113494798048059448e-05
5.875003336113428304e+03,7.262718954568929686e-01,-7.128980501249366658e-06,4.070945495351551526e-06,2.237024400724037842e-05
5.875005004170141547e+03,7.262704698859188124e-01,-7.532798672382344274e-06,4.310046987882210762e-06,2.367534503813583893e-05
5.875006672226855699e+03,7.262689638727162222e-01,-7.959294518286826519e-06,4.562578999300983733e-06,2.505402136302178215e-05
5.875008340283569851e+03,7.262673730810172978e-01,-8.409687483694091561e-06,4.829260617476312297e-06,2.651023453807212869e-05
5.875010008340284003e+03,7.262656929550916907e-01,-8.885258501732323932e-06,5.110846947092796263e-06,2.804814626389244642e-05
5.875011676396997245e+03,7.262639187095926152e-01,-9.387352814192895069e-06,5.408130744750090529e-06,2.967212760939630950e-05
5.875013344453711397e+03,7.262620453189889691e-01,-9.917382905203495688e-06,5.721944118681985572e-06,3.138676861531044360e-05
5.875015012510425549e+03,7.262600675065857825e-01,-1.047683154690491080e-05,6.053160292095469376e-06,3.319688826921992985e-05
5.875016680567139701e+03,7.262579797330959153e-01,-1.106725496586964609e-05,6.402695435139146526e-06,3.510754488033125160e-05
5.875018348623852944e+03,7.262557761847721061e-01,-1.169028612952299000e-05,6.771510564894317799e-06,3.712404685615153965e-05
5.875020016680567096e+03,7.262534507610666212e-01,-1.234763815931558519e-05,7.160613517198035781e-06,3.925196389995924706e-05
5.875021684737281248e+03,7.262509970618264976e-01,-1.304110786879245662e-05,7.571060988996429830e-06,4.149713862560021533e-05
5.875023352793995400e+03,7.262484083739907392e-01,-1.377257943697879698e-05,8.003960657222339214e-06,4.386569862725356967e-05
5.875025020850708643e+03,7.262456776577833617e-01,-1.454402821445991948e-05,8.460473372391657981e-06,4.636406898972643295e-05
5.875026688907422795e+03,7.262427975323861862e-01,-1.535752467074078182e-05,8.941815431821828903e-06,4.899898527577013812e-05
5.875028356964136947e+03,7.262397602610899394e-01,-1.621523847922929745e-05,9.449260930036672122e-06,5.177750697514157794e-05
5.875030025020851099e+03,7.262365577358865787e-01,-1.711944275181174186e-05,9.984144193226028574e-06,5.470703145769662608e-05
5.875031693077564341e+03,7.262331814615097247e-01,-1.807251841970196519e-05,1.054786229551569099e-05,5.779530842220515884e-05
5.875033361134278493e+03,7.262296225388834570e-01,-1.907695876881360054e-05,1.114187766168061995e-05,6.105045486123295505e-05
5.875035029190992645e+03,7.262258716480106679e-01,-2.013537412615062523e-05,1.176772075393671871e-05,6.448097054841368336e-05
5.875036697247706797e+03,7.262219190302282579e-01,-2.125049670899876916e-05,1.242699284949219008e-05,6.809575406807988720e-05
5.875038365304420040e+03,7.262177544698616982e-01,-2.242518563328577442e-05,1.312136890639829684e-05,7.190411939455760323e-05
5.875040033361134192e+03,7.262133672752337787e-01,-2.366243209029075418e-05,1.385260052281995175e-05,7.591581304308335986e-05
5.875041701417848344e+03,7.262087462590481879e-01,-2.496536468481865150e-05,1.462251898531015288e-05,8.014103177558685868e-05
5.875043369474562496e+03,7.262038797180893068e-01,-2.633725495023303282e-05,1.543303841485247184e-05,8.459044091007108244e-05
5.875045037531275739e+03,7.261987554122659727e-01,-2.778152303351284956e-05,1.628615900625897500e-05,8.927519322106123646e-05
5.875046705587989891e+03,7.261933605429450322e-01,-2.930174356046712746e-05,1.718397036652144407e-05,9.420694845486801466e-05
5.875048373644704043e+03,7.261876817306210929e-01,-3.090165167254930523e-05,1.812865494671965063e-05,9.939789345006693822e-05
5.875050041701418195e+03,7.261817049918359857e-01,-3.258514925178784312e-05,1.912249157677498710e-05,1.048607629021857697e-04
5.875051709758131437e+03,7.261754157153960110e-01,-3.435631132465418136e-05,2.016785909734102798e-05,1.106088607613199635e-04
5.875053377814845589e+03,7.261687986378261295e-01,-3.621939265675738941e-05,2.126724009442324312e-05,1.166560822901494286e-04
5.875055045871559741e+03,7.261618378181127209e-01,-3.817883452429432674e-05,2.242322473074694967e-05,1.230169367558296874e-04
5.875056713928273894e+03,7.261545166116479821e-01,-4.023927168432139443e-05,2.363851468326014915e-05,1.297065708156220319e-04
5.875058381984987136e+03,7.261468176434253685e-01,-4.240553952933133865e-05,2.491592717759375609e-05,1.367407925594420616e-04
5.875060050041701288e+03,7.261387227804307898e-01,-4.468268143902083539e-05,2.625839913023742762e-05,1.441360962598223282e-04
5.875061718098415440e+03,7.261302131032801865e-01,-4.707595631154657258e-05,2.766899138493844029e-05,1.519096877666512057e-04
5.875063386155129592e+03,7.261212688770195545e-01,-4.959084630010412434e-05,2.915089305568583980e-05,1.600795106372965358e-04
5.875065054211842835e+03,7.261118695211437046e-01,-5.223306473318306033e-05,3.070742596867498815e-05,1.686642729437754743e-04
5.875066722268556987e+03,7.261019935787723645e-01,-5.500856423597681494e-05,3.234204920774980287e-05,1.776834748099475302e-04
5.875068390325271139e+03,7.260916186850520093e-01,-5.792354502828124264e-05,3.405836375075976303e-05,1.871574366024741150e-04
5.875070058381985291e+03,7.260807215346911647e-01,-6.098446342743177578e-05,3.586011721297032633e-05,1.971073278845526203e-04
5.875071726438698533e+03,7.260692778486923515e-01,-6.419804053191676904e-05,3.775120867923065910e-05,2.075551970424346969e-04
5.875073394495412686e+03,7.260572623402216097e-01,-6.757127110093818752e-05,3.973569363969643308e-05,2.185240016576256938e-04
5.875075062552126838e+03,7.260446486797051957e-01,-7.111143260164784030e-05,4.181778900569526784e-05,2.300376395236939232e-04
5.875076730608840990e+03,7.260314094590374356e-01,-7.482609445557236976e-05,4.400187822633893606e-05,2.421209804269663576e-04
5.875078398665554232e+03,7.260175161549929923e-01,-7.872312745207988053e-05,4.629251648567802761e-05,2.547998985858857110e-04
5.875080066722268384e+03,7.260029390917707159e-01,-8.281071334844289865e-05,4.869443599114325850e-05,2.681013058229060348e-04
5.875081734778982536e+03,7.259876474027951998e-01,-8.709735461834755468e-05,5.121255133004832340e-05,2.820531853550750298e-04
5.875083402835696688e+03,7.259716089916229409e-01,-9.159188438508657790e-05,5.385196491460840935e-05,2.966846263200465742e-04
5.875085070892409931e+03,7.259547904920915506e-01,-9.630347649985942929e-05,5.661797249136000691e-05,3.120258589226095319e-04
5.875086738949124083e+03,7.259371572276244189e-01,-1.012416557870389998e-04,5.951606872697952876e-05,3.281082902847944354e-04
5.875088407005838235e+03,7.259186731698379358e-01,-1.064163084068113117e-04,6.255195284041964823e-05,3.449645408345024668e-04
5.875090075062552387e+03,7.258993008962941751e-01,-1.118376923794889137e-04,6.573153430652397676e-05,3.626284813971351385e-04
5.875091743119265630e+03,7.258790015475595769e-01,-1.175164482204681240e-04,6.906093860012583693e-05,3.811352708275603045e-04
5.875093411175979782e+03,7.258577347834681559e-01,-1.234636097102523452e-04,7.254651299407959507e-05,4.005213942744146943e-04
5.875095079232693934e+03,7.258354587387852996e-01,-1.296906147388958419e-04,7.619483237456747490e-05,4.208247018837254919e-04
5.875096747289408086e+03,7.258121299780817548e-01,-1.362093162757786616e-04,8.001270510261745289e-05,4.420844481255009856e-04
5.875098415346121328e+03,7.257877034500177515e-01,-1.430319934016142849e-04,8.400717888351712703e-05,4.643413315420558585e-04
5.875100083402835480e+03,7.257621324409241348e-01,-1.501713624299237421e-04,8.818554665963532083e-05,4.876375350208464942e-04
5.875101751459549632e+03,7.257353685279268607e-01,-1.576405880442295366e-04,9.255535248174759019e-05,5.120167663620878423e-04
5.875103419516263784e+03,7.257073615313852644e-01,-1.654532945096432383e-04,9.712439739153421695e-05,5.375242993428702059e-04
5.875105087572977027e+03,7.256780594668973405e-01,-1.736235768811671858e-04,1.019007452712867651e-04,5.642070150418239611e-04
5.875106755629691179e+03,7.256474084967420302e-01,-1.821660122407437008e-04,1.068927286746652633e-04,5.921134435332440007e-04
5.875108423686405331e+03,7.256153528810566078e-01,-1.910956708720028740e-04,1.121089545865817553e-04,6.212938056715177574e-04
5.875110091743119483e+03,7.255818349284876012e-01,-2.004281274413574881e-04,1.175583101514996451e-04,6.518000552061220228e-04
5.875111759799833635e+03,7.255467949466005706e-01,-2.101794720978583458e-04,1.232499683153753908e-04,6.836859209482263819e-04
5.875113427856546878e+03,7.255101711920350915e-01,-2.203663214885739322e-04,1.291933933795316345e-04,7.170069489935150227e-04
5.875115095913261030e+03,7.254718998203674163e-01,-2.310058296949650774e-04,1.353983464688015453e-04,7.518205450399540824e-04
5.875116763969975182e+03,7.254319148360460767e-01,-2.421156989798225578e-04,1.418748908491782566e-04,7.881860164526411890e-04
5.875118432026689334e+03,7.253901480420652526e-01,-2.537141904290770656e-04,1.486333971392470911e-04,8.261646143553784188e-04
5.875120100083402576e+03,7.253465289897909063e-01,-2.658201343712970205e-04,1.556845483476699328e-04,8.658195753970217897e-04
5.875121768140116728e+03,7.253009849287392896e-01,-2.784529406132885349e-04,1.630393447641552353e-04,9.072161633315392344e-04
5.875123436196830880e+03,7.252534407567855501e-01,-2.916326083632530056e-04,1.707091086110976630e-04,9.504217099913762510e-04
5.875125104253545032e+03,7.252038189704078652e-01,-3.053797359304186469e-04,1.787054885267466209e-04,9.955056559851403839e-04
5.875126772310258275e+03,7.251520396154513826e-01,-3.197155300671748702e-04,1.870404637861205902e-04,1.042539590681869398e-03
5.875128440366972427e+03,7.250980202381974715e-01,-3.346618150008656635e-04,1.957263482919135555e-04,1.091597291661750447e-03
5.875130108423686579e+03,7.250416758372917325e-01,-3.502410409931599805e-04,2.047757942380647243e-04,1.142754763112448181e-03
5.875131776480400731e+03,7.249829188160800131e-01,-3.664762925441896846e-04,2.142017955134553392e-04,1.196090273581397250e-03
5.875133444537113974e+03,7.249216589359237517e-01,-3.833912960740391081e-04,2.240176907469719025e-04,1.251684392547991595e-03
5.875135112593828126e+03,7.248578032702354124e-01,-4.010104271401971113e-04,2.342371660267539095e-04,1.309620026023316803e-03
5.875136780650542278e+03,7.247912561599086922e-01,-4.193587170012583252e-04,2.448742571822701774e-04,1.369982450581432466e-03
5.875138448707256430e+03,7.247219191695988272e-01,-4.384618586640725863e-04,2.559433517075498693e-04,1.432859346286457711e-03
5.875140116763969672e+03,7.246496910455223484e-01,-4.583462122174241813e-04,2.674591902104399028e-04,1.498340827882202160e-03
5.875141784820683824e+03,7.245744676744976243e-01,-4.790388095251142501e-04,2.794368674285722617e-04,1.566519474513415914e-03
5.875143452877397976e+03,7.244961420449886891e-01,-5.005673580530357273e-04,2.918918326808208480e-04,1.637490357246512663e-03
5.875145120934112128e+03,7.244146042095261917e-01,-5.229602439954907436e-04,3.048398898485364357e-04,1.711351064956245088e-03
5.875146788990825371e+03,7.243297412492959442e-01,-5.462465344713957581e-04,3.182971967531015418e-04,1.788201727840911135e-03
5.875148457047539523e+03,7.242414372405445722e-01,-5.704559788763113740e-04,3.322802639783325844e-04,1.868145038865522654e-03
5.875150125104253675e+03,7.241495732237186456e-01,-5.956190091316311379e-04,3.468059529874648723e-04,1.951286272304364163e-03
5.875151793160967827e+03,7.240540271745724565e-01,-6.217667390244989824e-04,3.618914736459174987e-04,2.037733300028741774e-03
5.875153461217681070e+03,7.239546739781858031e-01,-6.489309623763554009e-04,3.775543809974219226e-04,2.127596604703602557e-03
5.875155129274395222e+03,7.238513854054580143e-01,-6.771441501415430449e-04,3.938125713519293673e-04,2.220989290232164293e-03
5.875156797331109374e+03,7.237440300931528014e-01,-7.064394461409576227e-04,4.106842775139924449e-04,2.318027088506238211e-03
5.875158465387823526e+03,7.236324735265823316e-01,-7.368506616593559341e-04,4.281880632837480071e-04,2.418828363213879583e-03
5.875160133444536768e+03,7.235165780260224277e-01,-7.684122686071469428e-04,4.463428170572945604e-04,2.523514109748764469e-03
5.875161801501250920e+03,7.233962027363399772e-01,-8.011593913702075818e-04,4.651677445976897126e-04,2.632207951626490405e-03
5.875163469557965072e+03,7.232712036210665607e-01,-8.351277970101508722e-04,4.846823607821959534e-04,2.745036132318581183e-03
5.875165137614679224e+03,7.231414334598469384e-01,-8.703538840897405773e-04,5.049064804841533940e-04,2.862127503413545125e-03
5.875166805671392467e+03,7.230067418505048416e-01,-9.068746697802487376e-04,5.258602083922004787e-04,2.983613507982796863e-03
5.875168473728106619e+03,7.228669752151217764e-01,-9.447277754058360259e-04,5.475639278566353171e-04,3.109628159677844863e-03
5.875170141784820771e+03,7.227219768115175080e-01,-9.839514100395011040e-04,5.700382885420470598e-04,3.240308016281273976e-03
5.875171809841534923e+03,7.225715867488787802e-01,-1.024584352479183252e-03,5.933041930762044487e-04,3.375792148809192688e-03
5.875173477898248166e+03,7.224156420089546948e-01,-1.066665931218170561e-03,6.173827824743205591e-04,3.516222104891447361e-03
5.875175145954962318e+03,7.222539764720788957e-01,-1.110236002597612352e-03,6.422954204483295564e-04,3.661741867054237043e-03
5.875176814011676470e+03,7.220864209496030695e-01,-1.155334926707817086e-03,6.680636763568036703e-04,3.812497804462399234e-03
5.875178482068390622e+03,7.219128032212659418e-01,-1.202003541439394720e-03,6.947093070084006412e-04,3.968638619435180259e-03
5.875180150125103864e+03,7.217329480790831697e-01,-1.250283134229013141e-03,7.222542371063967728e-04,4.130315287271498978e-03
5.875181818181818016e+03,7.215466773768887121e-01,-1.300215411752810631e-03,7.507205384370450266e-04,4.297680990167874679e-03
5.875183486238532168e+03,7.213538100873022607e-01,-1.351842467087183402e-03,7.801304075216253589e-04,4.470891043592473656e-03
5.875185154295246321e+03,7.211541623643775711e-01,-1.405206744781076211e-03,8.105061420418790269e-04,4.650102816667258700e-03
5.875186822351959563e+03,7.209475476137264804e-01,-1.460351003369778989e-03,8.418701157479398667e-04,4.835475644934961008e-03
5.875188490408673715e+03,7.207337765690517983e-01,-1.517318275628984402e-03,8.742447519837084164e-04,5.027170736431776747e-03
5.875190158465387867e+03,7.205126573770926912e-01,-1.576151826013445388e-03,9.076524955737249635e-04,5.225351069261526676e-03
5.875191826522102019e+03,7.202839956889155459e-01,-1.636895105837669548e-03,9.421157833770670877e-04,5.430181282489897863e-03
5.875193494578815262e+03,7.200475947595585957e-01,-1.699591705666279396e-03,9.776570132200158424e-04,5.641827558559062150e-03
5.875195162635529414e+03,7.198032555547424494e-01,-1.764285305282184500e-03,1.014298511360657877e-03,5.860457498330090206e-03
5.875196830692243566e+03,7.195507768668865101e-01,-1.831019620623024462e-03,1.052062498209771491e-03,6.086239986761375967e-03
5.875198498748957718e+03,7.192899554379844629e-01,-1.899838348332324187e-03,1.090971052684833317e-03,6.319345051350694180e-03
5.875200166805670960e+03,7.190205860915894753e-01,-1.970785107369149233e-03,1.131046074845924298e-03,6.559943711373077135e-03
5.875201834862385113e+03,7.187424618723416980e-01,-2.043903378076130425e-03,1.172309247069633267e-03,6.808207819224329146e-03
5.875203502919099265e+03,7.184553741955326256e-01,-2.119236438076389437e-03,1.214781993412176585e-03,7.064309891691170074e-03
5.875205170975813417e+03,7.181591130038453841e-01,-2.196827295761319670e-03,1.258485437596632917e-03,7.328422933654406626e-03
5.875206839032526659e+03,7.178534669337225393e-01,-2.276718620741878963e-03,1.303440359282255099e-03,7.600720252031381921e-03
5.875208507089240811e+03,7.175382234895397726e-01,-2.358952671761678065e-03,1.349667148902160708e-03,7.881375261569454824e-03
5.875210175145954963e+03,7.172131692282903703e-01,-2.443571221387072587e-03,1.397185760696321045e-03,8.170561280079780345e-03
5.875211843202669115e+03,7.168780899514665128e-01,-2.530615478362066486e-03,1.446015664449078154e-03,8.468451316041521182e-03
5.875213511259383267e+03,7.165327709066287021e-01,-2.620126007006661709e-03,1.496175795591674117e-03,8.775217846365812591e-03
5.875215179316096510e+03,7.161769969978409867e-01,-2.712142643899157803e-03,1.547684503818194321e-03,9.091032585032566421e-03
5.875216847372810662e+03,7.158105530039243769e-01,-2.806704412150222080e-03,1.600559500397672396e-03,9.416066243549583992e-03
5.875218515429524814e+03,7.154332238073631833e-01,-2.903849432564420061e-03,1.654817803801850434e-03,9.750488280692347701e-03
5.875220183486238966e+03,7.150447946298943425e-01,-3.003614832756840852e-03,1.710475684260677346e-03,1.009446664507267569e-02
5.875221851542952209e+03,7.146450512777665631e-01,-3.106036653495049694e-03,1.767548606847978198e-03,1.044816750788888672e-02
5.875223519599666361e+03,7.142337803940246310e-01,-3.211149752985660317e-03,1.826051173513593877e-03,1.081175498819536215e-02
5.875225187656380513e+03,7.138107697211181213e-01,-3.318987708307612888e-03,1.885997063642059005e-03,1.118539086780233685e-02
5.875226855713094665e+03,7.133758083692482987e-01,-3.429582715221374343e-03,1.947398973825521448e-03,1.156923429987593080e-02
5.875228523769807907e+03,7.129286870936895060e-01,-3.542965485576541132e-03,2.010268556429802792e-03,1.196344150838127632e-02
5.875230191826522059e+03,7.124691985780411407e-01,-3.659165143140187884e-03,2.074616357464962625e-03,1.236816548110301200e-02
5.875231859883236211e+03,7.119971377269582735e-01,-3.778209117022370781e-03,2.140451753266933883e-03,1.278355565311958993e-02
5.875233527939950363e+03,7.115123019631414136e-01,-3.900123034075981317e-03,2.207782886810787711e-03,1.320975758539209670e-02
5.875235195996663606e+03,7.110144915320880665e-01,-4.024930609444804866e-03,2.276616603210037011e-03,1.364691263537916484e-02
5.875236864053377758e+03,7.105035098111023295e-01,-4.152653536222338307e-03,2.346958384948145526e-03,1.409515762284489944e-02
5.875238532110091910e+03,7.099791636264048966e-01,-4.283311373334553092e-03,2.418812286351938474e-03,1.455462448749348693e-02
5.875240200166806062e+03,7.094412635724293148e-01,-4.416921433184265236e-03,2.492180868241435868e-03,1.502543994370832831e-02
5.875241868223519305e+03,7.088896243371035633e-01,-4.553498668219445496e-03,2.567065132220610214e-03,1.550772512908974408e-02
5.875243536280233457e+03,7.083240650291150464e-01,-4.693055557464130209e-03,2.643464455308977470e-03,1.600159525037660527e-02
5.875245204336947609e+03,7.077444095113402112e-01,-4.835601992109031348e-03,2.721376524333964878e-03,1.650715922316283238e-02
5.875246872393661761e+03,7.071504867337726763e-01,-4.981145161860668288e-03,2.800797271136351487e-03,1.702451931131074639e-02
5.875248540450375003e+03,7.065421310700851221e-01,-5.129689441158399518e-03,2.881720808025116376e-03,1.755377076251753848e-02
5.875250208507089155e+03,7.059191826533225411e-01,-5.281236276425403317e-03,2.964139364242040792e-03,1.809500144407475905e-02
5.875251876563803307e+03,7.052814877152443485e-01,-5.435784073381973169e-03,3.048043222845517927e-03,1.864829147494823439e-02
5.875253544620517459e+03,7.046288989219168242e-01,-5.593328086300489166e-03,3.133420659133259734e-03,1.921371286075635593e-02
5.875255212677230702e+03,7.039612757100438545e-01,-5.753860308245271719e-03,3.220257880035622307e-03,1.979132912782229081e-02
5.875256880733944854e+03,7.032784846190192063e-01,-5.917369363590482823e-03,3.308538965262450456e-03,2.038119496077121437e-02
5.875258548790659006e+03,7.025803996236420490e-01,-6.083840401757497143e-03,3.398245809625797653e-03,2.098335583954438061e-02
5.875260216847373158e+03,7.018669024593032768e-01,-6.253254994243681066e-03,3.489358067691957638e-03,2.159784768301101915e-02
5.875261884904086401e+03,7.011378829445664707e-01,-6.425591033878054470e-03,3.581853100208874478e-03,2.222469649508160630e-02
5.875263552960800553e+03,7.003932392956409014e-01,-6.600822637732016614e-03,3.675705923102490311e-03,2.286391801821946110e-02
5.875265221017514705e+03,6.996328784381062871e-01,-6.778920052529550065e-03,3.770889158444507873e-03,2.351551738985766318e-02
5.875266889074228857e+03,6.988567163069890897e-01,-6.959849564787107430e-03,3.867372988612346497e-03,2.417948880957938862e-02
5.875268557130942099e+03,6.980646781405672741e-01,-7.143573414527431761e-03,3.965125113040366030e-03,2.485581521257966900e-02
5.875270225187656251e+03,6.972566987619339685e-01,-7.330049714081192554e-03,4.064110708398707868e-03,2.554446795470034434e-02
5.875271893244370403e+03,6.964327228542186443e-01,-7.519232370734504553e-03,4.164292391552042519e-03,2.624540650419137852e-02
5.875273561301084555e+03,6.955927052198210836e-01,-7.711071015571116342e-03,4.265630186574742057e-03,2.695857814861225138e-02
5.875275229357797798e+03,6.947366110296067099e-01,-7.905510937255747980e-03,4.368081495169252176e-03,2.768391771201146601e-02
5.875276897414511950e+03,6.938644160556554086e-01,-8.102493022335132550e-03,4.471601071344917348e-03,2.842134728800090049e-02
5.875278565471226102e+03,6.929761068940705204e-01,-8.301953700704774522e-03,4.576140999656748247e-03,2.917077598345950082e-02
5.875280233527940254e+03,6.920716811675238223e-01,-8.503824898689484046e-03,4.681650678313176335e-03,2.993209968179414912e-02
5.875281901584653497e+03,6.911511477141042414e-01,-8.708033998363295253e-03,4.788076806439652520e-03,3.070520082044267060e-02
5.875283569641367649e+03,6.902145267557299180e-01,-8.914503804720074268e-03,4.895363376355931460e-03,3.148994818849817218e-02
5.875285237698081801e+03,6.892618500532615711e-01,-9.123152519221194509e-03,5.003451670107979428e-03,3.228619673872047680e-02
5.875286905754795953e+03,6.882931610374259934e-01,-9.333893722228805631e-03,5.112280261570888509e-03,3.309378742328683565e-02
5.875288573811509195e+03,6.873085149227881052e-01,-9.546636362813540333e-03,5.221785023341577424e-03,3.391254704746015508e-02
5.875290241868223347e+03,6.863079787977711677e-01,-9.761284757556542083e-03,5.331899139262542657e-03,3.474228814724242970e-02
5.875291909924937499e+03,6.852916316985877554e-01,-9.977738596726130199e-03,5.442553121747113407e-03,3.558280888474001091e-02
5.875293577981651651e+03,6.842595646556729472e-01,-1.019589296036996218e-02,5.553674835209297320e-03,3.643389297094169060e-02
5.875295246038364894e+03,6.832118807206253308e-01,-1.041563834265774036e-02,5.665189524740467386e-03,3.729530960951746299e-02
5.875296914095079046e+03,6.821486949664625765e-01,-1.063686068606559815e-02,5.777019850838113063e-03,3.816681346781330281e-02
5.875298582151793198e+03,6.810701344698384396e-01,-1.085944142363603863e-02,5.889085929279354488e-03,3.904814466816852736e-02
5.875300250208507350e+03,6.799763382633899900e-01,-1.108325753183257711e-02,6.001305377413332538e-03,3.993902880952920897e-02
5.875301918265220593e+03,6.788674572670392315e-01,-1.130818159217076603e-02,6.113593365936988676e-03,4.083917701233198000e-02
5.875303586321934745e+03,6.777436541909388490e-01,-1.153408186320290137e-02,6.225862676799908194e-03,4.174828599284843150e-02
5.875305254378648897e+03,6.766051034195507130e-01,-1.176082236079081626e-02,6.338023766541138644e-03,4.266603815952244722e-02
5.875306922435363049e+03,6.754519908646671178e-01,-1.198826294929879188e-02,6.449984835963006036e-03,4.359210174139473148e-02
5.875308590492076291e+03,6.742845137970733260e-01,-1.221625944171508132e-02,6.561651905137744212e-03,4.452613094096189578e-02
5.875310258548790443e+03,6.731028806494790961e-01,-1.244466371001557402e-02,6.672928894669433869e-03,4.546776611759630743e-02
5.875311926605504595e+03,6.719073108010767958e-01,-1.267332380376691957e-02,6.783717712032340946e-03,4.641663399343273072e-02
5.875313594662218748e+03,6.706980343312541892e-01,-1.290208407951270314e-02,6.893918343814516535e-03,4.737234789185666012e-02
5.875315262718931990e+03,6.694752917530260028e-01,-1.313078533834369580e-02,7.003428953679459099e-03,4.833450800031947187e-02
5.875316930775646142e+03,6.682393337188298199e-01,-1.335926497377669560e-02,7.112145985058776140e-03,4.930270166345946531e-02
5.875318598832360294e+03,6.669904207098757976e-01,-1.358735712679381633e-02,7.219964269380030157e-03,5.027650369783802364e-02
5.875320266889074446e+03,6.657288226963641309e-01,-1.381489285116096165e-02,7.326777139142079398e-03,5.125547673838474344e-02
5.875321934945788598e+03,6.644548187792871374e-01,-1.404170028618565574e-02,7.432476546135002166e-03,5.223917160821268946e-02
5.875323603002501841e+03,6.631686968113623681e-01,-1.426760483787472070e-02,7.536953183696831933e-03,5.322712771383712044e-02
5.875325271059215993e+03,6.618707529944518608e-01,-1.449242936829435793e-02,7.640096614001173556e-03,5.421887346783624273e-02
5.875326939115930145e+03,6.605612914650017542e-01,-1.471599439118909808e-02,7.741795398803983860e-03,5.521392673014234587e-02
5.875328607172644297e+03,6.592406238545707176e-01,-1.493811827589779269e-02,7.841937234619268671e-03,5.621179527789892105e-02
5.875330275229357540e+03,6.579090688378324003e-01,-1.515861745716137396e-02,7.940409091212373427e-03,5.721197729436721530e-02
5.875331943286071692e+03,6.565669516607327560e-01,-1.537730665190842859e-02,8.037097353688571477e-03,5.821396188237800556e-02
5.875333611342785844e+03,6.552146036617310099e-01,-1.559399908059297749e-02,8.131887967112406621e-03,5.921722959257082891e-02
5.875335279399499996e+03,6.538523617729646853e-01,-1.580850669504344982e-02,8.224666584369155764e-03,6.022125297618255435e-02
5.875336947456213238e+03,6.524805680144152298e-01,-1.602064041042413484e-02,8.315318716076661870e-03,6.122549715246011076e-02
5.875338615512927390e+03,6.510995689737313352e-01,-1.623021034214309349e-02,8.403729882932762033e-03,6.222942039600853209e-02
5.875340283569641542e+03,6.497097152852093771e-01,-1.643702604555938307e-02,8.489785769054699824e-03,6.323247473396390039e-02
5.875341951626355694e+03,6.483113610945603345e-01,-1.664089675977947769e-02,8.573372377597076113e-03,6.423410656262880380e-02
5.875343619683068937e+03,6.469048635230701949e-01,-1.684163165375381771e-02,8.654376186705245097e-03,6.523375727332503260e-02
5.875345287739783089e+03,6.454905821237209018e-01,-1.703904007501115189e-02,8.732684306597978882e-03,6.623086389261871598e-02
5.875346955796497241e+03,6.440688783432126918e-01,-1.723293179891367821e-02,8.808184636450685709e-03,6.722485972665816212e-02
5.875348623853211393e+03,6.426401149762448473e-01,-1.742311727998623744e-02,8.880766021670391183e-03,6.821517501903079372e-02
5.875350291909924636e+03,6.412046556260372343e-01,-1.760940790300541056e-02,8.950318410509654557e-03,6.920123761187021993e-02
5.875351959966638788e+03,6.397628641634938162e-01,-1.779161623455667585e-02,9.016733010106095514e-03,7.018247361512942872e-02
5.875353628023352940e+03,6.383151041992214392e-01,-1.796955627286420110e-02,9.079902440965794200e-03,7.115830807386105961e-02
5.875355296080067092e+03,6.368617385544292908e-01,-1.814304369728526531e-02,9.139720890436062173e-03,7.212816564266483210e-02
5.875356964136780334e+03,6.354031287449061205e-01,-1.831189611539604106e-02,9.196084264006474870e-03,7.309147125714689219e-02
5.875358632193494486e+03,6.339396344701961894e-01,-1.847593330819367191e-02,9.248890334660713267e-03,7.404765080718075931e-02
5.875360300250208638e+03,6.324716131223449000e-01,-1.863497747142234609e-02,9.298038889409995095e-03,7.499613180202827079e-02
5.875361968306922790e+03,6.309994192997806506e-01,-1.878885345432643184e-02,9.343431873301380128e-03,7.593634403628819751e-02
5.875363636363636033e+03,6.295234043406155999e-01,-1.893738899389794256e-02,9.384973530013657542e-03,7.686772024676841175e-02
5.875365304420350185e+03,6.280439158671491384e-01,-1.908041494504933780e-02,9.422570539275832227e-03,7.778969676502724140e-02
5.875366972477064337e+03,6.265612973558375431e-01,-1.921776550507688433e-02,9.456132150155881558e-03,7.870171415600303588e-02
5.875368640533778489e+03,6.250758877179375395e-01,-1.934927843341054804e-02,9.485570310731486141e-03,7.960321785150896445e-02
5.875370308590491732e+03,6.235880209048837441e-01,-1.947479526509143452e-02,9.510799793193469576e-03,8.049365876914506279e-02
5.875371976647205884e+03,6.220980255298936834e-01,-1.959416151831862296e-02,9.531738314636951578e-03,8.137249392130627146e-02
5.875373644703920036e+03,6.206062245197775384e-01,-1.970722689469037517e-02,9.548306652842135714e-03,8.223918700525836845e-02
5.875375312760634188e+03,6.191129347817081463e-01,-1.981384547347007918e-02,9.560428756550063203e-03,8.309320898284593138e-02
5.875376980817347430e+03,6.176184668987929616e-01,-1.991387589488851154e-02,9.568031855732229279e-03,8.393403864118410829e-02
5.875378648874061582e+03,6.161231248454360765e-01,-2.000718154564748094e-02,9.571046551962373097e-03,8.476116313798448543e-02
5.875380316930775734e+03,6.146272057362317520e-01,-2.009363072123017402e-02,9.569406924442613524e-03,8.557407852532680770e-02
5.875381984987489886e+03,6.131309995925933176e-01,-2.017309679288297602e-02,9.563050613356946852e-03,8.637229025759962653e-02
5.875383653044203129e+03,6.116347891406351822e-01,-2.024545836041254099e-02,9.551918904687591722e-03,8.715531367726493672e-02
5.875385321100917281e+03,6.101388496308777221e-01,-2.031059939755447061e-02,9.535956807868480392e-03,8.792267448236118499e-02
5.875386989157631433e+03,6.086434486930419885e-01,-2.036840938814069718e-02,9.515113127537345658e-03,8.867390916831352499e-02
5.875388657214345585e+03,6.071488462097666128e-01,-2.041878345370343878e-02,9.489340529215295472e-03,8.940856545207406803e-02
5.875390325271058828e+03,6.056552942223043523e-01,-2.046162247180498273e-02,9.458595598931337015e-03,9.012620267120184658e-02
5.875391993327772980e+03,6.041630368583570387e-01,-2.049683318534736842e-02,9.422838896688760790e-03,9.082639216244427216e-02
5.875393661384487132e+03,6.026723102948703392e-01,-2.052432830157207774e-02,9.382035005088095250e-03,9.150871761323579878e-02
5.875395329441201284e+03,6.011833427392206941e-01,-2.054402658653928584e-02,9.336152565866054007e-03,9.217277539310789192e-02
5.875396997497914526e+03,5.996963544414403158e-01,-2.055585294148735975e-02,9.285164321806316234e-03,9.281817486002427731e-02
5.875398665554628678e+03,5.982115577272414386e-01,-2.055973847850664157e-02,9.229047141388675712e-03,9.344453864407628596e-02
5.875400333611342830e+03,5.967291570642164755e-01,-2.055562058288652044e-02,9.167782043011919735e-03,9.405150290422589765e-02
5.875402001668056982e+03,5.952493491443650031e-01,-2.054344296750117843e-02,9.101354211575976225e-03,9.463871756457419016e-02
5.875403669724770225e+03,5.937723229951415993e-01,-2.052315571748733122e-02,9.029753010211853670e-03,9.520584652482559640e-02
5.875405337781484377e+03,5.922982601084928467e-01,-2.049471532669499760e-02,8.952971985023117432e-03,9.575256784889110695e-02
5.875407005838198529e+03,5.908273345998837911e-01,-2.045808472511058754e-02,8.871008864983332895e-03,9.627857392700006622e-02
5.875408673894912681e+03,5.893597133802117582e-01,-2.041323329763562039e-02,8.783865555728504956e-03,9.678357161770195782e-02
5.875410341951625924e+03,5.878955563524524974e-01,-2.036013689448815112e-02,8.691548128091404132e-03,9.726728236514577131e-02
5.875412010008340076e+03,5.864350166223053495e-01,-2.029877783317016876e-02,8.594066800970460995e-03,9.772944229546805250e-02
5.875413678065054228e+03,5.849782407344878976e-01,-2.022914489264589916e-02,8.491435919468407964e-03,9.816980228838828593e-02
5.875415346121768380e+03,5.835253689174636493e-01,-2.015123329935723795e-02,8.383673927438054646e-03,9.858812802980816692e-02
5.875417014178481622e+03,5.820765353481626159e-01,-2.006504470576558896e-02,8.270803335394493611e-03,9.898420004163847874e-02
5.875418682235195774e+03,5.806318684258902074e-01,-1.997058716118920579e-02,8.152850683282737362e-03,9.935781369229211568e-02
5.875420350291909926e+03,5.791914910667153027e-01,-1.986787507591509724e-02,8.029846499238603788e-03,9.970877918488819935e-02
5.875422018348624078e+03,5.777555210012597087e-01,-1.975692917788533093e-02,7.901825253278704775e-03,1.000369215280747653e-01
5.875423686405338231e+03,5.763240710863620775e-01,-1.963777646290168835e-02,7.768825307006016999e-03,1.003420804867953542e-01
5.875425354462051473e+03,5.748972496252796605e-01,-1.951045013837458819e-02,7.630888859246703036e-03,1.006241105147932663e-01
5.875427022518765625e+03,5.734751606912351640e-01,-1.937498956054342289e-02,7.488061887344945634e-03,1.008828806701597969e-01
5.875428690575479777e+03,5.720579044645625055e-01,-1.923144016652020630e-02,7.340394085310343077e-03,1.011182745123000021e-01
5.875430358632193929e+03,5.706455775665335572e-01,-1.907985339974599404e-02,7.187938798010702277e-03,1.013301899840623466e-01
5.875432026688907172e+03,5.692382734010187351e-01,-1.892028663061150542e-02,7.030752952161587778e-03,1.015185392772637168e-01
5.875433694745621324e+03,5.678360824932923157e-01,-1.875280307146685171e-02,6.868896983473353306e-03,1.016832486837871280e-01
5.875435362802335476e+03,5.664390928370192091e-01,-1.857747168748697525e-02,6.702434761845650971e-03,1.018242584313163446e-01
5.875437030859049628e+03,5.650473902327848297e-01,-1.839436710195112637e-02,6.531433512953129308e-03,1.019415225063899089e-01
5.875438698915762870e+03,5.636610586291805891e-01,-1.820356949648013756e-02,6.355963738816623396e-03,1.020350084640408161e-01
5.875440366972477023e+03,5.622801804560256800e-01,-1.800516451388451539e-02,6.176099127605292650e-03,1.021046972244114143e-01
5.875442035029191175e+03,5.609048369608515827e-01,-1.779924314259868565e-02,5.991916478628204687e-03,1.021505828592534498e-01
5.875443703085905327e+03,5.595351085321359497e-01,-1.758590161239964936e-02,5.803495607278351398e-03,1.021726723657987307e-01
5.875445371142618569e+03,5.581710750204463833e-01,-1.736524127943782012e-02,5.610919256899581271e-03,1.021709854310068472e-01
5.875447039199332721e+03,5.568128160474605792e-01,-1.713736850871681872e-02,5.414273007078568463e-03,1.021455541859328658e-01
5.875448707256046873e+03,5.554604113137170396e-01,-1.690239455520805081e-02,5.213645180753468007e-03,1.020964229509521287e-01
5.875450375312761025e+03,5.541139408893477336e-01,-1.666043544082867686e-02,5.009126749279051161e-03,1.020236479724966616e-01
5.875452043369474268e+03,5.527734854987783608e-01,-1.641161182981094521e-02,4.800811236605840270e-03,1.019272971519441934e-01
5.875453711426188420e+03,5.514391267898266502e-01,-1.615604889573342764e-02,4.588794628037700177e-03,1.018074497676059870e-01
5.875455379482902572e+03,5.501109475981430519e-01,-1.589387618208096264e-02,4.373175285925161998e-03,1.016641961912994330e-01
5.875457047539616724e+03,5.487890321904312918e-01,-1.562522756226644369e-02,4.154053741272085813e-03,1.014976375848885559e-01
5.875458715596329967e+03,5.474734665014697743e-01,-1.535024095487633709e-02,3.931532776437094909e-03,1.013078856233146779e-01
5.875460383653044119e+03,5.461643383500923710e-01,-1.506905828792669613e-02,3.705717206366021792e-03,1.010950621793868520e-01
5.875462051709758271e+03,5.448617376494355735e-01,-1.478182532694481861e-02,3.476713823642625656e-03,1.008592990228227015e-01
5.875463719766472423e+03,5.435657565940552605e-01,-1.448869159902562223e-02,3.244631225977213929e-03,1.006007375013241861e-01
5.875465387823185665e+03,5.422764898376898346e-01,-1.418981017965629220e-02,3.009579805356115204e-03,1.003195282369867408e-01
5.875467055879899817e+03,5.409940346505217601e-01,-1.388533755128998175e-02,2.771671650636586999e-03,1.000158308092335135e-01
5.875468723936613969e+03,5.397184910658285872e-01,-1.357543360188975985e-02,2.531020289411504455e-03,9.968981341819861675e-02
5.875470391993328121e+03,5.384499620081337756e-01,-1.326026127252257283e-02,2.287740835858761892e-03,9.934165259122207381e-02
5.875472060050041364e+03,5.371885534042546428e-01,-1.293998661768621869e-02,2.041949661067988912e-03,9.897153283368660681e-02
5.875473728106755516e+03,5.359343742784572484e-01,-1.261477852290208979e-02,1.793764459030684766e-03,9.857964632342619549e-02
5.875475396163469668e+03,5.346875368355721303e-01,-1.228480864091845842e-02,1.543304064321231184e-03,9.816619257744943483e-02
5.875477064220183820e+03,5.334481565223383459e-01,-1.195025123528520999e-02,1.290688374660386604e-03,9.773137812874424513e-02
5.875478732276897063e+03,5.322163520767101419e-01,-1.161128304298737410e-02,1.036038255003941550e-03,9.727541620227399266e-02
5.875480400333611215e+03,5.309922455572758659e-01,-1.126808313648053686e-02,7.794754420668116102e-04,9.679852639020850025e-02
5.875482068390325367e+03,5.297759623638648163e-01,-1.092083278845544687e-02,5.211224512698143249e-04,9.630093433079256471e-02
5.875483736447039519e+03,5.285676312360965134e-01,-1.056971533557256315e-02,2.611024837217158757e-04,9.578287138630588171e-02
5.875485404503752761e+03,5.273673842409695167e-01,-1.021491604432760332e-02,-4.606645431924705150e-07,9.524457432450617045e-02
5.875487072560466913e+03,5.261753567418357980e-01,-9.856621976915568711e-03,-2.634426926914143897e-04,9.468628500071073206e-02
5.875488740617181065e+03,5.249916873596921496e-01,-9.495021860245225070e-03,-5.277188821108093559e-04,9.410825004561386431e-02
5.875490408673895217e+03,5.238165179141133221e-01,-9.130305954385149053e-03,-7.931641831746403431e-04,9.351072055334916366e-02
5.875492076730608460e+03,5.226499933547152921e-01,-8.762665923687663894e-03,-1.059653299407052997e-03,9.289395177488260491e-02
5.875493744787322612e+03,5.214922616760209184e-01,-8.392294708152640489e-03,-1.327060770488115498e-03,9.225820281338707740e-02
5.875495412844036764e+03,5.203434738262983084e-01,-8.019386398562073845e-03,-1.595261052012598817e-03,9.160373632728015247e-02
5.875497080900750916e+03,5.192037835983717153e-01,-7.644136111275050098e-03,-1.864128594581114431e-03,9.093081823461311719e-02
5.875498748957464159e+03,5.180733475130212540e-01,-7.266739866081721455e-03,-2.133537920008170361e-03,9.023971742452548128e-02
5.875500417014178311e+03,5.169523246887134382e-01,-6.887394430880466531e-03,-2.403363659916901880e-03,8.953070547659508494e-02
5.875502085070892463e+03,5.158408767049265098e-01,-6.506297335093672723e-03,-2.673480767822064390e-03,8.880405636676748371e-02
5.875503753127606615e+03,5.147391674549306462e-01,-6.123646574219724671e-03,-2.943764401017859300e-03,8.806004621839981505e-02
5.875505421184319857e+03,5.136473629897203574e-01,-5.739640573557932765e-03,-3.214090060308396474e-03,8.729895302723825190e-02
5.875507089241034009e+03,5.125656313509103779e-01,-5.354478106432592963e-03,-3.484333707220968902e-03,8.652105639547638671e-02
5.875508757297748161e+03,5.114941424036288931e-01,-4.968358147435373781e-03,-3.754371774672492224e-03,8.572663728815702044e-02
5.875510425354462313e+03,5.104330676560820956e-01,-4.581479771989769266e-03,-4.024081240234024179e-03,8.491597778558694631e-02
5.875512093411175556e+03,5.093825800768994050e-01,-4.194042050627823370e-03,-4.293339684197921592e-03,8.408936084719272064e-02
5.875513761467889708e+03,5.083428539038703509e-01,-3.806243944173992848e-03,-4.562025346187660937e-03,8.324707008056468627e-02
5.875515429524603860e+03,5.073140644539846367e-01,-3.418284195864660594e-03,-4.830017170485614159e-03,8.238938952411932470e-02
5.875517097581318012e+03,5.062963879232800224e-01,-3.030361261680897950e-03,-5.097194889360560227e-03,8.151660342834100847e-02
5.875518765638031255e+03,5.052900011889143173e-01,-2.642673128211666875e-03,-5.363438989392517453e-03,8.062899606392501251e-02
5.875520433694745407e+03,5.042950816007308878e-01,-2.255417410548904347e-03,-5.628630939934955307e-03,7.972685149908177726e-02
5.875522101751459559e+03,5.033118067841674259e-01,-1.868790997647999533e-03,-5.892652993406100395e-03,7.881045345013883152e-02
5.875523769808173711e+03,5.023403544291198397e-01,-1.482990135729079020e-03,-6.155388391622018153e-03,7.788008507932737967e-02
5.875525437864886953e+03,5.013809020855788390e-01,-1.098210273777350471e-03,-6.416721343202580301e-03,7.693602883634297063e-02
5.875527105921601105e+03,5.004336269535236692e-01,-7.146460610366991203e-04,-6.676537146731303940e-03,7.597856628588219030e-02
5.875528773978315257e+03,4.994987056831509675e-01,-3.324911009706693512e-04,-6.934722066148829404e-03,7.500797798340053113e-02
5.875530442035029409e+03,4.985763141637670204e-01,4.806189332009930959e-05,-7.191163601691756731e-03,7.402454330077123945e-02
5.875532110091743561e+03,4.976666273269482188e-01,4.268214803317406077e-04,-7.445750228122370064e-03,7.302854033711460302e-02
5.875533778148456804e+03,4.967698189413530807e-01,8.035972862855497072e-04,-7.698371702762106181e-03,7.202024576050222726e-02
5.875535446205170956e+03,4.958860614167592828e-01,1.178200290298293124e-03,-7.948918894541651819e-03,7.099993472249384319e-02
5.875537114261885108e+03,4.950155256106643087e-01,1.550442791851609639e-03,-8.197283915964879986e-03,6.996788074555825021e-02
5.875538782318599260e+03,4.941583806361574682e-01,1.920138514637970096e-03,-8.443360122943357332e-03,6.892435563282209299e-02
5.875540450375312503e+03,4.933147936764052388e-01,2.287102680326764167e-03,-8.687042139282624351e-03,6.786962938693533176e-02
5.875542118432026655e+03,4.924849298009765231e-01,2.651152082341587477e-03,-8.928225880707926429e-03,6.680397013495657788e-02
5.875543786488740807e+03,4.916689517917305907e-01,3.012105156562879145e-03,-9.166808576408634612e-03,6.572764406830307327e-02
5.875545454545454959e+03,4.908670199694280534e-01,3.369782053061607177e-03,-9.402688790870878527e-03,6.464091538615102106e-02
5.875547122602168201e+03,4.900792920287042609e-01,3.724004705774452278e-03,-9.635766443985551918e-03,6.354404625132899220e-02
5.875548790658882353e+03,4.893059228764354840e-01,4.074596902591318300e-03,-9.865942831116225262e-03,6.243729675150130887e-02
5.875550458715596505e+03,4.885470644805657292e-01,4.421384352922570933e-03,-1.009312064114276965e-02,6.132092487498910782e-02
5.875552126772310658e+03,4.878028657210805585e-01,4.764194756564961962e-03,-1.031720397529238206e-02,6.019518648903404018e-02
5.875553794829023900e+03,4.870734722501953717e-01,5.102857871031167905e-03,-1.053809836470742320e-02,5.906033532985587031e-02
5.875555462885738052e+03,4.863590263569450012e-01,5.437205579788314223e-03,-1.075571078824047108e-02,5.791662299694987776e-02
5.875557130942452204e+03,4.856596668427438090e-01,5.767071958241997386e-03,-1.096994968900725891e-02,5.676429896119696006e-02
5.875558798999166356e+03,4.849755289000256542e-01,6.092293341600219826e-03,-1.118072499180830688e-02,5.560361057414722752e-02
5.875560467055879599e+03,4.843067440004689139e-01,6.412708391449593696e-03,-1.138794811997930964e-02,5.443480308803768514e-02
5.875562135112593751e+03,4.836534397882349956e-01,6.728158163626883452e-03,-1.159153201255047269e-02,5.325811967877256553e-02
5.875563803169307903e+03,4.830157399849095423e-01,7.038486209872653158e-03,-1.179139111018366777e-02,5.207380148564891287e-02
5.875565471226022055e+03,4.823937642942282555e-01,7.343538493588548655e-03,-1.198744150663953213e-02,5.088208762850944533e-02
5.875567139282735297e+03,4.817876283241012136e-01,7.643163690279468694e-03,-1.217960076184227206e-02,4.968321528012561300e-02
5.875568807339449450e+03,4.811974435063425259e-01,7.937213115700171920e-03,-1.236778803872398344e-02,4.847741969701463427e-02
5.875570475396163602e+03,4.806233170297709023e-01,8.225540797024496684e-03,-1.255192412754996788e-02,4.726493427464419778e-02
5.875572143452877754e+03,4.800653517775698154e-01,8.508003568498477553e-03,-1.273193143517277123e-02,4.604599060796436133e-02
5.875573811509590996e+03,4.795236462729737248e-01,8.784461133191395765e-03,-1.290773401254468634e-02,4.482081855351777860e-02
5.875575479566305148e+03,4.789982946301181155e-01,9.054776132862752541e-03,-1.307925757557793986e-02,4.358964629255384499e-02
5.875577147623019300e+03,4.784893865146013225e-01,9.318814216727736369e-03,-1.324642952575211252e-02,4.235270040412254799e-02
5.875578815679733452e+03,4.779970071076170002e-01,9.576444112076991713e-03,-1.340917897241771309e-02,4.111020593437864773e-02
5.875580483736446695e+03,4.775212370782317417e-01,9.827537694346169875e-03,-1.356743675527965001e-02,3.986238647241062416e-02
5.875582151793160847e+03,4.770621525603579993e-01,1.007197006513809237e-02,-1.372113546399462113e-02,3.860946422422766033e-02
5.875583819849874999e+03,4.766198251367223526e-01,1.030961955413387497e-02,-1.387020952314506686e-02,3.735166008583288427e-02
5.875585487906589151e+03,4.761943218317552518e-01,1.054036799020312797e-02,-1.401459501843872225e-02,3.608919375552091524e-02
5.875587155963302394e+03,4.757857051013978378e-01,1.076410051558518086e-02,-1.415422999239870396e-02,3.482228376513309132e-02
5.875588824020016546e+03,4.753940328359833600e-01,1.098070581038013138e-02,-1.428905430506823004e-02,3.355114759082915288e-02
5.875590492076730698e+03,4.750193583656356355e-01,1.119007611330601060e-02,-1.441900971585810716e-02,3.227600172751456109e-02
5.875592160133444850e+03,4.746617304707548834e-01,1.139210735453179656e-02,-1.454403984438023580e-02,3.099706178258105141e-02
5.875593828190158092e+03,4.743211933938696334e-01,1.158669909983470886e-02,-1.466409033765041225e-02,2.971454252738417803e-02
5.875595496246872244e+03,4.739977868619656975e-01,1.177375482265505778e-02,-1.477910867832117614e-02,2.842865802607626516e-02
5.875597164303586396e+03,4.736915461043041953e-01,1.195318172781154736e-02,-1.488904448383234977e-02,2.713962165609880295e-02
5.875598832360300548e+03,4.734025018825458453e-01,1.212489104213814589e-02,-1.499384929391477106e-02,2.584764624230109775e-02
5.875600500417013791e+03,4.731306805165129692e-01,1.228879792141854624e-02,-1.509347677714955108e-02,2.455294409224985028e-02
5.875602168473727943e+03,4.728761039175164993e-01,1.244482160407806882e-02,-1.518788266883616157e-02,2.325572709166971730e-02
5.875603836530442095e+03,4.726387896234796049e-01,1.259288545484766458e-02,-1.527702482526099512e-02,2.195620677674594082e-02
5.875605504587156247e+03,4.724187508353034914e-01,1.273291703033410313e-02,-1.536086325498454454e-02,2.065459440291366258e-02
5.875607172643869490e+03,4.722159964562542833e-01,1.286484814218289037e-02,-1.543936015022812774e-02,1.935110101567442259e-02
5.875608840700583642e+03,4.720305311323227393e-01,1.298861491903306221e-02,-1.551247991852205445e-02,1.804593751478565308e-02
5.875610508757297794e+03,4.718623552953007394e-01,1.310415786598030999e-02,-1.558018921380506516e-02,1.673931472312592539e-02
5.875612176814011946e+03,4.717114652058807533e-01,1.321142192278882375e-02,-1.564245696774385977e-02,1.543144344588565607e-02
5.875613844870725188e+03,4.715778529984179235e-01,1.331035651954362402e-02,-1.569925442050209077e-02,1.412253453137945168e-02
5.875615512927439340e+03,4.714615067259228520e-01,1.340091563036869410e-02,-1.575055515128432823e-02,1.281279892487517669e-02
5.875617180984153492e+03,4.713624104062417719e-01,1.348305782407421827e-02,-1.579633510810799293e-02,1.150244772680434485e-02
5.875618849040867644e+03,4.712805440677747537e-01,1.355674631278202570e-02,-1.583657263725126926e-02,1.019169224106578238e-02
5.875620517097580887e+03,4.712158837956145208e-01,1.362194899742117694e-02,-1.587124851184668409e-02,8.880744024812325249e-03
5.875622185154295039e+03,4.711684017773336008e-01,1.367863851050581461e-02,-1.590034595981293375e-02,7.569814931173104999e-03
5.875623853211009191e+03,4.711380663486992026e-01,1.372679225551236108e-02,-1.592385069069134074e-02,6.259117156357442424e-03
5.875625521267723343e+03,4.711248420385503177e-01,1.376639244337519476e-02,-1.594175092172036429e-02,4.948863276882565013e-03
5.875627189324436586e+03,4.711286896132033664e-01,1.379742612544393628e-02,-1.595403740273158844e-02,3.639266288408554793e-03
5.875628857381150738e+03,4.711495661200181817e-01,1.381988522310080569e-02,-1.596070343995008300e-02,2.330539637659767831e-03
5.875630525437864890e+03,4.711874249300212480e-01,1.383376655363691837e-02,-1.596174491849807614e-02,1.022897258935576148e-03
5.875632193494579042e+03,4.712422157795368993e-01,1.383907185262847270e-02,-1.595716032366713277e-02,-2.834463990153351194e-04
5.875633861551293194e+03,4.713138848107292223e-01,1.383580779314830082e-02,-1.594695076004491729e-02,-1.588276347616931561e-03
5.875635529608006436e+03,4.714023746108029767e-01,1.382398599405666555e-02,-1.593111997532423163e-02,-2.891377021935642201e-03
5.875637197664720588e+03,4.715076242507659221e-01,1.380362304998653325e-02,-1.590967436251137374e-02,-4.192532277263823562e-03
5.875638865721434740e+03,4.716295693215924456e-01,1.377474051242962537e-02,-1.588262299431537905e-02,-5.491525352472911674e-03
5.875640533778148892e+03,4.717681419704679580e-01,1.373736490869931735e-02,-1.584997762514483294e-02,-6.788138857866407236e-03
5.875642201834862135e+03,4.719232709351445787e-01,1.369152773694305020e-02,-1.581175270598325633e-02,-8.082154756757194483e-03
5.875643869891576287e+03,4.720948815773503005e-01,1.363726544750121401e-02,-1.576796540503112506e-02,-9.373354351752237121e-03
5.875645537948290439e+03,4.722828959156685213e-01,1.357461948555293424e-02,-1.571863557625471572e-02,-1.066151827421996622e-02
5.875647206005004591e+03,4.724872326558222091e-01,1.350363621776746841e-02,-1.566378580773604770e-02,-1.194642647452881859e-02
5.875648874061717834e+03,4.727078072203604320e-01,1.342436689953598571e-02,-1.560344145839890652e-02,-1.322785818164270988e-02
5.875650542118431986e+03,4.729445317804425453e-01,1.333686773699204950e-02,-1.553763056720816604e-02,-1.450559195094990386e-02
5.875652210175146138e+03,4.731973152824121009e-01,1.324119979932975380e-02,-1.546638392226817177e-02,-1.577940561651744455e-02
5.875653878231860290e+03,4.734660634769038978e-01,1.313742901143501174e-02,-1.538973503621839101e-02,-1.704907630082204070e-02
5.875655546288573532e+03,4.737506789455717127e-01,1.302562609040660256e-02,-1.530772017705368110e-02,-1.831438039752848398e-02
5.875657214345287684e+03,4.740510611306151256e-01,1.290586657530807743e-02,-1.522037829059571037e-02,-1.957509359816355862e-02
5.875658882402001836e+03,4.743671063588589254e-01,1.277823068068592756e-02,-1.512775111000965941e-02,-2.083099084780603086e-02
5.875660550458715988e+03,4.746987078716414232e-01,1.264280333636720599e-02,-1.502988305642094513e-02,-2.208184637986361498e-02
5.875662218515429231e+03,4.750457558521716250e-01,1.249967413728490274e-02,-1.492682122985515385e-02,-2.332743371498586377e-02
5.875663886572143383e+03,4.754081374536801574e-01,1.234893725382730546e-02,-1.481861543990382023e-02,-2.456752565384546019e-02
5.875665554628857535e+03,4.757857368275693610e-01,1.219069139101726200e-02,-1.470531817669420288e-02,-2.580189428360942644e-02
5.875667222685571687e+03,4.761784351539990467e-01,1.202503972927244404e-02,-1.458698459590845528e-02,-2.703031098705755558e-02
5.875668890742284930e+03,4.765861106725771679e-01,1.185208986204705321e-02,-1.446367250255315914e-02,-2.825254644934428391e-02
5.875670558798999082e+03,4.770086387156476371e-01,1.167195372966602779e-02,-1.433544233259674561e-02,-2.946837067048162923e-02
5.875672226855713234e+03,4.774458917410289716e-01,1.148474755094725658e-02,-1.420235713357696598e-02,-3.067755297301242787e-02
5.875673894912427386e+03,4.778977393687682818e-01,1.129059175082870389e-02,-1.406448254283584540e-02,-3.187986201829583199e-02
5.875675562969140628e+03,4.783640484186352793e-01,1.108961088558437814e-02,-1.392188676449031444e-02,-3.307506582089141112e-02
5.875677231025854780e+03,4.788446829514262926e-01,1.088193356454999865e-02,-1.377464054427206437e-02,-3.426293176908741522e-02
5.875678899082568932e+03,4.793395043101787434e-01,1.066769237009701325e-02,-1.362281714351031188e-02,-3.544322664128092548e-02
5.875680567139283085e+03,4.798483711666839957e-01,1.044702377391764671e-02,-1.346649231063001134e-02,-3.661571663142851318e-02
5.875682235195996327e+03,4.803711395693565089e-01,1.022006805123358390e-02,-1.330574425160661531e-02,-3.778016737328012548e-02
5.875683903252710479e+03,4.809076629959311844e-01,9.986969191815964209e-03,-1.314065359820902786e-02,-3.893634397133505926e-02
5.875685571309424631e+03,4.814577924065165382e-01,9.747874809834005533e-03,-1.297130337544419136e-02,-4.008401102850877445e-02
5.875687239366138783e+03,4.820213763030825049e-01,9.502936050032769616e-03,-1.279777896659807512e-02,-4.122293268342062250e-02
5.875688907422852026e+03,4.825982607907046695e-01,9.252307492313704973e-03,-1.262016807720042592e-02,-4.235287264730167728e-02
5.875690575479566178e+03,4.831882896445424680e-01,8.996147053450065031e-03,-1.243856069665169595e-02,-4.347359424831757219e-02
5.875692243536280330e+03,4.837913043774109689e-01,8.734615887721218844e-03,-1.225304905943450963e-02,-4.458486047349854986e-02
5.875693911592994482e+03,4.844071443146251710e-01,8.467878284379008053e-03,-1.206372760345931355e-02,-4.568643402095420164e-02
5.875695579649707724e+03,4.850356466708277692e-01,8.196101563642026189e-03,-1.187069292755272600e-02,-4.677807735257213939e-02
5.875697247706421877e+03,4.856766466333654608e-01,7.919455982542291175e-03,-1.167404373061373471e-02,-4.785955275744898513e-02
5.875698915763136029e+03,4.863299774449929003e-01,7.638114574028697507e-03,-1.147388083385622246e-02,-4.893062239996540802e-02
5.875700583819850181e+03,4.869954704969219894e-01,7.352253119610571881e-03,-1.127030702741772458e-02,-4.999104840762281371e-02
5.875702251876563423e+03,4.876729554211932105e-01,7.062049980730865373e-03,-1.106342709291800210e-02,-5.104059293050995649e-02
5.875703919933277575e+03,4.883622601907820493e-01,6.767685998720849791e-03,-1.085334773360108196e-02,-5.207901822455306834e-02
5.875705587989991727e+03,4.890632112195255621e-01,6.469344363798808055e-03,-1.064017753729126423e-02,-5.310608672938552099e-02
5.875707256046705879e+03,4.897756334712440318e-01,6.167210565289498597e-03,-1.042402685842828275e-02,-5.412156116691459878e-02
5.875708924103419122e+03,4.904993505674835608e-01,5.861472167330035628e-03,-1.020500785591679609e-02,-5.512520462320493614e-02
5.875710592160133274e+03,4.912341849045882558e-01,5.552318767179796784e-03,-9.983234361934188034e-03,-5.611678065914365438e-02
5.875712260216847426e+03,4.919799577679440650e-01,5.239941813834366781e-03,-9.758821893051362883e-03,-5.709605340301930620e-02
5.875713928273561578e+03,4.927364894552174746e-01,4.924534501965510333e-03,-9.531887542017201259e-03,-5.806278767236597999e-02
5.875715596330274821e+03,4.935035994023211359e-01,4.606291797329640884e-03,-9.302549789121171420e-03,-5.901674910394572038e-02
5.875717264386988973e+03,4.942811063076519296e-01,4.285410025158314581e-03,-9.070928701814685163e-03,-5.995770424708128654e-02
5.875718932443703125e+03,4.950688282627606074e-01,3.962086925552151494e-03,-8.837145692339693631e-03,-6.088542071168989711e-02
5.875720600500417277e+03,4.958665828862454106e-01,3.636521506236595376e-03,-8.601323461980467031e-03,-6.179966730420616283e-02
5.875722268557130519e+03,4.966741874562606296e-01,3.308913838543728510e-03,-8.363586001538305184e-03,-6.270021415937787612e-02
5.875723936613844671e+03,4.974914590509711410e-01,2.979465058182384843e-03,-8.124058377865851430e-03,-6.358683290723496362e-02
5.875725604670558823e+03,4.983182146805329449e-01,2.648377040763233003e-03,-7.882866855036869957e-03,-6.445929679955295089e-02
5.875727272727272975e+03,4.991542714303317529e-01,2.315852424129145621e-03,-7.640138653213990154e-03,-6.531738089160368799e-02
5.875728940783986218e+03,4.999994465995244441e-01,1.982094465249330164e-03,-7.396001873885891739e-03,-6.616086220606096080e-02
5.875730608840700370e+03,5.008535578401416277e-01,1.647306747090735270e-03,-7.150585570577688496e-03,-6.698951988754819897e-02
5.875732276897414522e+03,5.017164232960392711e-01,1.311693174739040789e-03,-6.904019530289607319e-03,-6.780313539325032168e-02
5.875733944954128674e+03,5.025878617429890838e-01,9.754577937144746740e-04,-6.656434225606008837e-03,-6.860149267250732763e-02
5.875735613010841917e+03,5.034676927254970735e-01,6.388046457065363944e-04,-6.407960728302377479e-03,-6.938437835352193050e-02
5.875737281067556069e+03,5.043557366948132614e-01,3.019376219463427405e-04,-6.158730620278187601e-03,-7.015158193778754658e-02
5.875738949124270221e+03,5.052518151401189650e-01,-3.493968279158507040e-05,-5.908875904031391478e-03,-7.090289599516719221e-02
5.875740617180984373e+03,5.061557507219063279e-01,-3.716241191396940191e-04,-5.658528909988551001e-03,-7.163811636798238236e-02
5.875742285237698525e+03,5.070673673998274955e-01,-7.079131322424743597e-04,-5.407822202764203494e-03,-7.235704237739501443e-02
5.875743953294411767e+03,5.079864905570014022e-01,-1.043604911897838983e-03,-5.156888485840808653e-03,-7.305947703406147353e-02
5.875745621351125919e+03,5.089129471226613299e-01,-1.378498544451825774e-03,-4.905860503855041625e-03,-7.374522725459591033e-02
5.875747289407840071e+03,5.098465656852142480e-01,-1.712394163699311597e-03,-4.654870944756198808e-03,-7.441410407786679115e-02
5.875748957464554223e+03,5.107871766051814699e-01,-2.045093104347323748e-03,-4.404052339151741727e-03,-7.506592288846246352e-02
5.875750625521267466e+03,5.117346121194986663e-01,-2.376398054937859869e-03,-4.153536959036034822e-03,-7.570050364086394756e-02
5.875752293577981618e+03,5.126887064428049534e-01,-2.706113212385805131e-03,-3.903456714447622183e-03,-7.631767108839825065e-02
5.875753961634695770e+03,5.136492958570021417e-01,-3.034044435057788036e-03,-3.653943050269497540e-03,-7.691725501105327323e-02
5.875755629691409922e+03,5.146162187988683190e-01,-3.359999397901529232e-03,-3.405126840556558458e-03,-7.749909044870463559e-02
5.875757297748123165e+03,5.155893159371388590e-01,-3.683787746592391207e-03,-3.157138282688913816e-03,-7.806301793385819754e-02
5.875758965804837317e+03,5.165684302447729470e-01,-4.005221252707496203e-03,-2.910106789820106430e-03,-7.860888372743365937e-02
5.875760633861551469e+03,5.175534070575924517e-01,-4.324113966942301490e-03,-2.664160883913078200e-03,-7.913654005228658306e-02
5.875762301918265621e+03,5.185440941295060835e-01,-4.640282373753646002e-03,-2.419428086773661116e-03,-7.964584533015668655e-02
5.875763969974978863e+03,5.195403416754251769e-01,-4.953545544438390374e-03,-2.176034811380404138e-03,-8.013666441674162366e-02
5.875765638031693015e+03,5.205420024080901209e-01,-5.263725290575782534e-03,-1.934106252033075939e-03,-8.060886883795630176e-02
5.875767306088407167e+03,5.215489315595432940e-01,-5.570646320342936483e-03,-1.693766281713870742e-03,-8.106233702190651647e-02
5.875768974145121319e+03,5.225609868985575668e-01,-5.874136368680081544e-03,-1.455137317789597599e-03,-8.149695453548624902e-02
5.875770642201834562e+03,5.235780287337653549e-01,-6.174026378088860560e-03,-1.218340248033063537e-03,-8.191261431113390501e-02
5.875772310258548714e+03,5.245999199104869337e-01,-6.470150627235754688e-03,-9.834942978741022419e-04,-8.230921687902877093e-02
5.875773978315262866e+03,5.256265257909642497e-01,-6.762346886732245599e-03,-7.507169335845114691e-04,-8.268667059060587354e-02
5.875775646371977018e+03,5.266577142295799652e-01,-7.050456575466298829e-03,-5.201237657359339102e-04,-8.304489184110783184e-02
5.875777314428690261e+03,5.276933555351767113e-01,-7.334324805532641163e-03,-2.918283280438571051e-04,-8.338380530003271229e-02
5.875778982485404413e+03,5.287333224229840978e-01,-7.613800689834544083e-03,-6.594216471032182463e-05,-8.370334410709015516e-02
5.875780650542118565e+03,5.297774899533179704e-01,-7.888737376005207705e-03,1.574253984533077473e-04,-8.400345009403402396e-02
5.875782318598832717e+03,5.308257354638616921e-01,-8.158992199445788338e-03,3.781673371289144656e-04,-8.428407398876210099e-02
5.875783986655545959e+03,5.318779384882827976e-01,-8.424426804109309136e-03,5.961790462485080195e-04,-8.454517561618253574e-02
5.875785654712260111e+03,5.329339806673717428e-01,-8.684907319397831491e-03,8.113583855600341828e-04,-8.478672408714149622e-02
5.875787322768974263e+03,5.339937456456712583e-01,-8.940304404032428653e-03,1.023605884148065439e-03,-8.500869799436620855e-02
5.875788990825688415e+03,5.350571189623191115e-01,-9.190493429912400050e-03,1.232824755149636168e-03,-8.521108558615396456e-02
5.875790658882401658e+03,5.361239879292859500e-01,-9.435354646485172650e-03,1.438920945756850438e-03,-8.539388493377692013e-02
5.875792326939115810e+03,5.371942415057719966e-01,-9.674773141396246501e-03,1.641803415736710955e-03,-8.555710411439926277e-02
5.875793994995829962e+03,5.382677701546942917e-01,-9.908639133560805112e-03,1.841384009036511503e-03,-8.570076134584370120e-02
5.875795663052544114e+03,5.393444656996621012e-01,-1.013684796688594028e-02,2.037577679422589421e-03,-8.582488514735341079e-02
5.875797331109257357e+03,5.404242211692446007e-01,-1.035930024149219267e-02,2.230302541381777061e-03,-8.592951447401707410e-02
5.875798999165971509e+03,5.415069306377964242e-01,-1.057590191154698066e-02,2.419479953760024938e-03,-8.601469884498957885e-02
5.875800667222685661e+03,5.425924890539286505e-01,-1.078656437682800825e-02,2.605034599217847645e-03,-8.608049846086188173e-02
5.875802335279399813e+03,5.436807920688030427e-01,-1.099120457029006265e-02,2.786894561338580916e-03,-8.612698431070710259e-02
5.875804003336113055e+03,5.447717358556586342e-01,-1.118974503930707416e-02,2.964991397817188633e-03,-8.615423826757927228e-02
5.875805671392827207e+03,5.458652169284325950e-01,-1.138211402190651353e-02,3.139260210516099398e-03,-8.616235317237946889e-02
5.875807339449541359e+03,5.469611319506572089e-01,-1.156824551614668746e-02,3.309639710528969932e-03,-8.615143290537739806e-02
5.875809007506255512e+03,5.480593775474127405e-01,-1.174807934431276561e-02,3.476072280456373158e-03,-8.612159244530696867e-02
5.875810675562968754e+03,5.491598501115312336e-01,-1.192156121013027148e-02,3.638504031983355938e-03,-8.607295791533280116e-02
5.875812343619682906e+03,5.502624456122851004e-01,-1.208864275007928181e-02,3.796884859643679961e-03,-8.600566661543984637e-02
5.875814011676397058e+03,5.513670593976403023e-01,-1.224928157719275962e-02,3.951168489006720227e-03,-8.591986704118907692e-02
5.875815679733111210e+03,5.524735860031335655e-01,-1.240344131855908479e-02,4.101312521710471885e-03,-8.581571888803617154e-02
5.875817347789824453e+03,5.535819189586750344e-01,-1.255109164555247118e-02,4.247278474667348994e-03,-8.569339304115024258e-02
5.875819015846538605e+03,5.546919506013445744e-01,-1.269220829707590724e-02,4.389031815210209068e-03,-8.555307154989429119e-02
5.875820683903252757e+03,5.558035718856551011e-01,-1.282677309466468719e-02,4.526541990368225174e-03,-8.539494758766479066e-02
5.875822351959966909e+03,5.569166722041307693e-01,-1.295477395083324129e-02,4.659782451785578899e-03,-8.521922539545284669e-02
5.875824020016680151e+03,5.580311392095876899e-01,-1.307620486918557173e-02,4.788730675019245951e-03,-8.502612020985327035e-02
5.875825688073394304e+03,5.591468586474036551e-01,-1.319106593715057424e-02,4.913368173849116949e-03,-8.481585817432120422e-02
5.875827356130108456e+03,5.602637141888022754e-01,-1.329936331006238009e-02,5.033680508468773608e-03,-8.458867623501194200e-02
5.875829024186822608e+03,5.613815872783950445e-01,-1.340110919057786038e-02,5.149657285251878734e-03,-8.434482201865128870e-02
5.875830692243535850e+03,5.625003569872388809e-01,-1.349632178509639104e-02,5.261292169509762875e-03,-8.408455369563430648e-02
5.875832360300250002e+03,5.636198998792336656e-01,-1.358502528226012730e-02,5.368582853447903709e-03,-8.380813982236699766e-02
5.875834028356964154e+03,5.647400898824579407e-01,-1.366724979168509359e-02,5.471531058468051545e-03,-8.351585917095065426e-02
5.875835696413678306e+03,5.658607981780761076e-01,-1.374303129069770306e-02,5.570142511457537061e-03,-8.320800053867348500e-02
5.875837364470391549e+03,5.669818930980441429e-01,-1.381241155914307919e-02,5.664426919145540244e-03,-8.288486254149525501e-02
5.875839032527105701e+03,5.681032400396013315e-01,-1.387543810599246343e-02,5.754397936950954827e-03,-8.254675338922896899e-02
5.875840700583819853e+03,5.692247013874525141e-01,-1.393216409004477581e-02,5.840073128295722449e-03,-8.219399064496790697e-02
5.875842368640534005e+03,5.703461364566992930e-01,-1.398264821756609738e-02,5.921473935013089537e-03,-8.182690096728237328e-02
5.875844036697248157e+03,5.714674014475470409e-01,-1.402695466269029967e-02,5.998625607521203967e-03,-8.144581983288404214e-02
5.875845704753961400e+03,5.725883494158264808e-01,-1.406515294718031599e-02,6.071557164437584204e-03,-8.105109124603308846e-02
5.875847372810675552e+03,5.737088302625622527e-01,-1.409731782875922948e-02,6.140301328438620837e-03,-8.064306742843492526e-02
5.875849040867389704e+03,5.748286907340217633e-01,-1.412352916164346522e-02,6.204894485895740171e-03,-8.022210849645980413e-02
5.875850708924103856e+03,5.759477744441884317e-01,-1.414387182857948511e-02,6.265376512296224124e-03,-7.978858211479199214e-02
5.875852376980817098e+03,5.770659219116011096e-01,-1.415843550877882162e-02,6.321790845772999254e-03,-7.934286314646586680e-02
5.875854045037531250e+03,5.781829706162145976e-01,-1.416731459140873131e-02,6.374184306444363561e-03,-7.888533327575003584e-02
5.875855713094245402e+03,5.792987550679097319e-01,-1.417060800689214084e-02,6.422607031385667818e-03,-7.841638062389898189e-02
5.875857381150959554e+03,5.804131068985325381e-01,-1.416841906560066880e-02,6.467112381051479120e-03,-7.793639934730559049e-02
5.875859049207672797e+03,5.815258549675182964e-01,-1.416085528903477872e-02,6.507756841134236872e-03,-7.744578922353501094e-02
5.875860717264386949e+03,5.826368254885001541e-01,-1.414802823507422223e-02,6.544599918469789709e-03,-7.694495522282175648e-02
5.875862385321101101e+03,5.837458421668247910e-01,-1.413005331604735328e-02,6.577704033078377900e-03,-7.643430706998152746e-02
5.875864053377815253e+03,5.848527263598879422e-01,-1.410704961099229493e-02,6.607134405348670178e-03,-7.591425879214389050e-02
5.875865721434528496e+03,5.859572972502418153e-01,-1.407913967207182794e-02,6.632958938839161357e-03,-7.538522825736374000e-02
5.875867389491242648e+03,5.870593720382456526e-01,-1.404644932543973671e-02,6.655248099074661562e-03,-7.484763670164358562e-02
5.875869057547956800e+03,5.881587661441149972e-01,-1.400910746716147945e-02,6.674074788322655744e-03,-7.430190824981686148e-02
5.875870725604670952e+03,5.892552934308398216e-01,-1.396724585434979023e-02,6.689514216776899953e-03,-7.374846942552132356e-02
5.875872393661384194e+03,5.903487664376237953e-01,-1.392099889204564782e-02,6.701643770398324311e-03,-7.318774865573912658e-02
5.875874061718098346e+03,5.914389966303870150e-01,-1.387050341615140431e-02,6.710542875623669822e-03,-7.262017576750671999e-02
5.875875729774812498e+03,5.925257946588508018e-01,-1.381589847318551688e-02,6.716292861207305565e-03,-7.204618148257312116e-02
5.875877397831526650e+03,5.936089706314169323e-01,-1.375732509686479130e-02,6.718976817586997871e-03,-7.146619690506543499e-02
5.875879065888239893e+03,5.946883343972424463e-01,-1.369492608236374219e-02,6.718679453997668423e-03,-7.088065300812169955e-02
5.875880733944954045e+03,5.957636958417407147e-01,-1.362884575839966306e-02,6.715486953670633460e-03,-7.028998011690366921e-02
5.875882402001668197e+03,5.968348651849785247e-01,-1.355922975817894574e-02,6.709486827443295054e-03,-6.969460739420646478e-02
5.875884070058382349e+03,5.979016532937074802e-01,-1.348622478903253527e-02,6.700767766105055097e-03,-6.909496232349354727e-02
5.875885738115095592e+03,5.989638719964978097e-01,-1.340997840180235129e-02,6.689419491814082783e-03,-6.849147019561521721e-02
5.875887406171809744e+03,6.000213344077891531e-01,-1.333063876004655750e-02,6.675532608887552871e-03,-6.788455359654518850e-02
5.875889074228523896e+03,6.010738552504664156e-01,-1.324835441024838946e-02,6.659198454403846001e-03,-6.727463190256142977e-02
5.875890742285238048e+03,6.021212511872646722e-01,-1.316327405272590782e-02,6.640508948828212007e-03,-6.666212077750105491e-02
5.875892410341951290e+03,6.031633411505802345e-01,-1.307554631442922437e-02,6.619556447119269091e-03,-6.604743167855173236e-02
5.875894078398665442e+03,6.041999466762951743e-01,-1.298531952361719338e-02,6.596433590541363710e-03,-6.543097136775147260e-02
5.875895746455379594e+03,6.052308922313092143e-01,-1.289274148769387583e-02,6.571233159716166616e-03,-6.481314143573344011e-02
5.875897414512093746e+03,6.062560055448499297e-01,-1.279795927375277850e-02,6.544047929012927235e-03,-6.419433783215434952e-02
5.875899082568806989e+03,6.072751179333448768e-01,-1.270111899311191818e-02,6.514970522803900134e-03,-6.357495040929396490e-02
5.875900750625521141e+03,6.082880646242136979e-01,-1.260236558970070052e-02,6.484093273755701069e-03,-6.295536247583082001e-02
5.875902418682235293e+03,6.092946850686513649e-01,-1.250184263367046592e-02,6.451508083697163679e-03,-6.233595036733806383e-02
5.875904086738949445e+03,6.102948232532324768e-01,-1.239969211957774216e-02,6.417306287111549171e-03,-6.171708302766323179e-02
5.875905754795662688e+03,6.112883280003124087e-01,-1.229605427047630525e-02,6.381578517769388725e-03,-6.109912160763219385e-02
5.875907422852376840e+03,6.122750532627487807e-01,-1.219106734768025078e-02,6.344414578603424330e-03,-6.048241907793239225e-02
5.875909090909090992e+03,6.132548584031205507e-01,-1.208486746766803017e-02,6.305903315165523743e-03,-5.986731986242165016e-02
5.875910758965805144e+03,6.142276084673622405e-01,-1.197758841538429549e-02,6.266132509552439951e-03,-5.925415948631820862e-02
5.875912427022518386e+03,6.151931744429179894e-01,-1.186936151424934638e-02,6.225188694381240430e-03,-5.864326424346042593e-02
5.875914095079232538e+03,6.161514335074064208e-01,-1.176031540275588108e-02,6.183157143573161062e-03,-5.803495088415055320e-02
5.875915763135946690e+03,6.171022692578210789e-01,-1.165057592241001277e-02,6.140121691244577323e-03,-5.742952632305450139e-02
5.875917431192660842e+03,6.180455719306122697e-01,-1.154026596065786323e-02,6.096164645487620222e-03,-5.682728736603806508e-02
5.875919099249374085e+03,6.189812386030743019e-01,-1.142950531329300565e-02,6.051366688842675472e-03,-5.622852045971334090e-02
5.875920767306088237e+03,6.199091733818060668e-01,-1.131841055492649288e-02,6.005806784126700888e-03,-5.563350146058478746e-02
5.875922435362802389e+03,6.208292875694043644e-01,-1.120709491929050214e-02,5.959562085228607003e-03,-5.504249542930605976e-02
5.875924103419516541e+03,6.217414998190368136e-01,-1.109566818751190308e-02,5.912707853797485522e-03,-5.445575644391415643e-02
5.875925771476229784e+03,6.226457362683472940e-01,-1.098423658610449272e-02,5.865317381356417031e-03,-5.387352743739914213e-02
5.875927439532943936e+03,6.235419306582397070e-01,-1.087290269385802338e-02,5.817461916948278924e-03,-5.329604005593897853e-02
5.875929107589658088e+03,6.244300244284350931e-01,-1.076176535856850254e-02,5.769210601019559952e-03,-5.272351454297274920e-02
5.875930775646372240e+03,6.253099667993616828e-01,-1.065091962261749403e-02,5.720630404773771778e-03,-5.215615964275881894e-02
5.875932443703085482e+03,6.261817148323580717e-01,-1.054045665840127287e-02,5.671786075458935816e-03,-5.159417252842287555e-02
5.875934111759799634e+03,6.270452334739108347e-01,-1.043046371272220163e-02,5.622740087558363541e-03,-5.103773875065770183e-02
5.875935779816513786e+03,6.279004955763439755e-01,-1.032102406115278752e-02,5.573552600174699716e-03,-5.048703221175046552e-02
5.875937447873227939e+03,6.287474819044417407e-01,-1.021221697112999031e-02,5.524281420017091229e-03,-4.994221515857204252e-02
5.875939115929941181e+03,6.295861811206321379e-01,-1.010411767474918461e-02,5.474981970211802683e-03,-4.940343819908640799e-02
5.875940783986655333e+03,6.304165897544902197e-01,-9.996797350022847486e-03,5.425707265267992567e-03,-4.887084033840812664e-02
5.875942452043369485e+03,6.312387121494626996e-01,-9.890323112062884489e-03,5.376507891405984604e-03,-4.834454903864046638e-02
5.875944120100083637e+03,6.320525603963733641e-01,-9.784758012102167529e-03,5.327431992921577951e-03,-4.782468029615485894e-02
5.875945788156796880e+03,6.328581542467301979e-01,-9.680161045741503961e-03,5.278525263797816114e-03,-4.731133874042178084e-02
5.875947456213511032e+03,6.336555210116591175e-01,-9.576587169058899812e-03,5.229830944915636604e-03,-4.680461775036463823e-02
5.875949124270225184e+03,6.344446954399942662e-01,-9.474087323536392949e-03,5.181389826692273451e-03,-4.630459959207314236e-02
5.875950792326939336e+03,6.352257195847711424e-01,-9.372708468245784588e-03,5.133240256734969073e-03,-4.581135557156464089e-02
5.875952460383653488e+03,6.359986426522057368e-01,-9.272493619969394973e-03,5.085418152614387677e-03,-4.532494620611415143e-02
5.875954128440366731e+03,6.367635208359739840e-01,-9.173481900634617922e-03,5.037957019516299192e-03,-4.484542141191336095e-02
5.875955796497080883e+03,6.375204171395556507e-01,-9.075708591494268535e-03,4.990887972464199719e-03,-4.437282070601894501e-02
5.875957464553795035e+03,6.382694011811241852e-01,-8.979205194554983754e-03,4.944239763304690734e-03,-4.390717342566231168e-02
5.875959132610509187e+03,6.390105489900074209e-01,-8.883999499831271920e-03,4.898038811750515288e-03,-4.344849895883819146e-02
5.875960800667222429e+03,6.397439427889359820e-01,-8.790115658951548963e-03,4.852309240690709513e-03,-4.299680698950131968e-02
5.875962468723936581e+03,6.404696707676799106e-01,-8.697574264135223693e-03,4.807072915257543273e-03,-4.255209775343189033e-02
5.875964136780650733e+03,6.411878268425341698e-01,-8.606392433001095951e-03,4.762349485837229744e-03,-4.211436230780912782e-02
5.875965804837364885e+03,6.418985104105013884e-01,-8.516583897831256703e-03,4.718156434299968643e-03,-4.168358280869172844e-02
5.875967472894078128e+03,6.426018260925431269e-01,-8.428159099723525616e-03,4.674509123638662111e-03,-4.125973279939840893e-02
5.875969140950792280e+03,6.432978834715653571e-01,-8.341125286684366799e-03,4.631420850487470188e-03,-4.084277750604798501e-02
5.875970809007506432e+03,6.439867968197507953e-01,-8.255486616047188336e-03,4.588902900700915499e-03,-4.043267414302857687e-02
5.875972477064220584e+03,6.446686848238046830e-01,-8.171244267322765736e-03,4.546964594903762230e-03,-4.002937222272665713e-02
5.875974145120933827e+03,6.453436703028749832e-01,-8.088396522125519336e-03,4.505613396952950871e-03,-3.963281387324369548e-02
5.875975813177647979e+03,6.460118799243877996e-01,-8.006938912481746315e-03,4.464854915247925063e-03,-3.924293415830013010e-02
5.875977481234362131e+03,6.466734439128581924e-01,-7.926864327546424491e-03,4.424692977903423204e-03,-3.885966140458027573e-02
5.875979149291076283e+03,6.473284957598149925e-01,-7.848163107716018411e-03,4.385129737062533166e-03,-3.848291752996996912e-02
5.875980817347789525e+03,6.479771719297281463e-01,-7.770823179972640576e-03,4.346165705573097268e-03,-3.811261837509630213e-02
5.875982485404503677e+03,6.486196115671185591e-01,-7.694830172605604014e-03,4.307799832736622023e-03,-3.774867403548333444e-02
5.875984153461217829e+03,6.492559561999063922e-01,-7.620167535417977055e-03,4.270029574214656565e-03,-3.739098919647333708e-02
5.875985821517931981e+03,6.498863494468507529e-01,-7.546816660208995574e-03,4.232850962524040313e-03,-3.703946346616295709e-02
5.875987489574645224e+03,6.505109367241256324e-01,-7.474757001880215010e-03,4.196258678275345197e-03,-3.669399170883871214e-02
5.875989157631359376e+03,6.511298649559191798e-01,-7.403966199372969195e-03,4.160246121720483775e-03,-3.635446437586110913e-02
5.875990825688073528e+03,6.517432822842418316e-01,-7.334420196777411555e-03,4.124805484720803911e-03,-3.602076783634273333e-02
5.875992493744787680e+03,6.523513377854243123e-01,-7.266093363532647072e-03,4.089927822594463178e-03,-3.569278470319534047e-02
5.875994161801500923e+03,6.529541811884429503e-01,-7.198958614087121524e-03,4.055603125955143523e-03,-3.537039415694803735e-02
5.875995829858215075e+03,6.535519625996968340e-01,-7.132987526333536138e-03,4.021820392103961882e-03,-3.505347226455862025e-02
5.875997497914929227e+03,6.541448322294821649e-01,-7.068150459099540976e-03,3.988567696215850750e-03,-3.474189229547831187e-02
5.875999165971643379e+03,6.547329401273016547e-01,-7.004416667789205297e-03,3.955832261704040655e-03,-3.443552503095304029e-02
5.876000834028356621e+03,6.553164359211853807e-01,-6.941754418512718905e-03,3.923600529952530822e-03,-3.413423906886265541e-02
5.876002502085070773e+03,6.558954685653932692e-01,-6.880131100087950348e-03,3.891858229056768988e-03,-3.383790112161041280e-02
5.876004170141784925e+03,6.564701860918008558e-01,-6.819513334265211134e-03,3.860590441724547680e-03,-3.354637630928549580e-02
5.876005838198499077e+03,6.570407353717137022e-01,-6.759867083318079999e-03,3.829781671865127753e-03,-3.325952844440500239e-02
5.876007506255212320e+03,6.576072618833866956e-01,-6.701157755378162051e-03,3.799415910034236333e-03,-3.297722031053298974e-02
5.876009174311926472e+03,6.581699094893311841e-01,-6.643350306971938443e-03,3.769476697426071658e-03,-3.269931393251566953e-02
5.876010842368640624e+03,6.587288202187082664e-01,-6.586409343129605125e-03,3.739947188578638358e-03,-3.242567084052582621e-02
5.876012510425354776e+03,6.592841340613109224e-01,-6.530299214303563436e-03,3.710810212374250280e-03,-3.215615232457992578e-02
5.876014178482068019e+03,6.598359887683573621e-01,-6.474984110495397155e-03,3.682048331518847362e-03,-3.189061968174588396e-02
5.876015846538782171e+03,6.603845196639807069e-01,-6.420428152116798050e-03,3.653643900230380947e-03,-3.162893445405354914e-02
5.876017514595496323e+03,6.609298594627462942e-01,-6.366595477980803441e-03,3.625579120323914328e-03,-3.137095865926824156e-02
5.876019182652210475e+03,6.614721380993620059e-01,-6.313450329745656092e-03,3.597836095319439931e-03,-3.111655501145632607e-02
5.876020850708923717e+03,6.620114825658806046e-01,-6.260957133221865117e-03,3.570396882771727232e-03,-3.086558713358087541e-02
5.876022518765637869e+03,6.625480167600109604e-01,-6.209080576141392041e-03,3.543243544593086512e-03,-3.061791976030657503e-02
5.876024186822352021e+03,6.630818613399460659e-01,-6.157785682802298030e-03,3.516358195569412471e-03,-3.037341893316201566e-02
5.876025854879066173e+03,6.636131335915650409e-01,-6.107037884975742917e-03,3.489723049741499245e-03,-3.013195218527385533e-02
5.876027522935779416e+03,6.641419473033427501e-01,-6.056803089523285846e-03,3.463320464857672521e-03,-2.989338871782550033e-02
5.876029190992493568e+03,6.646684126524503577e-01,-6.007047742355152778e-03,3.437132984710689152e-03,-2.965759956666151262e-02
5.876030859049207720e+03,6.651926360973691166e-01,-5.957738889175010280e-03,3.411143379568543424e-03,-2.942445776111149783e-02
5.876032527105921872e+03,6.657147202827761179e-01,-5.908844232459770952e-03,3.385334684404639125e-03,-2.919383847249807512e-02
5.876034195162635115e+03,6.662347639519455855e-01,-5.860332185121463512e-03,3.359690235152479765e-03,-2.896561915443968474e-02
5.876035863219349267e+03,6.667528618701028531e-01,-5.812171924946770742e-03,3.334193695444106868e-03,-2.873967967346632846e-02
5.876037531276063419e+03,6.672691047539708320e-01,-5.764333422550099902e-03,3.308829120504613776e-03,-2.851590243232036276e-02
5.876039199332777571e+03,6.677835792131624482e-01,-5.716787511165164100e-03,3.283580942760882301e-03,-2.829417248277521849e-02
5.876040867389490813e+03,6.682963676986373169e-01,-5.669505919657996489e-03,3.258434010847738229e-03,-2.807437763108482781e-02
5.876042535446204965e+03,6.688075484615892963e-01,-5.622461292869279648e-03,3.233373643781146337e-03,-2.785640853414703827e-02
5.876044203502919117e+03,6.693171955179549881e-01,-5.575627239874764683e-03,3.208385629499442386e-03,-2.764015878839182205e-02
5.876045871559633269e+03,6.698253786241165075e-01,-5.528978360159283838e-03,3.183456253456711221e-03,-2.742552500941023569e-02
5.876047539616346512e+03,6.703321632590281132e-01,-5.482490270577474074e-03,3.158572318780355093e-03,-2.721240690425458589e-02
5.876049207673060664e+03,6.708376106159699148e-01,-5.436139629037443216e-03,3.133721164457985327e-03,-2.700070733520796434e-02
5.876050875729774816e+03,6.713417775992562841e-01,-5.389904155396704234e-03,3.108890681780895199e-03,-2.679033237702305170e-02
5.876052543786488968e+03,6.718447168312648987e-01,-5.343762649158387799e-03,3.084069328750605344e-03,-2.658119136553079020e-02
5.876054211843203120e+03,6.723464766653695079e-01,-5.297695004303660561e-03,3.059246142905370537e-03,-2.637319693952819288e-02
5.876055879899916363e+03,6.728471012059542566e-01,-5.251682221350146250e-03,3.034410752278088753e-03,-2.616626507555979211e-02
5.876057547956630515e+03,6.733466303366513195e-01,-5.205706416558416282e-03,3.009553384520323883e-03,-2.596031511522959440e-02
5.876059216013344667e+03,6.738450997524632058e-01,-5.159750828664852289e-03,2.984664874571006047e-03,-2.575526978694641853e-02
5.876060884070058819e+03,6.743425410009640242e-01,-5.113799822753209781e-03,2.959736670583471268e-03,-2.555105522005745103e-02
5.876062552126772061e+03,6.748389815280172455e-01,-5.067838891784220111e-03,2.934760838320780649e-03,-2.534760095335503172e-02
5.876064220183486214e+03,6.753344447309835852e-01,-5.021854655623746340e-03,2.909730063794159320e-03,-2.514483993687013572e-02
5.876065888240200366e+03,6.758289500148567663e-01,-4.975834857782250771e-03,2.884637654900831273e-03,-2.494270852890451140e-02
5.876067556296914518e+03,6.763225128564798183e-01,-4.929768359908879780e-03,2.859477541029477755e-03,-2.474114648632645685e-02
5.876069224353627760e+03,6.768151448722725672e-01,-4.883645134017416782e-03,2.834244271799837497e-03,-2.454009695009757436e-02
5.876070892410341912e+03,6.773068538924313930e-01,-4.837456252668070021e-03,2.808933014057906751e-03,-2.433950642494730338e-02
5.876072560467056064e+03,6.777976440370760969e-01,-4.791193877297536714e-03,2.783539547922917780e-03,-2.413932475514586271e-02
5.876074228523770216e+03,6.782875157994308069e-01,-4.744851244452479543e-03,2.758060261364510442e-03,-2.393950509441570076e-02
5.876075896580483459e+03,6.787764661315247583e-01,-4.698422650329794198e-03,2.732492143737851476e-03,-2.374000387194464060e-02
5.876077564637197611e+03,6.792644885353256168e-01,-4.651903433458890944e-03,2.706832778080339903e-03,-2.354078075340233431e-02
5.876079232693911763e+03,6.797515731548445794e-01,-4.605289955995526922e-03,2.681080332483448073e-03,-2.334179859892564560e-02
5.876080900750625915e+03,6.802377068742385680e-01,-4.558579583217212475e-03,2.655233550307411084e-03,-2.314302341609911565e-02
5.876082568807339158e+03,6.807228734174396445e-01,-4.511770661714094126e-03,2.629291739509044892e-03,-2.294442430988437309e-02
5.876084236864053310e+03,6.812070534522191023e-01,-4.464862496055938511e-03,2.603254760971160375e-03,-2.274597342841484793e-02
5.876085904920767462e+03,6.816902246942476706e-01,-4.417855324434058657e-03,2.577123016112598409e-03,-2.254764590657880666e-02
5.876087572977481614e+03,6.821723620161589396e-01,-4.370750292851426771e-03,2.550897433544922072e-03,-2.234941980544006418e-02
5.876089241034194856e+03,6.826534375571763347e-01,-4.323549428357950988e-03,2.524579455057870611e-03,-2.215127604944000170e-02
5.876090909090909008e+03,6.831334208362187521e-01,-4.276255611106210414e-03,2.498171020812279836e-03,-2.195319836025646718e-02
5.876092577147623160e+03,6.836122788640601744e-01,-4.228872545726032779e-03,2.471674554021325004e-03,-2.175517318926327090e-02
5.876094245204337312e+03,6.840899762595519240e-01,-4.181404731582714224e-03,2.445092944884296512e-03,-2.155718964663337275e-02
5.876095913261050555e+03,6.845664753654999712e-01,-4.133857432417891754e-03,2.418429534051737446e-03,-2.135923942897027805e-02
5.876097581317764707e+03,6.850417363670938675e-01,-4.086236645129802912e-03,2.391688095514476423e-03,-2.116131674439826124e-02
5.876099249374478859e+03,6.855157174085420024e-01,-4.038549068243862603e-03,2.364872819105254178e-03,-2.096341823699273549e-02
5.876100917431193011e+03,6.859883747128510123e-01,-3.990802069493988580e-03,2.337988292610506183e-03,-2.076554290858821303e-02
5.876102585487906254e+03,6.864596627004434515e-01,-3.943003653202124814e-03,2.311039483431036063e-03,-2.056769203986393707e-02
5.876104253544620406e+03,6.869295341094506790e-01,-3.895162427061470579e-03,2.284031719940023564e-03,-2.036986910958055869e-02
5.876105921601334558e+03,6.873979401134303613e-01,-3.847287568871909664e-03,2.256970672717348043e-03,-2.017207971387637369e-02
5.876107589658048710e+03,6.878648304414086700e-01,-3.799388792204191467e-03,2.229862336422624991e-03,-1.997433148361056968e-02
5.876109257714761952e+03,6.883301534959725965e-01,-3.751476314999005728e-03,2.202713006397833025e-03,-1.977663400167029017e-02
5.876110925771476104e+03,6.887938564722861923e-01,-3.703560822057387712e-03,2.175529265339900490e-03,-1.957899871906618877e-02
5.876112593828190256e+03,6.892558854737974583e-01,-3.655653433519650761e-03,2.148317959904169020e-03,-1.938143887173525773e-02
5.876114261884904408e+03,6.897161856295360716e-01,-3.607765670307052242e-03,2.121086182049024618e-03,-1.918396939601814399e-02
5.876115929941617651e+03,6.901747012087700028e-01,-3.559909420362608861e-03,2.093841249502097299e-03,-1.898660684469240245e-02
5.876117597998331803e+03,6.906313757359091587e-01,-3.512096904903309110e-03,2.066590686150141139e-03,-1.878936930239947720e-02
5.876119266055045955e+03,6.910861521014599607e-01,-3.464340645124212078e-03,2.039342202694156142e-03,-1.859227630234236081e-02
5.876120934111760107e+03,6.915389726739209486e-01,-3.416653428963773755e-03,2.012103677179956102e-03,-1.839534874221000066e-02
5.876122602168473350e+03,6.919897794084550746e-01,-3.369048278323698645e-03,1.984883135818343337e-03,-1.819860880120123189e-02
5.876124270225187502e+03,6.924385139551875179e-01,-3.321538416534549221e-03,1.957688733860743838e-03,-1.800207985696253288e-02
5.876125938281901654e+03,6.928851177630590552e-01,-3.274137236518302654e-03,1.930528736835410977e-03,-1.780578640428672962e-02
5.876127606338615806e+03,6.933295321840352576e-01,-3.226858269179539752e-03,1.903411501869178412e-03,-1.760975397354157951e-02
5.876129274395329048e+03,6.937716985736125386e-01,-3.179715152487876985e-03,1.876345459368308115e-03,-1.741400905063799839e-02
5.876130942452043200e+03,6.942115583904437948e-01,-3.132721600987627922e-03,1.849339094905592690e-03,-1.721857899738334086e-02
5.876132610508757352e+03,6.946490532911047122e-01,-3.085891376188035912e-03,1.822400931582017101e-03,-1.702349197400361905e-02
5.876134278565471504e+03,6.950841252247482727e-01,-3.039238257361578759e-03,1.795539512590583120e-03,-1.682877686181036281e-02
5.876135946622184747e+03,6.955167165236735283e-01,-2.992776013198712032e-03,1.768763384246198681e-03,-1.663446318780127664e-02
5.876137614678898899e+03,6.959467699926035200e-01,-2.946518374051044446e-03,1.742081079328157466e-03,-1.644058105000898926e-02
5.876139282735613051e+03,6.963742289928241957e-01,-2.900479005198983683e-03,1.715501100991976419e-03,-1.624716104536934325e-02
5.876140950792327203e+03,6.967990375257989699e-01,-2.854671480672267211e-03,1.689031906979015455e-03,-1.605423419807210442e-02
5.876142618849040446e+03,6.972211403124699558e-01,-2.809109258055665984e-03,1.662681894377657493e-03,-1.586183189014798642e-02
5.876144286905754598e+03,6.976404828709398265e-01,-2.763805654004906475e-03,1.636459384779924333e-03,-1.566998579310913478e-02
5.876145954962468750e+03,6.980570115888282690e-01,-2.718773820897788396e-03,1.610372610081465053e-03,-1.547872780236434972e-02
5.876147623019182902e+03,6.984706737948388477e-01,-2.674026724142849337e-03,1.584429698650486251e-03,-1.528808997238343716e-02
5.876149291075896144e+03,6.988814178258404564e-01,-2.629577120564790486e-03,1.558638662112567025e-03,-1.509810445432984566e-02
5.876150959132610296e+03,6.992891930921451005e-01,-2.585437537588665315e-03,1.533007382591281432e-03,-1.490880343496076531e-02
5.876152627189324448e+03,6.996939501373530268e-01,-2.541620253626404678e-03,1.507543600641204386e-03,-1.472021907848996940e-02
5.876154295246038600e+03,7.000956406972657087e-01,-2.498137279194152273e-03,1.482254903601866198e-03,-1.453238346938959084e-02
5.876155963302751843e+03,7.004942177542358150e-01,-2.455000339158001747e-03,1.457148714606781642e-03,-1.434532855780660393e-02
5.876157631359465995e+03,7.008896355896064856e-01,-2.412220855831574088e-03,1.432232282086514166e-03,-1.415908610639515092e-02
5.876159299416180147e+03,7.012818498307752391e-01,-2.369809933306039722e-03,1.407512669991950894e-03,-1.397368764022384816e-02
5.876160967472894299e+03,7.016708174972038359e-01,-2.327778342549059829e-03,1.382996748467134242e-03,-1.378916439772708523e-02
5.876162635529608451e+03,7.020564970421445672e-01,-2.286136507625382511e-03,1.358691185181808451e-03,-1.360554728425650804e-02
5.876164303586321694e+03,7.024388483911864212e-01,-2.244894492922626210e-03,1.334602437254134646e-03,-1.342286682772438587e-02
5.876165971643035846e+03,7.028178329786749501e-01,-2.204061991266704351e-03,1.310736743701314353e-03,-1.324115313584759389e-02
5.876167639699749998e+03,7.031934137789163097e-01,-2.163648313261916194e-03,1.287100118611801593e-03,-1.306043585649422842e-02
5.876169307756464150e+03,7.035655553363450165e-01,-2.123662377114297808e-03,1.263698345266140279e-03,-1.288074413913153395e-02
5.876170975813177392e+03,7.039342237913952527e-01,-2.084112701070828071e-03,1.240536968341952396e-03,-1.270210659897278403e-02
5.876172643869891544e+03,7.042993869045350852e-01,-2.045007393588853944e-03,1.217621291999431473e-03,-1.252455128260880103e-02
5.876174311926605696e+03,7.046610140753165608e-01,-2.006354147901501499e-03,1.194956373119717037e-03,-1.234810563670346931e-02
5.876175979983319849e+03,7.050190763605085342e-01,-1.968160235664440701e-03,1.172547017842659337e-03,-1.217279647776093113e-02
5.876177648040033091e+03,7.053735464881315531e-01,-1.930432502049390280e-03,1.150397778082854275e-03,-1.199864996451341717e-02
5.876179316096747243e+03,7.057243988698508330e-01,-1.893177361526659748e-03,1.128512948713299461e-03,-1.182569157175257860e-02
5.876180984153461395e+03,7.060716096086695481e-01,-1.856400794853446754e-03,1.106896565246817893e-03,-1.165394606709486275e-02
5.876182652210175547e+03,7.064151565058620630e-01,-1.820108346735347434e-03,1.085552401938460424e-03,-1.148343748875861256e-02
5.876184320266888790e+03,7.067550190641214147e-01,-1.784305124413206435e-03,1.064483970589401134e-03,-1.131418912583064158e-02
5.876185988323602942e+03,7.070911784892669472e-01,-1.748995797055154233e-03,1.043694519654415377e-03,-1.114622349987344149e-02
5.876187656380317094e+03,7.074236176876207427e-01,-1.714184596053513077e-03,1.023187034148876707e-03,-1.097956234930826634e-02
5.876189324437031246e+03,7.077523212628229476e-01,-1.679875316062615261e-03,1.002964235686939001e-03,-1.081422661469095582e-02
5.876190992493744488e+03,7.080772755092185067e-01,-1.646071316774743191e-03,9.830285833159542897e-04,-1.065023642631622754e-02
5.876192660550458641e+03,7.083984684040567359e-01,-1.612775525467517474e-03,9.633822745045224518e-04,-1.048761109301182132e-02
5.876194328607172793e+03,7.087158895957592630e-01,-1.579990440343919614e-03,9.440272468720682045e-04,-1.032636909351883001e-02
5.876195996663886945e+03,7.090295303918724423e-01,-1.547718134461466928e-03,9.249651800943997117e-04,-1.016652806861187766e-02
5.876197664720600187e+03,7.093393837439674332e-01,-1.515960260381554866e-03,9.061974983759751162e-04,-1.000810481535115842e-02
5.876199332777314339e+03,7.096454442316453282e-01,-1.484718055377095810e-03,8.877253732068925976e-04,-9.851115282352608873e-03
5.876201000834028491e+03,7.099477080430306453e-01,-1.453992347406367867e-03,8.695497266210414989e-04,-9.695574567418565465e-03
5.876202668890742643e+03,7.102461729552146386e-01,-1.423783561499904812e-03,8.516712346966829033e-04,-9.541496915740374160e-03
5.876204336947455886e+03,7.105408383120449534e-01,-1.394091726794106532e-03,8.340903314659810783e-04,-9.388895720007938220e-03
5.876206005004170038e+03,7.108317050013234217e-01,-1.364916483985204433e-03,8.168072130905135652e-04,-9.237783521353291546e-03
5.876207673060884190e+03,7.111187754289225449e-01,-1.336257093433125803e-03,7.998218424384541045e-04,-9.088172012405403358e-03
5.876209341117598342e+03,7.114020534931275730e-01,-1.308112443560505763e-03,7.831339538543249370e-04,-8.940072040741915346e-03
5.876211009174311585e+03,7.116815445567284959e-01,-1.280481059775725799e-03,7.667430582564782691e-04,-8.793493614007967182e-03
5.876212677231025737e+03,7.119572554188110525e-01,-1.253361113702056813e-03,7.506484484329220075e-04,-8.648445905673514747e-03
5.876214345287739889e+03,7.122291942839190648e-01,-1.226750432923372040e-03,7.348492046616389656e-04,-8.504937262652252986e-03
5.876216013344454041e+03,7.124973707316878402e-01,-1.200646510917686505e-03,7.193442004574698671e-04,-8.362975213128592822e-03
5.876217681401167283e+03,7.127617956846362679e-01,-1.175046517386365424e-03,7.041321085716942783e-04,-8.222566475817764259e-03
5.876219349457881435e+03,7.130224813759422631e-01,-1.149947308777697109e-03,6.892114071226182904e-04,-8.083716969663168675e-03
5.876221017514595587e+03,7.132794413150075341e-01,-1.125345439198449128e-03,6.745803859727299420e-04,-7.946431825146999667e-03
5.876222685571309739e+03,7.135326902537526550e-01,-1.101237171400828996e-03,6.602371531788125579e-04,-7.810715395626593310e-03
5.876224353628022982e+03,7.137822441514303229e-01,-1.077618488072458773e-03,6.461796415730121455e-04,-7.676571269870361390e-03
5.876226021684737134e+03,7.140281201397096211e-01,-1.054485103156743318e-03,6.324056155063472254e-04,-7.544002284842215959e-03
5.876227689741451286e+03,7.142703364859318560e-01,-1.031832473491171723e-03,6.189126776758526079e-04,-7.413010539853697595e-03
5.876229357798165438e+03,7.145089125573295119e-01,-1.009655810411623587e-03,6.056982759833775360e-04,-7.283597410573785201e-03
5.876231025854878681e+03,7.147438687841067839e-01,-9.879500915111257432e-04,5.927597105154823812e-04,-7.155763564014932729e-03
5.876232693911592833e+03,7.149752266230363640e-01,-9.667100723871462640e-04,5.800941405293040878e-04,-7.029508973589567757e-03
5.876234361968306985e+03,7.152030085195916209e-01,-9.459302985549160239e-04,5.676985915214668435e-04,-6.904832935306990348e-03
5.876236030025021137e+03,7.154272378712330793e-01,-9.256051172398811321e-04,5.555699622704103873e-04,-6.781734083672497949e-03
5.876237698081734379e+03,7.156479389898724452e-01,-9.057286892350498511e-04,5.437050319139040411e-04,-6.660210408356482051e-03
5.876239366138448531e+03,7.158651370650666035e-01,-8.862950006883381100e-04,5.321004669318200094e-04,-6.540259270774395617e-03
5.876241034195162683e+03,7.160788581260588703e-01,-8.672978747992552253e-04,5.207528284159383637e-04,-6.421877421598980867e-03
5.876242702251876835e+03,7.162891290051548454e-01,-8.487309836128338831e-04,5.096585787611896540e-04,-6.305061017835534957e-03
5.876244370308590078e+03,7.164959773005340482e-01,-8.305878595036417971e-04,4.988140888264893345e-04,-6.189805640484161847e-03
5.876246038365304230e+03,7.166994313399697170e-01,-8.128619066311856085e-04,4.882156447536708773e-04,-6.076106311973644356e-03
5.876247706422018382e+03,7.168995201436895170e-01,-7.955464123228727334e-04,4.778594548426844243e-04,-5.963957514337901028e-03
5.876249374478732534e+03,7.170962733886767637e-01,-7.786345582175761663e-04,4.677416562756587961e-04,-5.853353206843797674e-03
5.876251042535445777e+03,7.172897213726561194e-01,-7.621194312995288730e-04,4.578583217906089225e-04,-5.744286844041997242e-03
5.876252710592159929e+03,7.174798949791213465e-01,-7.459940346990987783e-04,4.482054662214384855e-04,-5.636751393470326374e-03
5.876254378648874081e+03,7.176668256417383374e-01,-7.302512983884002634e-04,4.387790529848664754e-04,-5.530739353939867660e-03
5.876256046705588233e+03,7.178505453102831391e-01,-7.148840895787111427e-04,4.295750003962286426e-04,-5.426242773176466819e-03
5.876257714762301475e+03,7.180310864164582974e-01,-6.998852229517750143e-04,4.205891878930949845e-04,-5.323253265748387718e-03
5.876259382819015627e+03,7.182084818408410731e-01,-6.852474706085417673e-04,4.118174620971753888e-04,-5.221762030553416152e-03
5.876261050875729779e+03,7.183827648794179899e-01,-6.709635718579143272e-04,4.032556427862912492e-04,-5.121759868745199944e-03
5.876262718932443931e+03,7.185539692116997834e-01,-6.570262426705270184e-04,3.948995286724330759e-04,-5.023237200949605755e-03
5.876264386989158083e+03,7.187221288689595866e-01,-6.434281849126966251e-04,3.867449030536059158e-04,-4.926184084596617156e-03
5.876266055045871326e+03,7.188872782031232589e-01,-6.301620953094293773e-04,3.787875393087224672e-04,-4.830590231056221089e-03
5.876267723102585478e+03,7.190494518567692728e-01,-6.172206740951562435e-04,3.710232062104324119e-04,-4.736445022308521068e-03
5.876269391159299630e+03,7.192086847329067778e-01,-6.045966334530845790e-04,3.634476731158021155e-04,-4.643737527909384821e-03
5.876271059216013782e+03,7.193650119663564935e-01,-5.922827055937137384e-04,3.560567149446802748e-04,-4.552456521189021492e-03
5.876272727272727025e+03,7.195184688953012442e-01,-5.802716505819170483e-04,3.488461170116629868e-04,-4.462590495505533959e-03
5.876274395329441177e+03,7.196690910340691749e-01,-5.685562638271067634e-04,3.418116796588276693e-04,-4.374127679930814999e-03
5.876276063386155329e+03,7.198169140458118287e-01,-5.571293833371366222e-04,3.349492227506086156e-04,-4.287056055140172836e-03
5.876277731442869481e+03,7.199619737167646250e-01,-5.459838966032218906e-04,3.282545899494695302e-04,-4.201363368515566646e-03
5.876279399499582723e+03,7.201043059307541405e-01,-5.351127472179292638e-04,3.217236528344682295e-04,-4.117037149235883674e-03
5.876281067556296875e+03,7.202439466449334082e-01,-5.245089411503405224e-04,3.153523148157454927e-04,-4.034064722771243429e-03
5.876282735613011027e+03,7.203809318654966765e-01,-5.141655527730148827e-04,3.091365149023736708e-04,-3.952433225513521907e-03
5.876284403669725179e+03,7.205152976249320496e-01,-5.040757305223734835e-04,3.030722312511580216e-04,-3.872129618615151054e-03
5.876286071726438422e+03,7.206470799595724452e-01,-4.942327022874108905e-04,2.971554845540236517e-04,-3.793140701763864434e-03
5.876287739783152574e+03,7.207763148883414850e-01,-4.846297804606095353e-04,2.913823412233116196e-04,-3.715453126355005957e-03
5.876289407839866726e+03,7.209030383915401297e-01,-4.752603667387699134e-04,2.857489164276480172e-04,-3.639053408744084318e-03
5.876291075896580878e+03,7.210272863911063590e-01,-4.661179565690326391e-04,2.802513769149808046e-04,-3.563927942721421913e-03
5.876292743953294121e+03,7.211490947311985922e-01,-4.571961433283370374e-04,2.748859436758412946e-04,-3.490063011885488967e-03
5.876294412010008273e+03,7.212684991599251916e-01,-4.484886221784267052e-04,2.696488944115078465e-04,-3.417444801419324083e-03
5.876296080066722425e+03,7.213855353111501278e-01,-4.399891936781000386e-04,2.645365658558965932e-04,-3.346059409912758003e-03
5.876297748123436577e+03,7.215002386876939733e-01,-4.316917670599710937e-04,2.595453558955371307e-04,-3.275892860423186559e-03
5.876299416180149819e+03,7.216126446448617449e-01,-4.235903632536275917e-04,2.546717255361111046e-04,-3.206931111419635775e-03
5.876301084236863971e+03,7.217227883750577666e-01,-4.156791176168903642e-04,2.499122006639952691e-04,-3.139160067143063025e-03
5.876302752293578123e+03,7.218307048924874625e-01,-4.079522823778685922e-04,2.452633737772319977e-04,-3.072565587989897849e-03
5.876304420350292276e+03,7.219364290191732092e-01,-4.004042288854340811e-04,2.407219053190182124e-04,-3.007133500161675039e-03
5.876306088407005518e+03,7.220399953712786090e-01,-3.930294495211733032e-04,2.362845250541194481e-04,-2.942849605192838537e-03
5.876307756463719670e+03,7.221414383464520581e-01,-3.858225593530932151e-04,2.319480332370635692e-04,-2.879699688917632464e-03
5.876309424520433822e+03,7.222407921112588003e-01,-3.787782976258617521e-04,2.277093015807794580e-04,-2.817669530443809179e-03
5.876311092577147974e+03,7.223380905898251214e-01,-3.718915289189911864e-04,2.235652741401519090e-04,-2.756744910435704899e-03
5.876312760633861217e+03,7.224333674527785298e-01,-3.651572441292934550e-04,2.195129680087039780e-04,-2.696911619270399903e-03
5.876314428690575369e+03,7.225266561071196358e-01,-3.585705611722738557e-04,2.155494739174508752e-04,-2.638155464665897440e-03
5.876316096747289521e+03,7.226179896861771867e-01,-3.521267255508571566e-04,2.116719566367790699e-04,-2.580462279309447913e-03
5.876317764804003673e+03,7.227074010406761007e-01,-3.458211106052489262e-04,2.078776553436158833e-04,-2.523817927839025910e-03
5.876319432860716915e+03,7.227949227300681789e-01,-3.396492176493967965e-04,2.041638837593259099e-04,-2.468208313703066509e-03
5.876321100917431068e+03,7.228805870147143597e-01,-3.336066758488486915e-04,2.005280302236298886e-04,-2.413619385529017659e-03
5.876322768974145220e+03,7.229644258481343622e-01,-3.276892419499220516e-04,1.969675576599843117e-04,-2.360037143490566376e-03
5.876324437030859372e+03,7.230464708702649679e-01,-3.218927998001582858e-04,1.934800033978899313e-04,-2.307447645074949850e-03
5.876326105087572614e+03,7.231267534009498954e-01,-3.162133597100616261e-04,1.900629789079495572e-04,-2.255837010739589459e-03
5.876327773144286766e+03,7.232053044341942849e-01,-3.106470576332085311e-04,1.867141694180540366e-04,-2.205191429114985741e-03
5.876329441201000918e+03,7.232821546324692541e-01,-3.051901542175196650e-04,1.834313334523316776e-04,-2.155497162212083317e-03
5.876331109257715070e+03,7.233573343219211749e-01,-2.998390336756167522e-04,1.802123022578955129e-04,-2.106740550074869944e-03
5.876332777314428313e+03,7.234308734877794578e-01,-2.945902025310512934e-04,1.770549791534854539e-04,-2.058908015339506060e-03
5.876334445371142465e+03,7.235028017704434600e-01,-2.894402882125448337e-04,1.739573387836597916e-04,-2.011986067376977591e-03
5.876336113427856617e+03,7.235731484615978149e-01,-2.843860375497795539e-04,1.709174263105345932e-04,-1.965961306447642012e-03
5.876337781484570769e+03,7.236419425011357820e-01,-2.794243151210941086e-04,1.679333565132724556e-04,-1.920820427350266018e-03
5.876339449541284012e+03,7.237092124742425803e-01,-2.745521015064158587e-04,1.650033128273436654e-04,-1.876550222991999264e-03
5.876341117597998164e+03,7.237749866090807949e-01,-2.697664914197184542e-04,1.621255463081725521e-04,-1.833137587582923380e-03
5.876342785654712316e+03,7.238392927744770056e-01,-2.650646917710027537e-04,1.592983745490962112e-04,-1.790569519849339675e-03
5.876344453711426468e+03,7.239021584783270624e-01,-2.604440196118585531e-04,1.565201805262175360e-04,-1.748833125791401802e-03
5.876346121768139710e+03,7.239636108661243741e-01,-2.559019000142693850e-04,1.537894113998406951e-04,-1.707915621376281980e-03
5.876347789824853862e+03,7.240236767200146639e-01,-2.514358638600434426e-04,1.511045772560906609e-04,-1.667804334895375698e-03
5.876349457881568014e+03,7.240823824578284107e-01,-2.470435455793952594e-04,1.484642498300189027e-04,-1.628486709350589505e-03
5.876351125938282166e+03,7.241397541327475595e-01,-2.427226808162848701e-04,1.458670611509227497e-04,-1.589950304429283128e-03
5.876352793994995409e+03,7.241958174330584974e-01,-2.384711040400607472e-04,1.433117021812444619e-04,-1.552182798432995108e-03
5.876354462051709561e+03,7.242505976823635505e-01,-2.342867460983569510e-04,1.407969214071289521e-04,-1.515171989905715610e-03
5.876356130108423713e+03,7.243041198397461855e-01,-2.301676317524438767e-04,1.383215234103986064e-04,-1.478905799302667650e-03
5.876357798165137865e+03,7.243564085004937647e-01,-2.261118771469855558e-04,1.358843674105843669e-04,-1.443372270290536755e-03
5.876359466221851108e+03,7.244074878968718156e-01,-2.221176872709763504e-04,1.334843657796547592e-04,-1.408559571017013170e-03
5.876361134278565260e+03,7.244573818992948722e-01,-2.181833533718189699e-04,1.311204825445695741e-04,-1.374455995115863964e-03
5.876362802335279412e+03,7.245061140174308134e-01,-2.143072503756752231e-04,1.287917318812867838e-04,-1.341049962761884295e-03
5.876364470391993564e+03,7.245537074017882606e-01,-2.104878342703505082e-04,1.264971765855604563e-04,-1.308330021397457717e-03
5.876366138448706806e+03,7.246001848453297312e-01,-2.067236394926812951e-04,1.242359265423913055e-04,-1.276284846444417304e-03
5.876367806505420958e+03,7.246455687854197469e-01,-2.030132762977906254e-04,1.220071371839268965e-04,-1.244903241783423473e-03
5.876369474562135110e+03,7.246898813056934507e-01,-1.993554281476879757e-04,1.198100079606596445e-04,-1.214174140292556157e-03
5.876371142618849262e+03,7.247331441383370043e-01,-1.957488490901114367e-04,1.176437807898631822e-04,-1.184086604094621758e-03
5.876372810675563414e+03,7.247753786663972964e-01,-1.921923611499114551e-04,1.155077385256151376e-04,-1.154629824788418017e-03
5.876374478732276657e+03,7.248166059262315386e-01,-1.886848517368938487e-04,1.134012034280761089e-04,-1.125793123572550779e-03
5.876376146788990809e+03,7.248568466102089936e-01,-1.852252710613848071e-04,1.113235356360469010e-04,-1.097565951198303065e-03
5.876377814845704961e+03,7.248961210693082302e-01,-1.818126295889657869e-04,1.092741316622239270e-04,-1.069937887983414201e-03
5.876379482902419113e+03,7.249344493160588820e-01,-1.784459955013498146e-04,1.072524228889436938e-04,-1.042898643584472609e-03
5.876381150959132356e+03,7.249718510274590910e-01,-1.751244921962713693e-04,1.052578740859168180e-04,-1.016438056779551480e-03
5.876382819015846508e+03,7.250083455481158845e-01,-1.718472958075496619e-04,1.032899819379915905e-04,-9.905460950849680288e-04
5.876384487072560660e+03,7.250439518932776384e-01,-1.686136327774827217e-04,1.013482736024938708e-04,-9.652128544450937946e-04
5.876386155129274812e+03,7.250786887521550872e-01,-1.654227774477880079e-04,9.943230527599832046e-05,-9.404285587065920474e-04
5.876387823185988054e+03,7.251125744912021442e-01,-1.622740497010321744e-04,9.754166078965760404e-05,-9.161835591158894307e-04
5.876389491242702206e+03,7.251456271575795753e-01,-1.591668126334758106e-04,9.567595022180591104e-05,-8.924683336741415880e-04
5.876391159299416358e+03,7.251778644825019882e-01,-1.561004702893676699e-04,9.383480854591413726e-05,-8.692734865702727307e-04
5.876392827356130510e+03,7.252093038848285156e-01,-1.530744654242333926e-04,9.201789429444868541e-05,-8.465897474269221340e-04
5.876394495412843753e+03,7.252399624745972107e-01,-1.500882773265160982e-04,9.022488825644914311e-05,-8.244079705765863146e-04
5.876396163469557905e+03,7.252698570567097658e-01,-1.471414196793621645e-04,8.845549219779339281e-05,-8.027191342191765952e-04
5.876397831526272057e+03,7.252990041344918870e-01,-1.442334384900581328e-04,8.670942762088263214e-05,-7.815143396592100179e-04
5.876399499582986209e+03,7.253274199134568390e-01,-1.413639100560180743e-04,8.498643454506059531e-05,-7.607848103814967428e-04
5.876401167639699452e+03,7.253551203050040419e-01,-1.385324389945821353e-04,8.328627032427167681e-05,-7.405218911651734008e-04
5.876402835696413604e+03,7.253821209302344641e-01,-1.357386563186822295e-04,8.160870849114892250e-05,-7.207170470969854418e-04
5.876404503753127756e+03,7.254084371236387829e-01,-1.329822175840084770e-04,7.995353764309687066e-05,-7.013618626656529511e-04
5.876406171809841908e+03,7.254340839369558536e-01,-1.302628010777439553e-04,7.832056035238220708e-05,-6.824480407193585446e-04
5.876407839866555150e+03,7.254590761429535739e-01,-1.275801060739761221e-04,7.670959211543648898e-05,-6.639674014652021273e-04
5.876409507923269302e+03,7.254834282393038958e-01,-1.249338511384787663e-04,7.512046033095868039e-05,-6.459118813849197907e-04
5.876411175979983454e+03,7.255071544523277183e-01,-1.223237725064919899e-04,7.355300332115084132e-05,-6.282735322332332279e-04
5.876412844036697606e+03,7.255302687408780038e-01,-1.197496225047435211e-04,7.200706937882187788e-05,-6.110445199185468405e-04
5.876414512093410849e+03,7.255527848001422919e-01,-1.172111680409746218e-04,7.048251585440563980e-05,-5.942171234286840143e-04
5.876416180150125001e+03,7.255747160655134920e-01,-1.147081891441577745e-04,6.897920827282927206e-05,-5.777837336889714553e-04
5.876417848206839153e+03,7.255960757163329999e-01,-1.122404775773445560e-04,6.749701949349562490e-05,-5.617368525024781867e-04
5.876419516263553305e+03,7.256168766797456149e-01,-1.098078354953085315e-04,6.603582889668184323e-05,-5.460690913886039792e-04
5.876421184320266548e+03,7.256371316344666367e-01,-1.074100741687143050e-04,6.459552160948841789e-05,-5.307731704688276476e-04
5.876422852376980700e+03,7.256568530146038087e-01,-1.050470127586652984e-04,6.317598776162561638e-05,-5.158419173009588885e-04
5.876424520433694852e+03,7.256760530133485876e-01,-1.027184771615506973e-04,6.177712178311583352e-05,-5.012682657893557199e-04
5.876426188490409004e+03,7.256947435867564522e-01,-1.004242988977954162e-04,6.039882172801680786e-05,-4.870452550105092062e-04
5.876427856547122246e+03,7.257129364574425034e-01,-9.816431406484627724e-05,5.904098863643756457e-05,-4.731660280896548589e-04
5.876429524603836398e+03,7.257306431183093709e-01,-9.593836233768406930e-05,5.770352592599271055e-05,-4.596238310311341938e-04
5.876431192660550550e+03,7.257478748361505527e-01,-9.374628603715321200e-05,5.638633882216207089e-05,-4.464120116257262955e-04
5.876432860717264703e+03,7.257646426553254759e-01,-9.158792924145821085e-05,5.508933381111828087e-05,-4.335240182879472387e-04
5.876434528773977945e+03,7.257809574013446285e-01,-8.946313695219103648e-05,5.381241813745378522e-05,-4.209533989391889275e-04
5.876436196830692097e+03,7.257968296844768963e-01,-8.737175431237803624e-05,5.255549931826991177e-05,-4.086937998576000331e-04
5.876437864887406249e+03,7.258122699032372172e-01,-8.531362588259121173e-05,5.131848470157799951e-05,-3.967389646019455689e-04
5.876439532944120401e+03,7.258272882479265276e-01,-8.328859495789847850e-05,5.010128104321477622e-05,-3.850827328721402772e-04
5.876441201000833644e+03,7.258418947040842228e-01,-8.129650293665296546e-05,4.890379412371337797e-05,-3.737190394207330667e-04
5.876442869057547796e+03,7.258560990559540516e-01,-7.933718873614367347e-05,4.772592837997432466e-05,-3.626419129333925380e-04
5.876444537114261948e+03,7.258699108898306607e-01,-7.741048825961064565e-05,4.656758658065441377e-05,-3.518454749815890978e-04
5.876446205170976100e+03,7.258833395974491065e-01,-7.551623390001216526e-05,4.542866951898076236e-05,-3.413239389219974271e-04
5.876447873227689342e+03,7.258963943792878792e-01,-7.365425409438963625e-05,4.430907573344666653e-05,-3.310716088434262523e-04
5.876449541284403495e+03,7.259090842478735928e-01,-7.182437291418088078e-05,4.320870125259182622e-05,-3.210828784890714044e-04
5.876451209341117647e+03,7.259214180309768727e-01,-7.002640970624806412e-05,4.212743937129454028e-05,-3.113522302478865492e-04
5.876452877397831799e+03,7.259334043748358889e-01,-6.826017876411074659e-05,4.106518044368243049e-05,-3.018742340979790558e-04
5.876454545454545041e+03,7.259450517472983977e-01,-6.652548904346379673e-05,4.002181170363889581e-05,-2.926435465977754338e-04
5.876456213511259193e+03,7.259563684409585660e-01,-6.482214390902457299e-05,3.899721710416044766e-05,-2.836549098557728551e-04
5.876457881567973345e+03,7.259673625761902116e-01,-6.314994092642403016e-05,3.799127718402103880e-05,-2.749031505632224871e-04
5.876459549624687497e+03,7.259780421041991394e-01,-6.150867167908402372e-05,3.700386894960312707e-05,-2.663831789892465748e-04
5.876461217681400740e+03,7.259884148099972068e-01,-5.989812162335900241e-05,3.603486577999121150e-05,-2.580899880151711167e-04
5.876462885738114892e+03,7.259984883153671742e-01,-5.831806997013297232e-05,3.508413734815746303e-05,-2.500186521572037458e-04
5.876464553794829044e+03,7.260082700817285239e-01,-5.676828960504143453e-05,3.415154956565044593e-05,-2.421643266426858889e-04
5.876466221851543196e+03,7.260177674130167125e-01,-5.524854702868285975e-05,3.323696453948931295e-05,-2.345222464533382352e-04
5.876467889908256439e+03,7.260269874584872607e-01,-5.375860232955986849e-05,3.234024054900887224e-05,-2.270877254107382898e-04
5.876469557964970591e+03,7.260359372155072988e-01,-5.229820917779878667e-05,3.146123203544926104e-05,-2.198561552435276316e-04
5.876471226021684743e+03,7.260446235322547404e-01,-5.086711485186259821e-05,3.059978961163027487e-05,-2.128230047115034094e-04
5.876472894078398895e+03,7.260530531104251173e-01,-4.946506028025519496e-05,2.975576008076410823e-05,-2.059838186960694030e-04
5.876474562135113047e+03,7.260612325078719120e-01,-4.809178010918205005e-05,2.892898647182093170e-05,-1.993342173271389639e-04
5.876476230191826289e+03,7.260691681412053677e-01,-4.674700279116602555e-05,2.811930808640453888e-05,-1.928698951149212843e-04
5.876477898248540441e+03,7.260768662883718694e-01,-4.543045068908849036e-05,2.732656055640375338e-05,-1.865866200808765979e-04
5.876479566305254593e+03,7.260843330911482818e-01,-4.414184020558443815e-05,2.655057591677548306e-05,-1.804802329285147805e-04
5.876481234361968745e+03,7.260915745576402847e-01,-4.288088192219105418e-05,2.579118268446054700e-05,-1.745466461939989503e-04
5.876482902418681988e+03,7.260985965647142049e-01,-4.164728075885606746e-05,2.504820594897130468e-05,-1.687818434257787445e-04
5.876484570475396140e+03,7.261054048604118627e-01,-4.044073614269659035e-05,2.432146747083378105e-05,-1.631818783515172062e-04
5.876486238532110292e+03,7.261120050662882575e-01,-3.926094219815069015e-05,2.361078579100798919e-05,-1.577428740917084598e-04
5.876487906588824444e+03,7.261184026797508073e-01,-3.810758794183128766e-05,2.291597634450261433e-05,-1.524610223467776700e-04
5.876489574645537687e+03,7.261246030763335302e-01,-3.698035749254729890e-05,2.223685158316168238e-05,-1.473325826111707246e-04
5.876491242702251839e+03,7.261306115119577909e-01,-3.587893028785969687e-05,2.157322110257651611e-05,-1.423538813820917519e-04
5.876492910758965991e+03,7.261364331251199955e-01,-3.480298131547954221e-05,2.092489177824414010e-05,-1.375213114008403759e-04
5.876494578815680143e+03,7.261420729390769546e-01,-3.375218134661595140e-05,2.029166790309123156e-05,-1.328313308744888345e-04
5.876496246872393385e+03,7.261475358639759570e-01,-3.272619718026162529e-05,1.967335133137505701e-05,-1.282804627240893901e-04
5.876497914929107537e+03,7.261528266989657476e-01,-3.172469188939902135e-05,1.906974162520446469e-05,-1.238652938211358455e-04
5.876499582985821689e+03,7.261579501342435572e-01,-3.074732507868292123e-05,1.848063620677592705e-05,-1.195824742567199632e-04
5.876501251042535841e+03,7.261629107530984673e-01,-2.979375314045437382e-05,1.790583051065289011e-05,-1.154287165943539985e-04
5.876502919099249084e+03,7.261677130339029285e-01,-2.886362951765603243e-05,1.734511814005357093e-05,-1.114007951412195068e-04
5.876504587155963236e+03,7.261723613520840725e-01,-2.795660496604288924e-05,1.679829102313267660e-05,-1.074955452104465055e-04
5.876506255212677388e+03,7.261768599820418446e-01,-2.707232782362853466e-05,1.626513957369694782e-05,-1.037098624152487584e-04
5.876507923269391540e+03,7.261812130990564773e-01,-2.621044427594582707e-05,1.574545284961860575e-05,-1.000407019422579923e-04
5.876509591326104783e+03,7.261854247811510010e-01,-2.537059862474629607e-05,1.523901871351377348e-05,-9.648507784303606233e-05
5.876511259382818935e+03,7.261894990109377668e-01,-2.455243355383863782e-05,1.474562399184796066e-05,-9.304006232207092883e-05
5.876512927439533087e+03,7.261934396774083478e-01,-2.375559039825306818e-05,1.426505463625335453e-05,-8.970278504152184992e-05
5.876514595496247239e+03,7.261972505777223308e-01,-2.297970940771471232e-05,1.379709588154672778e-05,-8.647043241892342618e-05
5.876516263552960481e+03,7.262009354189470356e-01,-2.222443001037352332e-05,1.334153240408582084e-05,-8.334024693197199284e-05
5.876517931609674633e+03,7.262044978197860212e-01,-2.148939107168128802e-05,1.289814847734006658e-05,-8.030952642244013724e-05
5.876519599666388785e+03,7.262079413122576321e-01,-2.077423115416880204e-05,1.246672812815197377e-05,-7.737562341861327895e-05
5.876521267723102937e+03,7.262112693433651067e-01,-2.007858876940329414e-05,1.204705528842931340e-05,-7.453594444158757534e-05
5.876522935779816180e+03,7.262144852767293823e-01,-1.940210262843438128e-05,1.163891394605701807e-05,-7.178794932686642118e-05
5.876524603836530332e+03,7.262175923942069122e-01,-1.874441188556841276e-05,1.124208829190799676e-05,-6.912915054005365717e-05
5.876526271893244484e+03,7.262205938974621855e-01,-1.810515638088027100e-05,1.085636286622311834e-05,-6.655711250805095090e-05
5.876527939949958636e+03,7.262234929095336966e-01,-1.748397687385251249e-05,1.048152269975261652e-05,-6.406945093801618861e-05
5.876529608006671879e+03,7.262262924763647209e-01,-1.688051527376769245e-05,1.011735345304306689e-05,-6.166383214957134610e-05
5.876531276063386031e+03,7.262289955683188802e-01,-1.629441486211843736e-05,9.763641551022953381e-06,-5.933797239752507466e-05
5.876532944120100183e+03,7.262316050816568502e-01,-1.572532051235584182e-05,9.420174316073655059e-06,-5.708963721321302362e-05
5.876534612176814335e+03,7.262341238400042975e-01,-1.517287889991222466e-05,9.086740095326219531e-06,-5.491664073225855118e-05
5.876536280233527577e+03,7.262365545957890633e-01,-1.463673870763735745e-05,8.763128385279821521e-06,-5.281684503261814306e-05
5.876537948290241729e+03,7.262389000316636922e-01,-1.411655082275660814e-05,8.449129951382762372e-06,-5.078815946841475998e-05
5.876539616346955881e+03,7.262411627618907684e-01,-1.361196852972170844e-05,8.144536945214328333e-06,-4.882854001430981991e-05
5.876541284403670033e+03,7.262433453337236999e-01,-1.312264769320393297e-05,7.849143015787015393e-06,-4.693598860340852431e-05
5.876542952460383276e+03,7.262454502287536418e-01,-1.264824693548945628e-05,7.562743417535359422e-06,-4.510855246995081210e-05
5.876544620517097428e+03,7.262474798642480911e-01,-1.218842780515789204e-05,7.285135113102701612e-06,-4.334432349102775809e-05
5.876546288573811580e+03,7.262494365944532904e-01,-1.174285494091689989e-05,7.016116873263273247e-06,-4.164143753851014631e-05
5.876547956630525732e+03,7.262513227118878589e-01,-1.131119622528016417e-05,6.755489370767482294e-06,-3.999807381921402570e-05
5.876549624687238975e+03,7.262531404486155528e-01,-1.089312293262507189e-05,6.503055270828147706e-06,-3.841245423015767564e-05
5.876551292743953127e+03,7.262548919774963752e-01,-1.048830986804079631e-05,6.258619316098115925e-06,-3.688284270217477551e-05
5.876552960800667279e+03,7.262565794134155928e-01,-1.009643550117093585e-05,6.021988408671211343e-06,-3.540754455932353247e-05
5.876554628857381431e+03,7.262582048145002078e-01,-9.717182090156463868e-06,5.792971686158179432e-06,-3.398490586838403985e-05
5.876556296914094673e+03,7.262597701833131136e-01,-9.350235799632746121e-06,5.571380594127111953e-06,-3.261331279805175710e-05
5.876557964970808825e+03,7.262612774680317074e-01,-8.995286809821683780e-06,5.357028953294867429e-06,-3.129119097136094012e-05
5.876559633027522977e+03,7.262627285636038543e-01,-8.652029420868644058e-06,5.149733023518828060e-06,-3.001700483386374828e-05
5.876561301084237130e+03,7.262641253128905294e-01,-8.320162146791083973e-06,4.949311562469919904e-06,-2.878925700782154426e-05
5.876562969140950372e+03,7.262654695077899181e-01,-7.999387804564930563e-06,4.755585880196504304e-06,-2.760648766239421359e-05
5.876564637197664524e+03,7.262667628903454187e-01,-7.689413594380662952e-06,4.568379889073970921e-06,-2.646727387435272711e-05
5.876566305254378676e+03,7.262680071538324400e-01,-7.389951174774769700e-06,4.387520150625696843e-06,-2.537022900311425804e-05
5.876567973311092828e+03,7.262692039438335412e-01,-7.100716729289925466e-06,4.212835916792726255e-06,-2.431400205845309667e-05
5.876569641367806071e+03,7.262703548592936986e-01,-6.821431027022758535e-06,4.044159168215022143e-06,-2.329727707635175836e-05
5.876571309424520223e+03,7.262714614535634716e-01,-6.551819475877245046e-06,3.881324647777287141e-06,-2.231877249397616454e-05
5.876572977481234375e+03,7.262725252354191863e-01,-6.291612171103767712e-06,3.724169890673959658e-06,-2.137724053337048251e-05
5.876574645537948527e+03,7.262735476700729054e-01,-6.040543935223920615e-06,3.572535250489297332e-06,-2.047146658088948529e-05
5.876576313594661769e+03,7.262745301801651898e-01,-5.798354353442180155e-06,3.426263921564353925e-06,-1.960026857655882207e-05
5.876577981651375922e+03,7.262754741467429831e-01,-5.564787801734936362e-06,3.285201957392998420e-06,-1.876249640166417326e-05
5.876579649708090074e+03,7.262763809102181778e-01,-5.339593470543460480e-06,3.149198286206407727e-06,-1.795703127350718514e-05
5.876581317764804226e+03,7.262772517713151910e-01,-5.122525381494689408e-06,3.018104722349685200e-06,-1.718278514171702126e-05
5.876582985821518378e+03,7.262780879920036625e-01,-4.913342399267942987e-06,2.891775974726640215e-06,-1.643870009112710011e-05
5.876584653878231620e+03,7.262788907964113916e-01,-4.711808237963123532e-06,2.770069651900452013e-06,-1.572374774469393035e-05
5.876586321934945772e+03,7.262796613717281691e-01,-4.517691461881326144e-06,2.652846263796583703e-06,-1.503692867171285309e-05
5.876587989991659924e+03,7.262804008690919577e-01,-4.330765482496784020e-06,2.539969221088430537e-06,-1.437727180643957366e-05
5.876589658048374076e+03,7.262811104044584187e-01,-4.150808549296251170e-06,2.431304830858595229e-06,-1.374383386072876431e-05
5.876591326105087319e+03,7.262817910594613346e-01,-3.977603736923655378e-06,2.326722290004452284e-06,-1.313569875083974867e-05
5.876592994161801471e+03,7.262824438822538253e-01,-3.810938927103956436e-06,2.226093675467217644e-06,-1.255197702087812533e-05
5.876594662218515623e+03,7.262830698883386837e-01,-3.650606787492838909e-06,2.129293932578528267e-06,-1.199180528052022878e-05
5.876596330275229775e+03,7.262836700613818364e-01,-3.496404745347480710e-06,2.036200860256485208e-06,-1.145434563935946535e-05
5.876597998331943018e+03,7.262842453540133691e-01,-3.348134957981898631e-06,1.946695094224642163e-06,-1.093878515065919398e-05
5.876599666388657170e+03,7.262847966886158968e-01,-3.205604279094549016e-06,1.860660087743505177e-06,-1.044433526061190052e-05
5.876601334445371322e+03,7.262853249580945025e-01,-3.068624222271481393e-06,1.777982090549117061e-06,-9.970231260593785509e-06
5.876603002502085474e+03,7.262858310266397943e-01,-2.937010920621118899e-06,1.698550125474968805e-06,-9.515731750466191249e-06
5.876604670558798716e+03,7.262863157304706441e-01,-2.810585083477955732e-06,1.622255963274041988e-06,-9.080118100810702551e-06
5.876606338615512868e+03,7.262867798785688223e-01,-2.689171949950233550e-06,1.548994095483881528e-06,-8.662693925616612000e-06
5.876608006672227020e+03,7.262872242533962019e-01,-2.572601240330839203e-06,1.478661705983886603e-06,-8.262784561429799881e-06
5.876609674728941172e+03,7.262876496116010827e-01,-2.460707104168955484e-06,1.411158640510577096e-06,-7.879736549568237602e-06
5.876611342785654415e+03,7.262880566847111918e-01,-2.353328066447332859e-06,1.346387374992675688e-06,-7.512917128569094307e-06
5.876613010842368567e+03,7.262884461798118085e-01,-2.250306970975617160e-06,1.284252982197092543e-06,-7.161713727626796656e-06
5.876614678899082719e+03,7.262888187802138962e-01,-2.151490922542251819e-06,1.224663097510185276e-06,-6.825533474290392755e-06
5.876616346955796871e+03,7.262891751461062473e-01,-2.056731226263048750e-06,1.167527883176060109e-06,-6.503802702042181552e-06
5.876618015012510114e+03,7.262895159151956381e-01,-1.965883325676140731e-06,1.112759991551881127e-06,-6.195966466868878521e-06
5.876619683069224266e+03,7.262898417033377685e-01,-1.878806738958458013e-06,1.060274527322892627e-06,-5.901488072628175821e-06
5.876621351125938418e+03,7.262901531051502158e-01,-1.795364994060234486e-06,1.009989008998945773e-06,-5.619848601500668021e-06
5.876623019182652570e+03,7.262904506946159522e-01,-1.715425562054200259e-06,9.618233292963872822e-07,-5.350546450472798966e-06
5.876624687239365812e+03,7.262907350256746497e-01,-1.638859789631530005e-06,9.156997150131253040e-07,-5.093096877232480890e-06
5.876626355296079964e+03,7.262910066328005509e-01,-1.565542830350934456e-06,8.715426860324977791e-07,-4.847031551351814421e-06
5.876628023352794116e+03,7.262912660315696822e-01,-1.495353575254683277e-06,8.292790140843988344e-07,-4.611898114751776878e-06
5.876629691409508268e+03,7.262915137192136328e-01,-1.428174582455728986e-06,7.888376806921329251e-07,-4.387259747863766190e-06
5.876631359466221511e+03,7.262917501751618987e-01,-1.363892006189399310e-06,7.501498348533105836e-07,-4.172694742547844466e-06
5.876633027522935663e+03,7.262919758615722365e-01,-1.302395525170627146e-06,7.131487502712146775e-07,-3.967796082995961161e-06
5.876634695579649815e+03,7.262921912238511357e-01,-1.243578270970541991e-06,6.777697825496778656e-07,-3.772171037295223948e-06
5.876636363636363967e+03,7.262923966911586371e-01,-1.187336755509623591e-06,6.439503258545684768e-07,-3.585440748794487275e-06
5.876638031693077210e+03,7.262925926769068230e-01,-1.133570798821811894e-06,6.116297697041650522e-07,-3.407239843526198011e-06
5.876639699749791362e+03,7.262927795792433194e-01,-1.082183456348252418e-06,5.807494554551870792e-07,-3.237216038531574214e-06
5.876641367806505514e+03,7.262929577815245841e-01,-1.033080946605918058e-06,5.512526329928781851e-07,-3.075029761229814922e-06
5.876643035863219666e+03,7.262931276527794244e-01,-9.861725786678035585e-07,5.230844172870196863e-07,-2.920353775730205243e-06
5.876644703919932908e+03,7.262932895481593043e-01,-9.413706799239874187e-07,4.961917450959485325e-07,-2.772872814883283010e-06
5.876646371976647060e+03,7.262934438093802125e-01,-8.985905240213902255e-07,4.705233317593168824e-07,-2.632283221346236782e-06
5.876648040033361212e+03,7.262935907651516532e-01,-8.577502593495622927e-07,4.460296283005636640e-07,-2.498292595588187516e-06
5.876649708090075364e+03,7.262937307315970870e-01,-8.187708377571576538e-07,4.226627786506107909e-07,-2.370619452339599707e-06
5.876651376146788607e+03,7.262938640126636036e-01,-7.815759438369945895e-07,4.003765771965660258e-07,-2.248992882813038335e-06
5.876653044203502759e+03,7.262939909005190486e-01,-7.460919246500329596e-07,3.791264265783726647e-07,-2.133152224062493331e-06
5.876654712260216911e+03,7.262941116759431548e-01,-7.122477203472861849e-07,3.588692960105230847e-07,-2.022846738856956637e-06
5.876656380316931063e+03,7.262942266087037968e-01,-6.799747951017500412e-07,3.395636797746740553e-07,-1.917835296700316050e-06
5.876658048373644306e+03,7.262943359579303593e-01,-6.492070691761205795e-07,3.211695563845446870e-07,-1.817886071880404321e-06
5.876659716430358458e+03,7.262944399724671207e-01,-6.198808512717883941e-07,3.036483479026957522e-07,-1.722776235017468704e-06
5.876661384487072610e+03,7.262945388912297462e-01,-5.919347723238831972e-07,2.869628801196902436e-07,-1.632291667232626560e-06
5.876663052543786762e+03,7.262946329435416848e-01,-5.653097196383782499e-07,2.710773429234430574e-07,-1.546226668565180914e-06
5.876664720600500004e+03,7.262947223494661264e-01,-5.399487722178746682e-07,2.559572513747853489e-07,-1.464383679535918056e-06
5.876666388657214156e+03,7.262948073201290766e-01,-5.157971369345368373e-07,2.415694072824253798e-07,-1.386573008655594515e-06
5.876668056713928308e+03,7.262948880580327726e-01,-4.928020858259986957e-07,2.278818614431350279e-07,-1.312612567185515350e-06
5.876669724770642460e+03,7.262949647573606615e-01,-4.709128942797324609e-07,2.148638764084613474e-07,-1.242327610575686095e-06
5.876671392827355703e+03,7.262950376042714984e-01,-4.500807802552502433e-07,2.024858898659316537e-07,-1.175550483805519512e-06
5.876673060884069855e+03,7.262951067771896696e-01,-4.302588446583131908e-07,1.907194787078133040e-07,-1.112120378381907810e-06
5.876674728940784007e+03,7.262951724470819714e-01,-4.114020127761765078e-07,1.795373237286039326e-07,-1.051883091298718672e-06
5.876676396997498159e+03,7.262952347777312800e-01,-3.934669768356477435e-07,1.689131749914034342e-07,-9.946907944300539171e-07
5.876678065054211402e+03,7.262952939259968987e-01,-3.764121396034227219e-07,1.588218178250677308e-07,-9.404018054916048066e-07
5.876679733110925554e+03,7.262953500420729069e-01,-3.601975592462023507e-07,1.492390395520169698e-07,-8.888803710047397037e-07
5.876681401167639706e+03,7.262954032697326312e-01,-3.447848952433538525e-07,1.401415968653937914e-07,-8.399964489302309953e-07
5.876683069224353858e+03,7.262954537465724503e-01,-3.301373555557507616e-07,1.315071839794310688e-07,-7.936255051744456876e-07
5.876684737281068010e+03,7.262955016042407230e-01,-3.162196449108377035e-07,1.233144012802365497e-07,-7.496483076926402209e-07
5.876686405337781252e+03,7.262955469686667165e-01,-3.029979141713300459e-07,1.155427249899352363e-07,-7.079507331053910638e-07
5.876688073394495405e+03,7.262955899602772103e-01,-2.904397110168796288e-07,1.081724772078467518e-07,-6.684235757220484686e-07
5.876689741451209557e+03,7.262956306942087714e-01,-2.785139317755883547e-07,1.011847969015781139e-07,-6.309623634360913416e-07
5.876691409507923709e+03,7.262956692805114800e-01,-2.671907742981970500e-07,9.456161141548842942e-08,-5.954671767104599994e-07
5.876693077564636951e+03,7.262957058243505459e-01,-2.564416923080800529e-07,8.828560885638074464e-08,-5.618424799373311062e-07
5.876694745621351103e+03,7.262957404261936034e-01,-2.462393503610411610e-07,8.234021103085598675e-08,-5.299969475113338295e-07
5.876696413678065255e+03,7.262957731819995599e-01,-2.365575806531261993e-07,7.670954713317535189e-08,-4.998433050497706294e-07
5.876698081734779407e+03,7.262958041833977862e-01,-2.273713405277126641e-07,7.137842819184180199e-08,-4.712981709641973211e-07
5.876699749791492650e+03,7.262958335178582026e-01,-2.186566711102016283e-07,6.633232207941650357e-08,-4.442819008787936805e-07
5.876701417848206802e+03,7.262958612688645843e-01,-2.103906574010698301e-07,6.155732930450351602e-08,-4.187184450779031064e-07
5.876703085904920954e+03,7.262958875160714367e-01,-2.025513891602475494e-07,5.704015941218419945e-08,-3.945352013763975594e-07
5.876704753961635106e+03,7.262959123354625346e-01,-1.951179230731236388e-07,5.276810809004757080e-08,-3.716628784316121416e-07
5.876706422018348349e+03,7.262959357995013576e-01,-1.880702459653531578e-07,4.872903491270119154e-08,-3.500353614130264304e-07
5.876708090075062501e+03,7.262959579772771956e-01,-1.813892391250955206e-07,4.491134176422684466e-08,-3.295895843444496554e-07
5.876709758131776653e+03,7.262959789346463690e-01,-1.750566437008461307e-07,4.130395189944224868e-08,-3.102654055298414946e-07
5.876711426188490805e+03,7.262959987343639012e-01,-1.690550269973183129e-07,3.789628955109559028e-08,-2.920054828790766285e-07
5.876713094245204047e+03,7.262960174362195209e-01,-1.633677500988107911e-07,3.467826033166084401e-08,-2.747551636741523944e-07
5.876714762301918199e+03,7.262960350971604528e-01,-1.579789362286108779e-07,3.164023208427469466e-08,-2.584623684756013369e-07
5.876716430358632351e+03,7.262960517714129871e-01,-1.528734402751392007e-07,2.877301643347859432e-08,-2.430774842198023057e-07
5.876718098415346503e+03,7.262960675106002739e-01,-1.480368192209728660e-07,2.606785088184643555e-08,-2.285532592620094276e-07
5.876719766472059746e+03,7.262960823638537899e-01,-1.434553035764048854e-07,2.351638151209676649e-08,-2.148447031473656246e-07
5.876721434528773898e+03,7.262960963779229173e-01,-1.391157697273890626e-07,2.111064624144370344e-08,-2.019089894400724189e-07
5.876723102585488050e+03,7.262961095972789716e-01,-1.350057132615742851e-07,1.884305866439406271e-08,-1.897053633047188689e-07
5.876724770642202202e+03,7.262961220642137894e-01,-1.311132230952880889e-07,1.670639238352004114e-08,-1.781950493667262043e-07
5.876726438698915445e+03,7.262961338189384275e-01,-1.274269565887065787e-07,1.469376593177890328e-08,-1.673411665760813310e-07
5.876728106755629597e+03,7.262961448996750891e-01,-1.239361155105841541e-07,1.279862820572465225e-08,-1.571086457623336397e-07
5.876729774812343749e+03,7.262961553427468298e-01,-1.206304227938140899e-07,1.101474438827213165e-08,-1.474641480314153770e-07
5.876731442869057901e+03,7.262961651826606024e-01,-1.175001001114329335e-07,9.336182362414423659e-09,-1.383759865629740658e-07
5.876733110925771143e+03,7.262961744521931884e-01,-1.145358463947529267e-07,7.757299649521044201e-09,-1.298140556465123904e-07
5.876734778982485295e+03,7.262961831824689130e-01,-1.117288169385675511e-07,6.272730834080640662e-09,-1.217497574308190163e-07
5.876736447039199447e+03,7.262961914030334754e-01,-1.090706034000884425e-07,4.877375344349679918e-09,-1.141559329206419746e-07
5.876738115095913599e+03,7.262961991419299990e-01,-1.065532145318739410e-07,3.566385825830854162e-09,-1.070067984183390989e-07
5.876739783152626842e+03,7.262962064257657557e-01,-1.041690575653894030e-07,2.335156821129789677e-09,-1.002778794691266609e-07
5.876741451209340994e+03,7.262962132797817771e-01,-1.019109203874084445e-07,1.179313993845074346e-09,-9.394595325224347474e-08
5.876743119266055146e+03,7.262962197279153598e-01,-9.977195436066507405e-08,9.470369645215117327e-11,-8.798898911598260128e-08
5.876744787322769298e+03,7.262962257928615717e-01,-9.774565774734436294e-08,-9.226171016847952374e-10,-8.238609148917797129e-08
5.876746455379482541e+03,7.262962314961335375e-01,-9.582585992587549394e-08,-1.876390354649871817e-09,-7.711744914006510591e-08
5.876748123436196693e+03,7.262962368581169503e-01,-9.400670607707112576e-08,-2.770166257379043122e-09,-7.216428164384451047e-08
5.876749791492910845e+03,7.262962418981261381e-01,-9.228264258164279933e-08,-3.607312087284801177e-09,-6.750879173805151319e-08
5.876751459549624997e+03,7.262962466344548007e-01,-9.064840298320326872e-08,-4.391020743307462229e-09,-6.313411816809041205e-08
5.876753127606338239e+03,7.262962510844248598e-01,-8.909899445121844864e-08,-5.124318929678918608e-09,-5.902428955116871536e-08
5.876754795663052391e+03,7.262962552644351977e-01,-8.762968489511969890e-08,-5.810074996254086455e-09,-5.516418236437819691e-08
5.876756463719766543e+03,7.262962591900060660e-01,-8.623599054809614278e-08,-6.451006467072413662e-09,-5.153947896534587006e-08
5.876758131776480695e+03,7.262962628758231620e-01,-8.491366412280390936e-08,-7.049687237148569454e-09,-4.813662955431039818e-08
5.876759799833193938e+03,7.262962663357779292e-01,-8.365868337423965339e-08,-7.608554502074551545e-09,-4.494281246710612627e-08
5.876761467889908090e+03,7.262962695830069704e-01,-8.246724021562208707e-08,-8.129915373791022345e-09,-4.194589857037429604e-08
5.876763135946622242e+03,7.262962726299326821e-01,-8.133573032874212375e-08,-8.615953185914847108e-09,-3.913441873952508951e-08
5.876764804003336394e+03,7.262962754882948957e-01,-8.026074311527639373e-08,-9.068733594871433344e-09,-3.649752826485856890e-08
5.876766472060049637e+03,7.262962781691890690e-01,-7.923905218227738980e-08,-9.490210356818947086e-09,-3.402497705680844627e-08
5.876768140116763789e+03,7.262962806830974838e-01,-7.826760620124341789e-08,-9.882230877856632650e-09,-3.170707947823453335e-08
5.876769808173477941e+03,7.262962830399199987e-01,-7.734352015012858290e-08,-1.024654153350543226e-08,-2.953468439200798416e-08
5.876771476230192093e+03,7.262962852490052468e-01,-7.646406699187087310e-08,-1.058479272174639161e-08,-2.749914897892300268e-08
5.876773144286905335e+03,7.262962873191789459e-01,-7.562666971102793397e-08,-1.089854369982358122e-08,-2.559231299496512927e-08
5.876774812343619487e+03,7.262962892587705444e-01,-7.482889368520830543e-08,-1.118926721749283107e-08,-2.380647324062536462e-08
5.876776480400333639e+03,7.262962910756382007e-01,-7.406843939062748417e-08,-1.145835394898787530e-08,-2.213435842686584688e-08
5.876778148457047791e+03,7.262962927771966504e-01,-7.334313555059854431e-08,-1.170711665386622250e-08,-2.056911049892135076e-08
5.876779816513761034e+03,7.262962943704367458e-01,-7.265093242082175545e-08,-1.193679425750056050e-08,-1.910425842395634815e-08
5.876781484570475186e+03,7.262962958619506582e-01,-7.198989556108756902e-08,-1.214855563393298268e-08,-1.773370144813205426e-08
5.876783152627189338e+03,7.262962972579518617e-01,-7.135819976910079755e-08,-1.234350329279778146e-08,-1.645168698783150830e-08
5.876784820683903490e+03,7.262962985642950065e-01,-7.075412337518249293e-08,-1.252267684540447842e-08,-1.525279325405366024e-08
5.876786488740616733e+03,7.262962997864967907e-01,-7.017604278517307168e-08,-1.268705632092203917e-08,-1.413191161256975258e-08
5.876788156797330885e+03,7.262963009297527250e-01,-6.962242728061750245e-08,-1.283756532589957351e-08,-1.308422973591978407e-08
5.876789824854045037e+03,7.262963019989560065e-01,-6.909183407327431977e-08,-1.297507405043500270e-08,-1.210521565563203121e-08
5.876791492910759189e+03,7.262963029987108410e-01,-6.858290355550510961e-08,-1.310040215473931295e-08,-1.119060064610894241e-08
5.876793160967473341e+03,7.262963039333527604e-01,-6.809435489829910138e-08,-1.321432144405264168e-08,-1.033636852196651972e-08
5.876794829024186583e+03,7.262963048069599470e-01,-6.762498171933334257e-08,-1.331755850228127025e-08,-9.538738427529688712e-09
5.876796497080900735e+03,7.262963056233693315e-01,-6.717364808356307933e-08,-1.341079712237339588e-08,-8.794154315848742900e-09
5.876798165137614887e+03,7.262963063861891388e-01,-6.673928461643809807e-08,-1.349468066985741956e-08,-8.099270664214120781e-09
5.876799833194329040e+03,7.262963070988112113e-01,-6.632088486287248140e-08,-1.356981429563192267e-08,-7.450941540471175883e-09
5.876801501251042282e+03,7.262963077644251086e-01,-6.591750183350320873e-08,-1.363676703755461370e-08,-6.846210342887213485e-09
5.876803169307756434e+03,7.262963083860257685e-01,-6.552824464058601852e-08,-1.369607385819087997e-08,-6.282296154522781765e-09
5.876804837364470586e+03,7.262963089664302707e-01,-6.515227548522477432e-08,-1.374823748800061994e-08,-5.756589370428928879e-09
5.876806505421184738e+03,7.262963095082812792e-01,-6.478880654863886673e-08,-1.379373030778563174e-08,-5.266635074841833145e-09
5.876808173477897981e+03,7.262963100140626960e-01,-6.443709728324607490e-08,-1.383299597959640491e-08,-4.810130446142504376e-09
5.876809841534612133e+03,7.262963104861049901e-01,-6.409645171966227547e-08,-1.386645115910571893e-08,-4.384911942946560720e-09
5.876811509591326285e+03,7.262963109265947459e-01,-6.376621585871273990e-08,-1.389448696736199406e-08,-3.988948134123279156e-09
5.876813177648040437e+03,7.262963113375869861e-01,-6.344577540546200827e-08,-1.391747043517730730e-08,-3.620335587420021944e-09
5.876814845704753679e+03,7.262963117210051722e-01,-6.313455335651716904e-08,-1.393574597775302204e-08,-3.277285044124945600e-09
5.876816513761467832e+03,7.262963120786567472e-01,-6.283200796767079618e-08,-1.394963659373213401e-08,-2.958121352729091076e-09
5.876818181818181984e+03,7.262963124122334690e-01,-6.253763062211999271e-08,-1.395944521137325938e-08,-2.661270795567289334e-09
5.876819849874896136e+03,7.262963127233231786e-01,-6.225094397736438259e-08,-1.396545574889694324e-08,-2.385260727360911933e-09
5.876821517931609378e+03,7.262963130134114653e-01,-6.197150005741618797e-08,-1.396793435827947193e-08,-2.128707794174753319e-09
5.876823185988323530e+03,7.262963132838953229e-01,-6.169887868342891361e-08,-1.396713026012870708e-08,-1.890321723203053801e-09
5.876824854045037682e+03,7.262963135360755995e-01,-6.143268558788026609e-08,-1.396327703990320895e-08,-1.668885495378016064e-09
5.876826522101751834e+03,7.262963137711795358e-01,-6.117255119811630836e-08,-1.395659327088419360e-08,-1.463268999286629457e-09
5.876828190158465077e+03,7.262963139903459986e-01,-6.091812881140026075e-08,-1.394728367498291187e-08,-1.272404035242183133e-09
5.876829858215179229e+03,7.262963141946475742e-01,-6.066909351813097237e-08,-1.393553975468672053e-08,-1.095297127487378885e-09
5.876831526271893381e+03,7.262963143850865722e-01,-6.042514079944101647e-08,-1.392154067027213929e-08,-9.310179851660206036e-10
5.876833194328607533e+03,7.262963145626016859e-01,-6.018598529022614375e-08,-1.390545397572564897e-08,-7.786964558994049948e-10
5.876834862385320776e+03,7.262963147280693255e-01,-5.995135960574430690e-08,-1.388743633943555842e-08,-6.375176108575422666e-10
5.876836530442034928e+03,7.262963148823052828e-01,-5.972101320316690411e-08,-1.386763422568555418e-08,-5.067160550977698403e-10
5.876838198498749080e+03,7.262963150260598466e-01,-5.949471120071094350e-08,-1.384618463539616980e-08,-3.855638518393632682e-10
5.876839866555463232e+03,7.262963151601211642e-01,-5.927223518926871311e-08,-1.382321456629924374e-08,-2.734665747706606408e-10
5.876841534612176474e+03,7.262963152850682169e-01,-5.905337785857365588e-08,-1.379884435704654570e-08,-1.697132691743114810e-10
5.876843202668890626e+03,7.262963154015706913e-01,-5.883794743265677323e-08,-1.377318491073365911e-08,-7.376758314450739471e-11
5.876844870725604778e+03,7.262963155102013513e-01,-5.862576344941349904e-08,-1.374634031010679920e-08,1.492409178266767296e-11
5.876846538782318930e+03,7.262963156115088692e-01,-5.841665726651910158e-08,-1.371840749191756366e-08,9.686401369322417816e-11
5.876848206839032173e+03,7.262963157060012831e-01,-5.821047098155859492e-08,-1.368947690798926026e-08,1.725256284952200118e-10
5.876849874895746325e+03,7.262963157941556558e-01,-5.800705689654437473e-08,-1.365963284838085598e-08,2.423475213265609852e-10
5.876851542952460477e+03,7.262963158764077498e-01,-5.780627665748162161e-08,-1.362895396813809737e-08,3.067481743796450303e-10
5.876853211009174629e+03,7.262963159531763413e-01,-5.760800104578338719e-08,-1.359751341127863823e-08,3.661054657713143872e-10
5.876854879065887872e+03,7.262963160248450123e-01,-5.741210905168192358e-08,-1.356537937573413185e-08,4.207790384077038762e-10
5.876856547122602024e+03,7.262963160917716987e-01,-5.721848749613910285e-08,-1.353261534175965498e-08,4.711034042368321306e-10
5.876858215179316176e+03,7.262963161542917989e-01,-5.702703054362456898e-08,-1.349928036924528158e-08,5.173885689811536243e-10
5.876859883236030328e+03,7.262963162127175076e-01,-5.683763919799627733e-08,-1.346542940091364881e-08,5.599237971489438002e-10
5.876861551292743570e+03,7.262963162673377049e-01,-5.665022083269357119e-08,-1.343111355376687985e-08,5.989805293503804443e-10
5.876863219349457722e+03,7.262963163184237292e-01,-5.646468885522948277e-08,-1.339638031808754001e-08,6.348091937697573685e-10
5.876864887406171874e+03,7.262963163662270460e-01,-5.628096225761027494e-08,-1.336127383012712486e-08,6.676439581551606311e-10
5.876866555462886026e+03,7.262963164109830227e-01,-5.609896529494959464e-08,-1.332583507533736359e-08,6.977016691260011454e-10
5.876868223519599269e+03,7.262963164529078197e-01,-5.591862706669558887e-08,-1.329010213588793201e-08,7.251871766471220341e-10
5.876869891576313421e+03,7.262963164922066062e-01,-5.573988131667242583e-08,-1.325411030705234952e-08,7.502868300977383624e-10
5.876871559633027573e+03,7.262963165290662326e-01,-5.556266601194551247e-08,-1.321789236092408886e-08,7.731774002999505899e-10
5.876873227689741725e+03,7.262963165636632246e-01,-5.538692314148073062e-08,-1.318147867046072795e-08,7.940217084606194457e-10
5.876874895746454968e+03,7.262963165961616729e-01,-5.521259844017529928e-08,-1.314489736851764316e-08,8.129699427227835598e-10
5.876876563803169120e+03,7.262963166267103476e-01,-5.503964106514941661e-08,-1.310817455866200297e-08,8.301660322411214147e-10
5.876878231859883272e+03,7.262963166554539107e-01,-5.486800351781914278e-08,-1.307133434272697634e-08,8.457375677791045810e-10
5.876879899916597424e+03,7.262963166825209260e-01,-5.469764125927990781e-08,-1.303439906912178543e-08,8.598078296306181573e-10
5.876881567973310666e+03,7.262963167080332960e-01,-5.452851260470135538e-08,-1.299738939103750690e-08,8.724900416658440693e-10
5.876883236030024818e+03,7.262963167321043745e-01,-5.436057851947117567e-08,-1.296032439355605368e-08,8.838889727479201519e-10
5.876884904086738970e+03,7.262963167548395216e-01,-5.419380245036353213e-08,-1.292322169159636826e-08,8.941006777623847021e-10
5.876886572143453122e+03,7.262963167763352157e-01,-5.402815010611268837e-08,-1.288609756656048264e-08,9.032166291368081731e-10
5.876888240200166365e+03,7.262963167966822731e-01,-5.386358935628200569e-08,-1.284896702607537080e-08,9.113206463446109246e-10
5.876889908256880517e+03,7.262963168159651817e-01,-5.370009009069691310e-08,-1.281184388911234839e-08,9.184889765256766167e-10
5.876891576313594669e+03,7.262963168342601028e-01,-5.353762400966346665e-08,-1.277474091433447459e-08,9.247956791053027754e-10
5.876893244370308821e+03,7.262963168516404222e-01,-5.337616459152447302e-08,-1.273766981819598686e-08,9.303067134094214448e-10
5.876894912427022973e+03,7.262963168681719761e-01,-5.321568692130024420e-08,-1.270064137953772437e-08,9.350838379306192917e-10
5.876896580483736216e+03,7.262963168839170480e-01,-5.305616758774154322e-08,-1.266366550175220778e-08,9.391844495548201100e-10
5.876898248540450368e+03,7.262963168989334806e-01,-5.289758457610654211e-08,-1.262675127764245912e-08,9.426621586252211025e-10
5.876899916597164520e+03,7.262963169132753416e-01,-5.273991720507777840e-08,-1.258990702729464647e-08,9.455648382169402686e-10
5.876901584653878672e+03,7.262963169269905928e-01,-5.258314597513802324e-08,-1.255314039048290661e-08,9.479391084079865848e-10
5.876903252710591914e+03,7.262963169401240870e-01,-5.242725253617313060e-08,-1.251645834552097819e-08,9.498270838935402151e-10
5.876904920767306066e+03,7.262963169527191232e-01,-5.227221960454169505e-08,-1.247986725921251541e-08,9.512669087177416838e-10
5.876906588824020218e+03,7.262963169648151140e-01,-5.211803083980314405e-08,-1.244337296239275534e-08,9.522965182659805754e-10
5.876908256880734370e+03,7.262963169764482529e-01,-5.196467088382422348e-08,-1.240698072448418911e-08,9.529463522384261941e-10
5.876909924937447613e+03,7.262963169876528458e-01,-5.181212513288717865e-08,-1.237069539341783691e-08,9.532511027961084198e-10
5.876911592994161765e+03,7.262963169984575362e-01,-5.166037988288742748e-08,-1.233452130484359798e-08,9.532354983144291688e-10
5.876913261050875917e+03,7.262963170088899689e-01,-5.150942206903011840e-08,-1.229846244239073711e-08,9.529290288780223060e-10
5.876914929107590069e+03,7.262963170189824513e-01,-5.135923940135965702e-08,-1.226252235294075228e-08,9.523528081940664380e-10
5.876916597164303312e+03,7.262963170287562997e-01,-5.120982011342477460e-08,-1.222670430099936084e-08,9.515343272880250577e-10
5.876918265221017464e+03,7.262963170382301659e-01,-5.106115320539055635e-08,-1.219101111793375876e-08,9.504868446053626762e-10
5.876919933277731616e+03,7.262963170474313612e-01,-5.091322801738953404e-08,-1.215544546449047804e-08,9.492374590796813100e-10
5.876921601334445768e+03,7.262963170563778714e-01,-5.076603456326791385e-08,-1.212000962429741315e-08,9.478001906108765976e-10
5.876923269391159010e+03,7.262963170650801326e-01,-5.061956335138228986e-08,-1.208470561380211978e-08,9.461864121827277529e-10
5.876924937447873162e+03,7.262963170735676766e-01,-5.047380511274498871e-08,-1.204953534893441632e-08,9.444227728685439388e-10
5.876926605504587314e+03,7.262963170818477199e-01,-5.032875129831934967e-08,-1.201450033831268151e-08,9.425120474403197010e-10
5.876928273561301467e+03,7.262963170899338072e-01,-5.018439349650126353e-08,-1.197960204305116845e-08,9.404745701673027062e-10
5.876929941618014709e+03,7.262963170978359306e-01,-5.004072387114142293e-08,-1.194484159998891368e-08,9.383131469419536112e-10
5.876931609674728861e+03,7.262963171055820677e-01,-4.989773458005177121e-08,-1.191022018960585637e-08,9.360556632876370723e-10
5.876933277731443013e+03,7.262963171131607831e-01,-4.975541860022797323e-08,-1.187573851961817571e-08,9.336905544856593017e-10
5.876934945788157165e+03,7.262963171205957247e-01,-4.961376873554587080e-08,-1.184139742583967732e-08,9.312400170336244112e-10
5.876936613844870408e+03,7.262963171278937757e-01,-4.947277830585772534e-08,-1.180719749798457398e-08,9.287090488879946312e-10
5.876938281901584560e+03,7.262963171350728109e-01,-4.933244075091419208e-08,-1.177313924145112095e-08,9.261098709855506066e-10
5.876939949958298712e+03,7.262963171421328301e-01,-4.919274977075541209e-08,-1.173922304967876199e-08,9.234530200128406989e-10
5.876941618015012864e+03,7.262963171490591785e-01,-4.905369969255488044e-08,-1.170544896336541851e-08,9.207157192005224535e-10
5.876943286071726106e+03,7.262963171559227993e-01,-4.891528386860031769e-08,-1.167181764115701987e-08,9.179694167387472597e-10
5.876944954128440259e+03,7.262963171626436454e-01,-4.877749771351230181e-08,-1.163832852748653699e-08,9.151341908597397592e-10
5.876946622185154411e+03,7.262963171692852216e-01,-4.864033509462399114e-08,-1.160498204295469966e-08,9.122705779839874423e-10
5.876948290241868563e+03,7.262963171758177738e-01,-4.850379114150376739e-08,-1.157177782607216014e-08,9.093459868310711681e-10
5.876949958298581805e+03,7.262963171823191288e-01,-4.836785970900863546e-08,-1.153871637794117480e-08,9.064483183306883846e-10
5.876951626355295957e+03,7.262963171886979152e-01,-4.823253715935869469e-08,-1.150579665899926627e-08,9.034700430509692035e-10
5.876953294412010109e+03,7.262963171950187480e-01,-4.809781767398108818e-08,-1.147301900190231424e-08,9.004930667550899701e-10
5.876954962468724261e+03,7.262963172012747437e-01,-4.796369685309297260e-08,-1.144038290549259325e-08,8.974944406985522679e-10
5.876956630525437504e+03,7.262963172074500262e-01,-4.783017021030291517e-08,-1.140788793762397364e-08,8.944660705904088291e-10
5.876958298582151656e+03,7.262963172135742385e-01,-4.769723298775705696e-08,-1.137553386516118654e-08,8.914324697796083068e-10
5.876959966638865808e+03,7.262963172196267303e-01,-4.756488105338569530e-08,-1.134332009989132388e-08,8.883742071593002095e-10
5.876961634695579960e+03,7.262963172256262645e-01,-4.743310988866153649e-08,-1.131124630825402366e-08,8.853122862366651673e-10
5.876963302752293203e+03,7.262963172315731741e-01,-4.730191536188800249e-08,-1.127931195489370204e-08,8.822432386023179900e-10
5.876964970809007355e+03,7.262963172374652387e-01,-4.717129338416484831e-08,-1.124751650120258720e-08,8.791668738758725194e-10
5.876966638865721507e+03,7.262963172433086756e-01,-4.704123990437016015e-08,-1.121585941014155608e-08,8.760867925238342294e-10
5.876968306922435659e+03,7.262963172491064823e-01,-4.691175095342491418e-08,-1.118434012043722284e-08,8.730061978204612827e-10
5.876969974979148901e+03,7.262963172548532187e-01,-4.678282272097394942e-08,-1.115295799709056808e-08,8.699204661674078919e-10
5.876971643035863053e+03,7.262963172605594320e-01,-4.665445132776162595e-08,-1.112171247340134361e-08,8.668372876287035551e-10
5.876973311092577205e+03,7.262963172662242339e-01,-4.652663300519841570e-08,-1.109060293820184336e-08,8.637603249879355950e-10
5.876974979149291357e+03,7.262963172718365223e-01,-4.639936433855912295e-08,-1.105962858766075341e-08,8.606666807383690044e-10
5.876976647206004600e+03,7.262963172774207221e-01,-4.627264127424064940e-08,-1.102878903232083299e-08,8.575965072139808163e-10
5.876978315262718752e+03,7.262963172829586256e-01,-4.614646055801499185e-08,-1.099808341674651840e-08,8.545226151194242302e-10
5.876979983319432904e+03,7.262963172884631113e-01,-4.602081857177040758e-08,-1.096751113327230517e-08,8.514557163452641098e-10
5.876981651376147056e+03,7.262963172939287393e-01,-4.589571189651214528e-08,-1.093707147285031455e-08,8.483927541562893957e-10
5.876983319432860299e+03,7.262963172993625038e-01,-4.577113707643918538e-08,-1.090676377341704767e-08,8.453386390854111495e-10
5.876984987489574451e+03,7.262963173047572996e-01,-4.564709078356913665e-08,-1.087658731454407801e-08,8.422906783618372704e-10
5.876986655546288603e+03,7.262963173101208980e-01,-4.552356968965502252e-08,-1.084654139990701879e-08,8.392500752181847015e-10
5.876988323603002755e+03,7.262963173154525220e-01,-4.540057048434828807e-08,-1.081662534420717049e-08,8.362206082384316814e-10
5.876989991659715997e+03,7.262963173207520606e-01,-4.527808998035284489e-08,-1.078683840598283923e-08,8.331978205145821162e-10
5.876991659716430149e+03,7.262963173260208460e-01,-4.515612494456590326e-08,-1.075717989919558282e-08,8.301859041477453323e-10
5.876993327773144301e+03,7.262963173312556586e-01,-4.503467226505834148e-08,-1.072764907750778040e-08,8.271803643839958102e-10
5.876994995829858453e+03,7.262963173364614944e-01,-4.491372876362446847e-08,-1.069824526230644954e-08,8.241868644381161841e-10
5.876996663886571696e+03,7.262963173416405738e-01,-4.479329136385471497e-08,-1.066896772747344490e-08,8.212045149777609073e-10
5.876998331943285848e+03,7.262963173467913425e-01,-4.467335701594669594e-08,-1.063981575514293390e-08,8.182331096190842328e-10
5.877000000000000000e+03,7.262963173519104698e-01,-4.455392271099261819e-08,-1.061078862655407291e-08,8.152716412400422594e-10
